dataset,universe,real,task,is_binary,K,n,p,n_num,n_cat,cat_share,n_train,n_cal,n_test,family_orig,family_strict,family_size_strict,in_F1_main,outside_envelope,K_profile,openml_id,synthetic_family,source,info_n_classes,nan_share_num,num_binary_cols,num_lowcard_cols,num_median_unique,cat_levels_total,cat_levels_max,p_onehot,test_majority,test_minority,test_imb_ratio,test_H_norm,test_n_eff_classes,test_min_count,test_classes_present,ytest_counts_match_raw,pool_majority,pool_classes,test_classes_missing,syn_n_informative,syn_n_redundant,syn_n_noise,syn_snr,syn_fisher_ratio,syn_mean_skewness,syn_max_skewness,syn_mean_kurtosis,syn_max_kurtosis,syn_mean_abs_correlation,syn_max_abs_correlation,n_models_any,n_models_complete10,n_tfm_complete10,n_gbdt_complete10,n_deep_complete10,n_classic_complete10,models_missing_complete10,acc_best,acc_best_model,acc_median_models,acc_worst,acc_spread_models,nll_best,share_models_acc_gt_0.9,eps_mean_models,eps_max_models,share_models_eps_pos,no_empty_any_model,width_mean_models,cov_mean_models,acc_tfm_mean,eps_tfm_mean,nll_tfm_mean,acc_gbdt_mean,eps_gbdt_mean,nll_gbdt_mean,acc_deep_mean,eps_deep_mean,nll_deep_mean,acc_classic_mean,eps_classic_mean,nll_classic_mean,acc_ref5,acc_logreg,acc_knn,cal_min_class_min,cal_min_class_median,cal_n_below_9_max,cal_n_below_19_max,cal_n_below_99_max,n_splits,test_dup_in_pool,test_dup_label_agree,pool_dup_share,conflict_share,acc_margin_best_vs_second,acc_second_model,K_gt_10,n_gt_published,p_gt_published,K_gt_published,tabpfn_v1_subsampled,mitra_support_subsampled,pfnv2_subsample_binds,n_cal_per_class,log10_n,log10_n_cal,lift_best_over_majority,headroom_best_vs_1m_alpha,nonlin_gap_best_minus_logreg,gap_tfm_minus_gbdt_acc,gap_tfm_minus_gbdt_eps
ASP-POTASSCO-classification,D_new62,True,multiclass,False,11,1294,141,140,1,0.0070921985815602,724,311,259,ASP-POTASSCO-classification,ASP-POTASSCO-classification,1,False,True,11,41705.0,,https://www.openml.org/search?type=data&status=active&id=41705&sort=runs,11.0,0.10078383749172,8,11,440.0,2,2,142,0.2007722007722007,0.0154440154440154,13.0,0.9292303692501288,9.283114546872092,4,11,True,0.1990338164251207,11,0,,,,,,,,,,,,12,11,2,3,4,2,tabpfn;PFN-v2;tabpfn25;tabpfn25b;tabpfn26;tabicl;mitra;mitra@v2;tabldm;tabfm;exaone,0.44787644787644787,tabiclv2,0.4007722007722007,0.35212355212355206,0.0957528957528958,1.5852217792442913,0.0,0.0,0.0,0.0,True,6.153387153387154,0.9080379080379081,0.4472972972972973,0.0,1.5880939009404225,0.4368082368082368,0.0,1.918341385516669,0.3774131274131274,0.0,2.2496334513420844,0.38532818532818525,0.0,4.861809127457479,0.41621621621621624,0.36988416988416983,0.4007722007722007,5,5.0,1,4,11,10,0.0038610038610038,1.0,0.0,0.0,0.0011583011583011,tabpfn3,True,False,True,True,False,False,False,28.272727272727273,3.1119342763326814,2.4927603890268375,0.24710424710424717,-0.45212355212355215,0.07799227799227804,0.010489060489060453,0.0
Amazon_employee_access,D_new62,True,binclass,True,2,32769,7,0,7,1.0,18350,7865,6554,Amazon_employee_access,Amazon_employee_access,1,False,True,2,4135.0,,https://www.openml.org/search?type=data&status=active&id=4135&sort=runs,2.0,0.0,0,0,,3865,2358,3865,0.9421727189502592,0.0578272810497406,16.29287598944591,0.3187589646588488,1.2472571715490666,379,2,True,0.9420942208659164,2,0,,,,,,,,,,,,21,20,12,3,3,2,exaone;mlp,0.9453768690875801,tabpfn25b,0.9435993286542569,0.9407842538907536,0.004592615196826522,0.16830140887515296,1.0,0.06137091852303932,0.0682941714983216,1.0,False,0.9386290814769606,0.9006545620994812,0.9440354490896145,0.0631993184823517,0.18384711645176,0.9435306682941715,0.06602583663920249,0.17834330602125884,0.9420048825144948,0.05896144847930013,0.2070608793696879,0.9414784864205064,0.0470323466585291,0.39955377760885147,0.9427097955447055,0.9421727189502592,0.9407842538907536,455,455.0,0,0,0,10,0.9258468111077204,0.9416611733684904,0.9266069044440206,0.0949683438853715,0.0002441257247483,tabpfn25,False,True,False,False,True,True,True,3932.5,4.5154631883732685,3.8956987269593055,0.0032041501373208936,0.045376869087580096,0.0032041501373208936,0.0005047807954429162,-0.0028265181568507824
BLE_RSSI_dataset_for_Indoor_localization,A_published112,True,multiclass,False,3,9984,3,3,0,0.0,5590,2397,1997,BLE_RSSI_dataset_for_Indoor_localization,BLE_RSSI_dataset_for_Indoor_localization,1,True,False,3,,,https://archive.ics.uci.edu/dataset/586/ble+rssi+dataset+for+indoor+localization,3.0,0.0,0,0,47.0,0,0,3,0.343014521782674,0.3169754631947922,1.0821484992101107,0.9994413197404888,2.9981592459647435,633,3,True,0.3428070614748967,3,0,,,,,,,,,,,,22,22,13,3,4,2,,0.7747621432148223,tabfm,0.7355282924386579,0.7295443164747121,0.04521782674011021,0.5177375823259058,0.0,0.0,0.0,0.0,True,1.4987686074566395,0.9149201074338781,0.739335926967374,0.0,0.5848909488184068,0.7387748289100317,0.0,0.6627028226288004,0.7336504757135702,0.0,0.6093031939352163,0.7437906860290435,0.0,0.6251240488085494,0.7407811717576365,0.7295443164747121,0.7580370555833751,760,760.0,0,0,0,10,0.9769654481722584,0.7098923628908252,0.9750845123325405,0.5639476334340383,0.0167250876314472,knn,False,False,False,False,True,False,False,799.0,3.9993045723383487,3.379668034033654,0.4317476214321483,-0.12523785678517774,0.04521782674011021,0.0005610980573423907,0.0
BNG(breast-w),D_new62,True,binclass,True,2,39366,9,9,0,0.0,22044,9448,7874,BNG(breast-w),BNG(breast-w),1,False,True,2,251.0,,https://www.openml.org/search?type=data&status=active&id=251&sort=runs,2.0,0.0,0,0,11991.0,0,0,9,0.6559563119126238,0.3440436880873762,1.9066076042820228,0.9286357740728692,1.903475200840648,2709,2,True,0.6558808586307634,2,0,,,,,,,,,,,,21,20,12,3,3,2,exaone;mlp,0.9891160782321565,tabfm,0.9862458724917449,0.9780289560579121,0.011087122174244457,0.029824166660858194,1.0,0.09619507239014473,0.10005080010160014,1.0,False,0.9038049276098553,0.9026301752603505,0.9867189484378969,0.09780818728304119,0.03689120487152164,0.9865591397849461,0.09774362882059094,0.04114903695154015,0.98500127000254,0.09729489458978913,0.04159451292242844,0.9803022606045212,0.08254381508763013,0.10786957815993638,0.9840563881127762,0.9780289560579121,0.9825755651511303,3251,3251.0,0,0,0,10,0.1750063500127,1.0,0.1749015623015369,0.0,0.0010160020320041,tabicl,False,True,False,False,True,True,True,4724.0,4.595121288140943,3.975339884605458,0.3331597663195327,0.0891160782321565,0.011087122174244457,0.00015980865295073254,6.455846245025099e-05
BNG(cmc),D_new62,True,multiclass,False,3,55296,9,2,7,0.7777777777777778,30965,13271,11060,BNG(cmc),cmc,3,False,True,3,255.0,,https://www.openml.org/search?type=data&status=active&id=255&sort=runs,3.0,0.0,0,0,45046.5,22,4,24,0.4262206148282098,0.2250452079566003,1.8939333065488149,0.9707675180821078,2.9051851546256255,2489,3,True,0.426191337372276,3,0,,,,,,,,,,,,21,20,12,3,3,2,exaone;mlp,0.5911754068716094,tabfm,0.5834041591320073,0.521627486437613,0.06954792043399638,0.8695245574626371,0.0,0.0,0.0,0.0,True,2.08276130198915,0.9011523508137433,0.5799359553948161,0.0,0.8859871776525364,0.5825949367088609,0.0,0.8841833766555679,0.5815400843881857,0.0,0.8857101676957139,0.5419755877034358,0.0,0.9474725252747975,0.5663471971066908,0.521627486437613,0.5623236889692586,2987,2987.0,0,0,0,10,0.0001808318264014,0.5,0.0001808481779546,6.782419967444384e-05,0.0049005424954792,tabpfn25b,False,True,False,False,True,True,True,4423.666666666667,4.742693716462781,4.122903649173324,0.16495479204339963,-0.3088245931283906,0.06954792043399638,-0.0026589813140447394,0.0
BNG(tic-tac-toe),D_new62,True,binclass,True,2,39366,9,0,9,1.0,22044,9448,7874,BNG(tic-tac-toe),BNG(tic-tac-toe),1,False,True,2,137.0,,https://www.openml.org/search?type=data&status=active&id=137&sort=runs,2.0,0.0,0,0,,27,3,27,0.6529083058166116,0.3470916941833883,1.881083058909623,0.931443838107053,1.9071837361256243,2733,2,True,0.6528959735805919,2,0,,,,,,,,,,,,21,21,12,3,4,2,exaone,0.815963931927864,tabfm,0.8085471170942341,0.6523622047244094,0.16360172720345456,0.402353437518713,0.0,0.0,0.0,0.0,True,1.2589136035414927,0.9006138345610023,0.8014097028194057,0.0,0.4265740508434988,0.8108796884260435,0.0,0.4113661189029864,0.8039243078486158,0.0,0.4252380059996642,0.7128079756159512,0.0,0.6988982282233597,0.7716510033020065,0.6523622047244094,0.773253746507493,3279,3279.0,0,0,0,10,0.8674117348234697,0.7907759882869693,0.8676806808078242,0.2455612690404579,0.0004445008890018,tabpfn3,False,True,False,False,True,True,True,4724.0,4.595121288140943,3.975339884605458,0.16305562611125235,-0.08403606807213604,0.16360172720345456,-0.00946998560663781,0.0
Bank_Customer_Churn_Dataset,A_published112,True,binclass,True,2,10000,10,6,4,0.4,5600,2400,2000,churn,churn,5,True,False,2,,,https://www.kaggle.com/datasets/gauravtopre/bank-customer-churn-dataset,2.0,0.0,0,1,265.0,9,3,15,0.7965,0.2035,3.914004914004914,0.7288731060739966,1.6573440289367003,407,2,True,0.79625,2,0,,,,,,,,,,,,22,22,13,3,4,2,,0.8773500000000001,mitra@v2,0.870525,0.81645,0.060900000000000065,0.3088145809120018,0.0,0.0,0.0,0.0,True,1.0923954545454546,0.9042136363636363,0.8733499999999998,0.0,0.31763432730699404,0.8661,0.0,0.3402895813549221,0.8624750000000001,0.0,0.3395352980520915,0.827325,0.0,0.5432637765697672,0.8505900000000001,0.81645,0.8382,489,489.0,0,0,0,10,0.0,,0.0,0.0,0.0001000000000002,tabldm,False,False,False,False,True,False,False,1200.0,4.0,3.380211241711606,0.08085000000000009,-0.022649999999999948,0.060900000000000065,0.007249999999999868,0.0
Basketball_c,A_published112,True,binclass,True,2,1340,11,11,0,0.0,750,322,268,Basketball_c,nba-rookie,2,True,False,2,,,https://www.kaggle.com/datasets/yakhyojon/national-basketball-association-nba,2.0,0.0,0,0,101.0,0,0,11,0.6194029850746269,0.3805970149253731,1.6274509803921569,0.9584625841716452,1.9432379689151336,102,2,True,0.6203358208955224,2,0,,,,,,,,,,,,22,22,13,3,4,2,,0.7085820895522388,tabicl,0.6953358208955224,0.6447761194029851,0.06380597014925371,0.5759304413783078,0.0,0.0,0.0,0.0,True,1.5028324287652643,0.8932666214382632,0.700459242250287,0.0,0.5840830410346309,0.6715174129353234,0.0,1.444965309965416,0.6879664179104478,0.0,0.6003993027269723,0.6912313432835822,0.0,0.6266836584659665,0.6794029850746268,0.6955223880597015,0.6869402985074627,122,122.0,0,0,0,10,0.0261194029850746,0.2857142857142857,0.042910447761194,0.0152817574021012,0.0014925373134327,mitra@v2,False,False,False,False,False,False,False,161.0,3.1271047983648077,2.507855871695831,0.0891791044776119,-0.19141791044776124,0.013059701492537323,0.028941829314963585,0.0
California-Housing-Classification,D_new62,True,binclass,True,2,20640,8,8,0,0.0,11558,4954,4128,California-Housing-Classification,California-Housing-Classification,1,False,True,2,45578.0,,https://www.openml.org/search?type=data&status=active&id=45578&sort=runs,2.0,0.0,0,0,1871.5,0,0,8,0.5002422480620154,0.4997577519379845,1.0009694619486185,0.9999998306734054,1.9999997652635104,2063,2,True,0.5001211240310077,2,0,,,,,,,,,,,,21,21,12,3,4,2,exaone,0.9268895348837208,tabfm,0.9051356589147288,0.8394622093023255,0.08742732558139532,0.17206243327722945,0.5714285714285714,0.010653146917681778,0.04227228682170538,0.5714285714285714,False,1.017844453672942,0.9046292451088963,0.909578892118863,0.018414890180878513,0.21266768697425856,0.9020833333333332,0.00091246770025839,0.2567282662538254,0.8840964147286822,0.0,0.27297702317274763,0.8463299418604651,0.0,0.4082305417996456,0.8797819767441861,0.8394622093023255,0.8531976744186046,2476,2476.0,0,0,0,10,0.0,,0.0,0.0,0.0078488372093022,tabpfn3,False,True,False,False,True,True,True,2477.0,4.314709692955174,3.694956002249818,0.4266472868217054,0.02688953488372081,0.08742732558139532,0.007495558785529766,0.017502422480620124
Cardiovascular-Disease-dataset,D_new62,True,binclass,True,2,70000,11,5,6,0.5454545454545454,39200,16800,14000,Cardiovascular-Disease-dataset,Cardiovascular-Disease-dataset,1,False,True,2,45547.0,,https://www.openml.org/search?type=data&status=active&id=45547&sort=runs,2.0,0.0,0,0,157.0,14,3,19,0.5002857142857143,0.4997142857142857,1.0011435105774729,0.9999997644579398,1.9999996734693968,6996,2,True,0.5003035714285714,2,0,,,,,,,,,,,,21,21,12,3,4,2,exaone,0.7352714285714286,tabfm,0.7314357142857142,0.6782428571428571,0.05702857142857143,0.5415888707624119,0.0,0.0,0.0,0.0,True,1.438374149659864,0.8984717687074829,0.7313511904761906,0.0,0.5460798561131001,0.732045238095238,0.0,0.5650652367453746,0.7310964285714285,0.0,0.5474677801032262,0.6952607142857143,0.0,0.5937725313297832,0.7173314285714285,0.7122785714285714,0.6782428571428571,8395,8395.0,0,0,0,10,0.0003571428571428,0.6,0.0010357142857142,0.0002143967411695,0.0009142857142856,tabldm,False,True,False,False,True,True,True,8400.0,4.845098040014257,4.225309281725863,0.23498571428571424,-0.16472857142857145,0.022992857142857148,-0.0006940476190474554,0.0
Click_prediction_small,D_new62,True,binclass,True,2,39948,3,3,0,0.0,22370,9588,7990,Click_prediction_small,Click_prediction_small,1,False,True,2,,,https://www.openml.org/search?type=data&status=any&sort=runs&order=desc&id=1220,2.0,0.0,0,2,3.0,0,0,3,0.8315394242803504,0.1684605757196495,4.936106983655275,0.6541710832787292,1.573711499624714,1346,2,True,0.8315914637962326,2,0,,,,,,,,,,,,21,21,12,3,4,2,exaone,0.8335794743429286,tabpfn25b,0.8327659574468085,0.7590362953692116,0.07454317897371698,0.4373516002394379,0.0,0.0,0.0,0.0,True,1.323211752786221,0.9094975862685499,0.8266061743846475,0.0,0.44872124415937864,0.8325907384230288,0.0,0.44003329982043504,0.833075719649562,0.0,0.45301887540162594,0.8323216520650814,0.0,0.4992592681421646,0.8324831038798498,0.8323654568210263,0.8322778473091365,1615,1615.0,0,0,0,10,0.9967459324155196,0.833249623304872,0.996933475186182,0.4047619047619047,0.0001001251564454,tabpfn25,False,True,False,False,True,True,True,4794.0,4.601495041204292,3.9817280253616163,0.002040050062578125,-0.06642052565707146,0.0012140175219023108,-0.005984564038381324,0.0
Contaminant-detection-in-packaged-cocoa-hazelnut-spread-jars-using-Microwaves-Sensing-and-Machine-Learning-10.0GHz(Urbinati),A_published112,True,binclass,True,2,2400,30,30,0,0.0,1344,576,480,urbinati-microwave,urbinati-microwave,5,True,False,1,45538.0,,https://www.openml.org/search?type=data&status=active&id=45538&sort=runs,1.0,0.0,0,0,1280.5,0,0,30,0.5166666666666667,0.4833333333333333,1.0689655172413792,0.9991983542636396,1.9988889917352368,232,2,True,0.5041666666666667,2,0,,,,,,,,,,,,22,22,13,3,4,2,,0.9831249999999999,tabfm,0.9419791666666666,0.8647916666666667,0.11833333333333318,0.04738357150821707,0.8636363636363636,0.05140151515151512,0.08874999999999997,0.9090909090909091,False,0.9543276515151514,0.901155303030303,0.9556891025641027,0.07623397435897432,0.12710066862338468,0.9054861111111112,0.017361111111111088,0.35611589617742645,0.9118229166666667,0.021927083333333312,0.27795928106682777,0.8761458333333334,0.0,1.4375549537562018,0.89375,0.8875,0.8647916666666667,286,286.0,0,0,0,10,0.0,,0.0,0.0,0.0154166666666665,tabiclv2,False,False,False,False,False,False,False,288.0,3.380211241711606,2.760422483423212,0.4664583333333332,0.0831249999999999,0.09562499999999996,0.05020299145299145,0.05887286324786323
Contaminant-detection-in-packaged-cocoa-hazelnut-spread-jars-using-Microwaves-Sensing-and-Machine-Learning-10.5GHz(Urbinati),A_published112,True,binclass,True,2,2400,30,30,0,0.0,1344,576,480,urbinati-microwave,urbinati-microwave,5,True,False,1,45539.0,,https://www.openml.org/search?type=data&status=active&id=45539&sort=runs,1.0,0.0,0,0,1110.0,0,0,30,0.5166666666666667,0.4833333333333333,1.0689655172413792,0.9991983542636396,1.9988889917352368,232,2,True,0.5041666666666667,2,0,,,,,,,,,,,,22,22,13,3,4,2,,0.9833333333333334,tabfm,0.9473958333333332,0.8679166666666667,0.11541666666666672,0.04617130821346567,0.8181818181818182,0.04129734848484846,0.08895833333333329,0.9545454545454546,False,0.9772348484848485,0.9146969696969698,0.9626923076923077,0.06543269230769228,0.10256755342086075,0.9095138888888888,0.00527777777777777,0.31314491253779214,0.9027604166666667,0.01020833333333332,0.2546130160279469,0.8719791666666666,0.000625,1.1901646632139105,0.8944999999999999,0.8760416666666666,0.8679166666666667,286,286.0,0,0,0,10,0.0,,0.0,0.0,0.00875,tabpfn3,False,False,False,False,False,False,False,288.0,3.380211241711606,2.760422483423212,0.4666666666666667,0.08333333333333337,0.10729166666666679,0.05317841880341889,0.060154914529914505
Contaminant-detection-in-packaged-cocoa-hazelnut-spread-jars-using-Microwaves-Sensing-and-Machine-Learning-11.0GHz(Urbinati),A_published112,True,binclass,True,2,2400,30,30,0,0.0,1344,576,480,urbinati-microwave,urbinati-microwave,5,True,False,1,45540.0,,https://www.openml.org/search?type=data&status=active&id=45540&sort=runs,1.0,0.0,0,0,1138.5,0,0,30,0.5166666666666667,0.4833333333333333,1.0689655172413792,0.9991983542636396,1.9988889917352368,232,2,True,0.5041666666666667,2,0,,,,,,,,,,,,22,22,13,3,4,2,,0.9637500000000001,tabfm,0.9329166666666666,0.8543749999999999,0.10937500000000022,0.08907332380363166,0.7727272727272727,0.04624999999999997,0.08624999999999998,0.9090909090909091,False,0.9668276515151515,0.8985606060606061,0.9441987179487179,0.07158653846153842,0.15005417166208465,0.8998611111111111,0.008333333333333316,0.3470768205233709,0.9002083333333333,0.015468749999999986,0.28131384420601546,0.8544791666666666,0.0,1.0203515452269256,0.8817083333333333,0.8545833333333333,0.8543749999999999,286,286.0,0,0,0,10,0.0,,0.0,0.0,0.0072916666666668,tabiclv2,False,False,False,False,False,False,False,288.0,3.380211241711606,2.760422483423212,0.4470833333333334,0.06375000000000008,0.10916666666666686,0.04433760683760679,0.0632532051282051
Contaminant-detection-in-packaged-cocoa-hazelnut-spread-jars-using-Microwaves-Sensing-and-Machine-Learning-9.0GHz(Urbinati),A_published112,True,binclass,True,2,2400,30,30,0,0.0,1344,576,480,urbinati-microwave,urbinati-microwave,5,True,False,1,45536.0,,https://www.openml.org/search?type=data&status=active&id=45536&sort=runs,1.0,0.0,0,0,1385.0,0,0,30,0.5166666666666667,0.4833333333333333,1.0689655172413792,0.9991983542636396,1.9988889917352368,232,2,True,0.5041666666666667,2,0,,,,,,,,,,,,22,22,13,3,4,2,,0.9739583333333333,tabfm,0.9323958333333333,0.8410416666666667,0.13291666666666657,0.07083531279785474,0.8181818181818182,0.04733901515151513,0.09312499999999994,0.8636363636363636,False,0.9684943181818181,0.8995075757575759,0.946474358974359,0.07440705128205125,0.13299602049197293,0.9076388888888888,0.0044444444444444306,0.3298438668690181,0.8919791666666667,0.015208333333333317,0.2874138253320312,0.8497916666666667,0.0,0.6989224387825731,0.8845000000000001,0.8585416666666668,0.8410416666666667,286,286.0,0,0,0,10,0.0,,0.0,0.0,0.0147916666666665,tabiclv2,False,False,False,False,False,False,False,288.0,3.380211241711606,2.760422483423212,0.45729166666666654,0.07395833333333324,0.1154166666666665,0.03883547008547028,0.06996260683760681
Contaminant-detection-in-packaged-cocoa-hazelnut-spread-jars-using-Microwaves-Sensing-and-Machine-Learning-9.5GHz(Urbinati),A_published112,True,binclass,True,2,2400,30,30,0,0.0,1344,576,480,urbinati-microwave,urbinati-microwave,5,True,False,1,45537.0,,https://www.openml.org/search?type=data&status=active&id=45537&sort=runs,1.0,0.0,0,0,1197.5,0,0,30,0.5166666666666667,0.4833333333333333,1.0689655172413792,0.9991983542636396,1.9988889917352368,232,2,True,0.5041666666666667,2,0,,,,,,,,,,,,22,22,13,3,4,2,,0.9664583333333334,tabfm,0.9254166666666667,0.8556250000000001,0.11083333333333334,0.0873035229552614,0.5909090909090909,0.033948863636363624,0.08416666666666664,0.8636363636363636,False,0.9824431818181819,0.9020454545454547,0.9403044871794872,0.05400641025641024,0.15139634974555188,0.8827083333333334,0.0067361111111111,0.3871508414134654,0.8872916666666667,0.006145833333333328,0.32304324643059124,0.8667708333333334,0.0,1.1272547708177452,0.8763333333333334,0.8779166666666667,0.8556250000000001,286,286.0,0,0,0,10,0.0,,0.0,0.0,0.0175000000000001,tabiclv2,False,False,False,False,False,False,False,288.0,3.380211241711606,2.760422483423212,0.4497916666666667,0.0664583333333334,0.08854166666666674,0.0575961538461538,0.047270299145299136
Credit_c,D_new62,True,multiclass,False,3,100000,22,17,5,0.2272727272727272,56000,24000,20000,Credit_c,Credit_c,1,False,True,3,,,https://www.kaggle.com/code/clkmuhammed/credit-score-classification-part-1-data-cleaning#B.-Numeric-Column-NaN-Values:-Reassign-Group-Min-Max,3.0,0.0361605882352941,0,1,404.0,6291,6261,6308,0.53175,0.1783,2.982333146382502,0.912292550793358,2.7244206694934827,3566,3,True,0.5317375,3,0,,,,,,,,,,,,21,21,12,3,4,2,exaone,0.831145,tabfm,0.766995,0.642455,0.18869000000000002,0.4138494660825168,0.0,0.0,0.0,0.0,True,1.436015,0.8996638095238095,0.7610183333333334,0.0,0.5542462080422047,0.7785766666666666,0.0,0.5552354020621042,0.73666125,0.0,0.7306020714317828,0.7043075,0.0,1.8307069502034496,0.748869,0.642455,0.76616,4278,4278.0,0,0,0,10,0.0,,0.0,0.0,0.02271,tabiclv2,False,True,False,False,True,True,True,8000.0,5.0,4.380211241711606,0.2993950000000001,-0.068855,0.18869000000000002,-0.01755833333333323,0.0
Customer_Personality_Analysis,A_published112,True,binclass,True,2,2240,24,22,2,0.0833333333333333,1254,538,448,Customer_Personality_Analysis,marketing-campaign,2,True,False,2,,,https://www.kaggle.com/datasets/imakash3011/customer-personality-analysis,2.0,0.0004870129870129,6,8,15.0,13,8,35,0.8504464285714286,0.1495535714285714,5.686567164179104,0.6087219885852236,1.5249077709008396,67,2,True,0.8510044642857143,2,0,,,,,,,,,,,,22,22,13,3,4,2,,0.9029017857142858,mitra@v2,0.8919642857142858,0.8689732142857143,0.03392857142857153,0.250192309934525,0.09090909090909091,4.0584415584415e-05,0.00066964285714285,0.09090909090909091,False,1.042015016233766,0.9088068181818183,0.8958962912087913,6.868131868131769e-05,0.259208941929013,0.8838541666666666,0.0,0.3657995235058095,0.8832031250000001,0.0,0.3122255361406937,0.8738839285714286,0.0,0.5322352535509071,0.8798660714285715,0.8787946428571429,0.8689732142857143,80,80.0,0,0,1,10,0.1272321428571428,0.8947368421052632,0.15234375,0.0078597339782345,0.0020089285714286,tabpfn26,False,False,False,False,False,False,False,269.0,3.3502480183341627,2.7307822756663893,0.052455357142857206,0.0029017857142857872,0.024107142857142883,0.012042124542124721,6.868131868131769e-05
Diabetic_Retinopathy_Debrecen,A_published112,True,binclass,True,2,1151,19,16,3,0.1578947368421052,644,276,231,Diabetic_Retinopathy_Debrecen,Diabetic_Retinopathy_Debrecen,1,True,False,2,,,https://archive.ics.uci.edu/dataset/329/diabetic+retinopathy+debrecen,2.0,0.0,0,0,497.0,6,2,22,0.5324675324675324,0.4675324675324675,1.1388888888888888,0.9969562518473084,1.995784917080894,108,2,True,0.5304347826086957,2,0,,,,,,,,,,,,22,22,13,3,4,2,,0.7606060606060606,tabpfn26,0.7359307359307359,0.6402597402597403,0.12034632034632031,0.4743584544680318,0.0,0.0,0.0,0.0,True,1.4324085005903187,0.9073789846517119,0.7440226440226438,0.0,0.4903838968047135,0.7011544011544011,0.0,0.6939775683884312,0.7265151515151514,0.0,0.5835227617796177,0.6761904761904762,0.0,0.5956242367055777,0.6911688311688312,0.7121212121212122,0.6402597402597403,130,130.0,0,0,0,10,0.0043290043290043,1.0,0.0065217391304347,0.0,0.0060606060606061,tabm,False,False,False,False,False,False,False,138.0,3.0610753236297916,2.4409090820652177,0.2281385281385282,-0.1393939393939394,0.048484848484848464,0.042868242868242756,0.0
E-CommereShippingData,D_new62,True,binclass,True,2,10999,10,6,4,0.4,6159,2640,2200,E-CommereShippingData,shipping,2,False,True,2,,,https://www.kaggle.com/datasets/prachi13/customer-analytics,2.0,0.0,0,3,36.5,13,5,19,0.5968181818181818,0.4031818181818182,1.480270574971815,0.9727814366768384,1.9626207749048077,887,2,True,0.5966587112171837,2,0,,,,,,,,,,,,21,21,12,3,4,2,exaone,0.6792272727272727,tabpfn26,0.6713636363636364,0.6293636363636363,0.04986363636363633,0.5013869445740065,0.0,0.0,0.0,0.0,True,1.4948095238095238,0.8944545454545456,0.6739659090909091,0.0,0.5068982530867435,0.6652121212121213,0.0,0.5995408228958286,0.6659999999999999,0.0,0.5205387081803899,0.6384772727272727,0.0,0.5572650648984794,0.6545181818181818,0.6293636363636363,0.6475909090909091,1065,1065.0,0,0,0,10,0.0,,0.0,0.0,0.000181818181818,tabfm,False,True,False,False,True,False,False,1320.0,4.041353202046975,3.4216039268698313,0.08240909090909088,-0.22077272727272734,0.04986363636363633,0.008753787878787889,0.0
Employee,A_published112,True,binclass,True,2,4653,8,3,5,0.625,2605,1117,931,Employee,Employee,1,True,False,2,,,https://www.kaggle.com/datasets/tawfikelmetwally/employee-dataset,2.0,0.0,0,2,8.0,13,3,16,0.6562835660580022,0.3437164339419978,1.909375,0.9283307554930584,1.903072805382977,320,2,True,0.6560988715744224,2,0,,,,,,,,,,,,22,22,13,3,4,2,,0.8524167561761548,tabpfn25b,0.845703544575725,0.7007518796992481,0.15166487647690663,0.3557885745129648,0.0,0.0,0.0,0.0,True,1.1629186602870811,0.9013231129772485,0.8482855490374287,0.0,0.3655012590148232,0.8384174722520586,0.0,0.4173641282315879,0.8398227712137487,0.0,0.3946493368398607,0.7512889366272825,0.0,1.5374693912126025,0.8035660580021482,0.7007518796992481,0.8018259935553168,384,384.0,0,0,0,10,0.569280343716434,0.8188679245283019,0.5832885545405696,0.0874240299205236,0.0,tabpfn25b,False,False,False,False,False,False,False,558.5,3.667733052533267,3.048053173115609,0.19613319011815256,-0.04758324382384527,0.15166487647690663,0.00986807678537005,0.0
FICO-HELOC-cleaned,A_published112,True,binclass,True,2,9871,23,21,2,0.0869565217391304,5527,2369,1975,heloc,heloc,2,True,False,2,45553.0,,https://www.openml.org/search?type=data&status=active&id=45553&sort=runs,2.0,0.0,0,0,71.0,16,9,37,0.520506329113924,0.479493670886076,1.085533262935586,0.9987863255873378,1.9983181975170483,947,2,True,0.5202634245187436,2,0,,,,,,,,,,,,22,22,13,3,4,2,,0.7499240506329115,PFN-v2,0.7454430379746835,0.7323544303797468,0.017569620253164664,0.5137851934070742,0.0,0.0,0.0,0.0,True,1.4365224395857308,0.911235903337169,0.746449853943525,0.0,0.5191321941739113,0.741451476793249,0.0,0.5383748964805782,0.7376708860759493,0.0,0.5364162378685833,0.7364556962025316,0.0,0.5444076488517999,0.739453164556962,0.7405569620253164,0.7323544303797468,1136,1136.0,0,0,0,10,0.0,,0.0002532928064842,0.0,0.0007088607594937,exaone,False,False,False,False,True,False,False,1184.5,3.994361151908001,3.374565060722765,0.22941772151898743,-0.15007594936708857,0.009367088607595053,0.004998377150276068,0.0
FOREX_audcad-day-High,A_published112,True,binclass,True,2,1834,10,10,0,0.0,1026,441,367,forex,forex,9,True,False,2,41721.0,,https://www.openml.org/search?type=data&status=active&id=41721&sort=runs,2.0,0.0,0,0,1695.0,0,0,10,0.5068119891008175,0.4931880108991825,1.0276243093922652,0.999866104537616,1.9998143900888103,181,2,True,0.5078391274710293,2,0,,,,,,,,,,,,22,22,13,3,4,2,,0.7512261580381472,tabiclv2,0.7370572207084469,0.5760217983651226,0.1752043596730246,0.5057537460002841,0.0,0.0,0.0,0.0,True,1.4874907109239535,0.9140326975476841,0.7416055334311464,0.0,0.5174994736978307,0.6578564940962762,0.0,0.6765098637518271,0.6942779291553134,0.0,0.5834513142820444,0.6611716621253405,0.0,0.9755562173236975,0.6591825613079019,0.7463215258855586,0.5760217983651226,217,217.0,0,0,0,10,0.0,,0.0,0.0,0.003542234332425,tabfm,False,False,False,False,False,False,False,220.5,3.263399331334002,2.6444385894678386,0.2444141689373297,-0.14877384196185284,0.004904632152588628,0.08374903933487021,0.0
FOREX_audcad-hour-High,D_new62,True,binclass,True,2,43825,10,10,0,0.0,24542,10518,8765,FOREX_audcad-hour-High,forex,9,False,True,2,41763.0,,https://www.openml.org/search?type=data&status=active&id=41763&sort=runs,2.0,0.0,0,0,13008.0,0,0,10,0.5146605818596691,0.4853394181403309,1.0604137282557593,0.9993797465402602,1.9991403309369824,4254,2,True,0.5146891043924701,2,0,,,,,,,,,,,,21,21,12,3,4,2,exaone,0.7163833428408443,tabfm,0.7107016543069025,0.5703251568739305,0.14605818596691378,0.5507310703226448,0.0,0.0,0.0,0.0,True,1.5071040121696142,0.9008143862222584,0.711162768587184,0.0,0.5617945316882721,0.6530062749572162,0.0,0.6236155388159682,0.7044837421563035,0.0,0.5743470446424278,0.6387393040501996,0.0,0.6574684312550587,0.6472994865944096,0.7071534512264689,0.5703251568739305,5104,5104.5,0,0,0,10,0.0046776953793496,0.926829268292683,0.0043354249857387,0.0002004639308113,0.0005134055904164,tabpfn25,False,True,False,False,True,True,True,5259.0,4.641721924765832,4.021933166477439,0.20172276098117514,-0.18361665715915576,0.009229891614375374,0.058156493629967776,0.0
FOREX_audchf-day-High,A_published112,True,binclass,True,2,1833,10,10,0,0.0,1026,440,367,forex,forex,9,True,False,2,41875.0,,https://www.openml.org/search?type=data&status=active&id=41875&sort=runs,2.0,0.0,0,0,1723.5,0,0,10,0.5068119891008175,0.4931880108991825,1.0276243093922652,0.999866104537616,1.9998143900888103,181,2,True,0.5068212824010914,2,0,,,,,,,,,,,,22,22,13,3,4,2,,0.764032697547684,LogReg,0.7514986376021798,0.5049046321525885,0.2591280653950955,0.4988847249569589,0.0,0.0,0.0,0.0,True,1.524832796631162,0.9160515234084717,0.7546007126388599,0.0,0.5083589259507216,0.6375113533151681,0.0,0.7549943373762217,0.6141689373297003,0.0,0.6375855371133937,0.6344686648501363,0.0,0.9583273613108847,0.6362942779291554,0.764032697547684,0.5049046321525885,217,217.0,0,0,0,10,0.0,,0.0,0.0,0.0019073569482289,PFN-v2,False,False,False,False,False,False,False,220.0,3.2631624649622166,2.6434526764861874,0.2572207084468665,-0.13596730245231603,0.0,0.1170893593236918,0.0
FOREX_audjpy-day-High,A_published112,True,binclass,True,2,1832,10,10,0,0.0,1025,440,367,forex,forex,9,True,False,2,41882.0,,https://www.openml.org/search?type=data&status=active&id=41882&sort=runs,2.0,0.0,0,0,1754.5,0,0,10,0.5149863760217984,0.4850136239782016,1.0617977528089888,0.9993518689472958,1.999101701371902,178,2,True,0.5133105802047782,2,0,,,,,,,,,,,,22,22,13,3,4,2,,0.7817438692098093,tabiclv2,0.7677111716621254,0.5697547683923705,0.21198910081743882,0.478715791161403,0.0,0.0,0.0,0.0,True,1.4811617537775574,0.916955660143671,0.7737581219870049,0.0,0.4917043791774783,0.6348773841961853,0.0,0.9656757660570428,0.6924386920980927,0.0,0.5821660394840488,0.6677111716621253,0.0,1.6097350718048078,0.6480108991825614,0.7656675749318802,0.5697547683923705,214,214.0,0,0,0,10,0.0,,0.0,0.0,0.0021798365122616,PFN-v2,False,False,False,False,False,False,False,220.0,3.2629254693318317,2.6434526764861874,0.2667574931880109,-0.1182561307901907,0.016076294277929115,0.13888073779081955,0.0
FOREX_audjpy-hour-High,D_new62,True,binclass,True,2,43825,10,10,0,0.0,24542,10518,8765,FOREX_audjpy-hour-High,forex,9,False,True,2,41718.0,,https://www.openml.org/search?type=data&status=active&id=41718&sort=runs,2.0,0.0,0,0,19127.5,0,0,10,0.5150028522532801,0.4849971477467199,1.06186779581275,0.9993504428211072,1.9990997252301672,4251,2,True,0.515031374786081,2,0,,,,,,,,,,,,21,21,12,3,4,2,exaone,0.7248374215630348,tabfm,0.7120479178551056,0.543970336565887,0.18086708499714776,0.5394135339396804,0.0,0.0,0.0,0.0,True,1.5310308858283759,0.9060772009887812,0.7118786841604869,0.0,0.5576058061621015,0.6333675603726944,0.0,0.6417957839517507,0.6797261836851113,0.0,0.5913587275439347,0.6331488876212208,0.0,0.6288444623757222,0.6332800912721049,0.7223274386765545,0.543970336565887,5101,5101.0,0,0,0,10,0.0035367940673131,0.8709677419354839,0.0044780376497432,0.0001432131297797,0.0023388476896747,tabpfn25,False,True,False,False,True,True,True,5259.0,4.641721924765832,4.021933166477439,0.20983456930975464,-0.17516257843696525,0.0025099828864802998,0.07851112378779257,0.0
FOREX_audsgd-hour-High,D_new62,True,binclass,True,2,43825,10,10,0,0.0,24542,10518,8765,FOREX_audsgd-hour-High,forex,9,False,True,2,41865.0,,https://www.openml.org/search?type=data&status=active&id=41865&sort=runs,2.0,0.0,0,0,19869.0,0,0,10,0.5147746719908728,0.4852253280091272,1.0608981895132847,0.9993700538155564,1.999126899788174,4253,2,True,0.514717626925271,2,0,,,,,,,,,,,,21,21,12,3,4,2,exaone,0.7133599543639475,tabfm,0.6901426126640046,0.5278037649743297,0.18555618938961782,0.5509279599643324,0.0,0.0,0.0,0.0,True,1.5705316056827752,0.9043582430119796,0.6893553907586994,0.0,0.5804423084578808,0.6103707929264118,0.0,0.6635519411615215,0.6439247005134056,0.0,0.6181417402430083,0.6168397033656589,0.0,0.6346333124050003,0.6129583571021107,0.705875641756988,0.5278037649743297,5104,5104.0,0,0,0,10,0.0051340559041642,0.9111111111111112,0.0047917855105533,0.0002578353291697,0.0009469480889903,tabpfn25b,False,True,False,False,True,True,True,5259.0,4.641721924765832,4.021933166477439,0.1985852823730747,-0.18664004563605252,0.007484312606959476,0.07898459783228762,0.0
FOREX_audusd-hour-High,D_new62,True,binclass,True,2,43825,10,10,0,0.0,24542,10518,8765,FOREX_audusd-hour-High,forex,9,False,True,2,41843.0,,https://www.openml.org/search?type=data&status=active&id=41843&sort=runs,2.0,0.0,0,0,20670.0,0,0,10,0.5296063890473474,0.4703936109526526,1.1258792141644434,0.9974693651517974,1.9964948702568857,4123,2,True,0.5296063890473474,2,0,,,,,,,,,,,,21,21,12,3,4,2,exaone,0.7093553907586994,tabfm,0.6950713063320023,0.5313177410154022,0.17803764974329717,0.552573501644554,0.0,0.0,0.0,0.0,True,1.552645532828077,0.8996620758971016,0.6828579577866515,0.0,0.5799628646912753,0.6056930975470622,0.0,0.6623382891332208,0.6427210496292071,0.0,0.617955890665913,0.6188876212207644,0.0,0.6312103697531466,0.6109709070165431,0.7063320022818027,0.5314432401597261,4948,4948.0,0,0,0,10,0.0054763262977752,0.8958333333333334,0.0041072447233314,0.0001717868697569,0.0018482601254991,tabiclv2,False,True,False,False,True,True,True,5259.0,4.641721924765832,4.021933166477439,0.179749001711352,-0.19064460924130067,0.003023388476896649,0.07716486023958924,0.0
FOREX_cadjpy-day-High,A_published112,True,binclass,True,2,1834,10,10,0,0.0,1026,441,367,forex,forex,9,True,False,2,41839.0,,https://www.openml.org/search?type=data&status=active&id=41839&sort=runs,2.0,0.0,0,0,1763.0,0,0,10,0.5013623978201635,0.4986376021798365,1.005464480874317,0.9999946443405692,1.999992575493312,183,2,True,0.501704158145876,2,0,,,,,,,,,,,,22,22,13,3,4,2,,0.7348773841961853,mitra,0.721117166212534,0.5136239782016349,0.22125340599455046,0.5512116665056797,0.0,0.0,0.0,0.0,True,1.553022046073817,0.9040252662868465,0.7250681198910082,0.0,0.5586145586693315,0.5954586739327884,0.0,0.7750795418957995,0.6448228882833787,0.0,0.6909163523450211,0.6111716621253406,0.0,0.9688404301366647,0.6017438692098092,0.7087193460490463,0.5136239782016349,220,220.0,0,0,0,10,0.0,,0.0,0.0,0.0040871934604904,tabldm,False,False,False,False,False,False,False,220.5,3.263399331334002,2.6444385894678386,0.23351498637602186,-0.1651226158038147,0.026158038147139018,0.12960944595821977,0.0
FOREX_cadjpy-hour-High,D_new62,True,binclass,True,2,43825,10,10,0,0.0,24542,10518,8765,FOREX_cadjpy-hour-High,forex,9,False,True,2,41833.0,,https://www.openml.org/search?type=data&status=active&id=41833&sort=runs,2.0,0.0,0,0,20293.0,0,0,10,0.5178551055333713,0.4821448944666286,1.0740653099858022,0.9990799282034144,1.9987249162890248,4226,2,True,0.5177980604677695,2,0,,,,,,,,,,,,21,21,12,3,4,2,exaone,0.7188248716486024,tabfm,0.70499714774672,0.5433542498573873,0.1754706217912151,0.5522544727203784,0.0,0.0,0.0,0.0,True,1.5400863825279114,0.9004655963925787,0.6981137098307664,0.0,0.5751000573404002,0.6132724852633581,0.0,0.6649446464308544,0.6662093553907587,0.0,0.6053490627542655,0.6268796349115802,0.0,0.6340905041570915,0.618715345122647,0.710405019965773,0.5433542498573873,5072,5072.0,0,0,0,10,0.0038790644609241,0.9411764705882352,0.0045065601825442,0.0001432131297797,0.0031488876212207,tabldm,False,True,False,False,True,True,True,5259.0,4.641721924765832,4.021933166477439,0.2009697661152311,-0.1811751283513976,0.008419851682829438,0.08484122456740828,0.0
Firm-Teacher_Clave-Direction_Classification,B_tierA_real4,True,multiclass,False,4,10800,16,0,16,1.0,6048,2592,2160,Firm-Teacher_Clave-Direction_Classification,Firm-Teacher_Clave-Direction_Classification,1,True,False,4,,,https://archive.ics.uci.edu/dataset/324/firm+teacher+clave+direction+classification,4.0,0.0,0,0,,32,2,32,0.3986111111111111,0.0379629629629629,10.5,0.8331568155919225,3.1740253072899263,82,4,True,0.3988425925925926,4,0,,,,,,,,,,,,22,22,13,3,4,2,,0.8788888888888889,tabfm,0.8565740740740742,0.7933333333333333,0.0855555555555556,0.31105838933936414,0.0,0.0021780303030302676,0.00518518518518513,0.8181818181818182,False,1.1447874579124577,0.9030660774410776,0.86122150997151,0.003080484330484287,0.35571358521245144,0.8519135802469137,0.0016049382716049,0.3934966903211425,0.849837962962963,0.000763888888888865,0.3843058721568057,0.7985185185185184,0.0,0.6128872157802532,0.8305555555555555,0.8037037037037036,0.7933333333333333,98,98.0,0,0,1,10,0.0,,0.0,0.0,0.0018055555555555,tabpfn3,False,False,False,False,True,False,False,648.0,4.033423755486949,3.413634997198556,0.48027777777777786,-0.02111111111111108,0.07518518518518535,0.009307929724596375,0.0014755460588793871
Fitness_Club_c,A_published112,True,binclass,True,2,1500,6,3,3,0.5,840,360,300,Fitness_Club_c,Fitness_Club_c,1,False,False,2,,,https://www.kaggle.com/datasets/ddosad/datacamps-data-science-associate-certification,2.0,0.0044444444444444,0,0,72.0,15,7,18,0.6966666666666667,0.3033333333333333,2.2967032967032965,0.885327454285928,1.847183836613454,91,2,True,0.6975,2,0,,,,,,,,,,,,22,21,13,2,4,2,xgboost,0.8029999999999999,mitra,0.7943333333333333,0.7606666666666666,0.042333333333333334,0.45242849507847877,0.0,0.0,0.0,0.0,True,1.3481428571428573,0.9112539682539682,0.7974358974358975,0.0,0.45399146296405435,0.7733333333333333,0.0,0.5632641109544906,0.7759166666666666,0.0,0.5243628460521431,0.7843333333333333,0.0,0.8712300368675323,,0.7943333333333333,0.7743333333333333,109,109.0,0,0,0,10,0.0033333333333333,1.0,0.0,0.0,0.002,mitra@v2,False,False,False,False,False,False,False,180.0,3.1760912590556813,2.5563025007672873,0.10633333333333328,-0.09700000000000009,0.0086666666666666,0.024102564102564172,0.0
GAMETES_Epistasis_2-Way_20atts_0.1H_EDM-1_1,A_published112,True,binclass,True,2,1600,20,0,20,1.0,896,384,320,gametes,gametes,2,True,False,2,40646.0,,https://www.openml.org/search?type=data&status=active&id=40646&sort=runs,2.0,0.0,0,0,,60,3,60,0.5,0.5,1.0,1.0,2.0,160,2,True,0.5,2,0,,,,,,,,,,,,22,22,13,3,4,2,,0.686875,tabfm,0.65546875,0.49031250000000004,0.19656249999999997,0.5889474401454994,0.0,0.0,0.0,0.0,True,1.6685937499999997,0.9118039772727272,0.6677163461538462,0.0,0.6129305686737213,0.6111458333333334,0.0,0.7039444556046708,0.5251562500000001,0.0,0.9394895925615983,0.505625,0.0,0.9017225727283958,0.5689375,0.49031250000000004,0.5209374999999999,192,192.0,0,0,0,10,0.003125,1.0,0.0,0.0,0.0,tabpfn25b,False,False,False,False,False,False,False,192.0,3.2041199826559246,2.584331224367531,0.186875,-0.213125,0.19656249999999997,0.05657051282051284,0.0
GAMETES_Heterogeneity_20atts_1600_Het_0.4_0.2_50_EDM-2_001,A_published112,True,binclass,True,2,1600,20,0,20,1.0,896,384,320,gametes,gametes,2,True,False,2,40649.0,,https://www.openml.org/search?type=data&status=active&id=40649&sort=runs,2.0,0.0,0,0,,59,3,59,0.5,0.5,1.0,1.0,2.0,160,2,True,0.5,2,0,,,,,,,,,,,,22,22,13,3,4,2,,0.68625,tabpfn25,0.6678124999999999,0.473125,0.213125,0.551187243524082,0.0,0.0,0.0,0.0,True,1.5766477272727273,0.8953693181818184,0.6682932692307694,0.0,0.5757719038098938,0.6559375,0.0,0.6485231022584119,0.5763281250000001,0.0,0.9143025666533384,0.52984375,0.0,0.6844729950009049,0.6054999999999999,0.473125,0.5865625,192,192.0,0,0,0,10,0.00625,1.0,0.009375,0.0,0.001875,tabpfn26,False,False,False,False,False,False,False,192.0,3.2041199826559246,2.584331224367531,0.18625000000000003,-0.21375,0.213125,0.01235576923076942,0.0
Gender_Gap_in_Spanish_WP,A_published112,True,multiclass,False,3,4746,13,13,0,0.0,2657,1139,950,Gender_Gap_in_Spanish_WP,Gender_Gap_in_Spanish_WP,1,True,False,3,,,https://archive.ics.uci.edu/dataset/852/gender+gap+in+spanish+wp,3.0,0.0,0,0,442.0,0,0,13,0.588421052631579,0.0747368421052631,7.873239436619718,0.7941198551320283,2.392717696728009,71,3,True,0.5882507903055848,3,0,,,,,,,,,,,,22,22,13,3,4,2,,0.6127368421052631,tabfm,0.598578947368421,0.5727368421052631,0.040000000000000036,0.7910559448523504,0.0,0.0,0.0,0.0,True,1.857636363636364,0.9090574162679427,0.6037975708502024,0.0,0.8029863408028508,0.5857543859649122,0.0,0.9869256005776724,0.59,0.0,0.8549229520146848,0.5873157894736842,0.0,0.8760525927125076,0.586378947368421,0.5911578947368421,0.5834736842105264,85,85.0,0,0,1,10,0.0,,0.0,0.0,0.0013684210526315,mitra@v2,False,False,False,False,False,False,False,379.6666666666667,3.6763277338813203,3.0565237240791006,0.02431578947368418,-0.2872631578947369,0.02157894736842103,0.01804318488529011,0.0
GesturePhaseSegmentationProcessed,A_published112,True,multiclass,False,5,9873,32,32,0,0.0,5528,2370,1975,GesturePhaseSegmentationProcessed,GesturePhaseSegmentationProcessed,1,True,False,5,4538.0,,https://www.openml.org/search?type=data&status=active&id=4538&sort=runs,5.0,0.0,0,0,9610.0,0,0,32,0.2987341772151898,0.1012658227848101,2.95,0.9446870507816614,4.574123770972117,200,5,True,0.2988098252722208,5,0,,,,,,,,,,,,22,22,13,3,4,2,,0.8537721518987341,tabfm,0.6930632911392405,0.4678987341772151,0.385873417721519,0.4255669177544165,0.0,9.205983889527728e-06,0.00020253164556961,0.045454545454545456,False,2.1929643268124277,0.9094706559263521,0.738979552093476,1.5579357351508462e-05,0.7098976759857526,0.6757974683544304,0.0,1.1052598907218896,0.5836708860759493,0.0,1.5729068932062638,0.5395443037974683,0.0,4.065023778713296,0.6212962025316455,0.4678987341772151,0.6111898734177215,240,240.0,0,0,0,10,0.0,,0.0,0.0,0.0509873417721518,exaone,False,False,False,False,True,False,False,474.0,3.994449137014036,3.374748346010104,0.5550379746835443,-0.0462278481012659,0.385873417721519,0.06318208373904555,1.5579357351508462e-05
HR_Analytics_Job_Change_of_Data_Scientists,D_new62,True,binclass,True,2,19158,13,3,10,0.7692307692307693,10728,4598,3832,HR_Analytics_Job_Change_of_Data_Scientists,HR_Analytics_Job_Change_of_Data_Scientists,1,False,True,2,,,https://www.kaggle.com/datasets/arashnic/hr-analytics-job-change-of-data-scientists,2.0,0.0,0,0,241.0,192,123,195,0.7507828810020877,0.2492171189979123,3.012565445026178,0.8100349278333879,1.7532538886214837,955,2,True,0.750619861672974,2,0,,,,,,,,,,,,21,21,12,3,4,2,exaone,0.8025574112734863,tabfm,0.7957724425887265,0.7674321503131524,0.03512526096033397,0.42953011206367886,0.0,0.0,0.0,0.0,True,1.2465863902972463,0.9009257878516753,0.7976991997216424,0.0,0.4364421883673053,0.7909968684759917,0.0,0.46033968808004994,0.7893723903966596,0.0,0.452984965091175,0.7736951983298539,0.0,0.47549536450339325,0.7840762004175365,0.7674321503131524,0.7799582463465553,1147,1147.0,0,0,0,10,0.0,,0.0,0.0,0.001278705636743,tabpfn3,False,True,False,False,True,True,True,2299.0,4.282350168923089,3.6625689669332604,0.05177453027139867,-0.09744258872651368,0.03512526096033397,0.006702331245650672,0.0
Heart-Disease-Dataset-(Comprehensive),A_published112,True,binclass,True,2,1190,11,11,0,0.0,666,286,238,Heart-Disease-Dataset-(Comprehensive),Heart-Disease-Dataset-(Comprehensive),1,True,False,2,43672.0,,https://www.openml.org/search?type=data&status=active&id=43672&sort=runs,2.0,0.0,3,6,4.0,0,0,11,0.5504201680672269,0.4495798319327731,1.2242990654205608,0.9926522979872344,1.9898398171979172,107,2,True,0.523109243697479,2,0,,,,,,,,,,,,22,22,13,3,4,2,,0.9277310924369748,tabpfn3,0.913235294117647,0.846218487394958,0.08151260504201685,0.21006962023289436,0.7727272727272727,0.006168831168831162,0.018067226890756283,0.6818181818181818,False,1.0535332314744081,0.9222498090145151,0.9181965093729799,0.008468002585649635,0.24107365395939,0.9159663865546218,0.005882352941176464,0.32768475905595834,0.8637605042016806,0.0,0.45146230521091607,0.8800420168067227,0.00399159663865546,0.38282447859787117,0.9015966386554621,0.8483193277310924,0.9117647058823529,136,136.0,0,0,0,10,0.3571428571428571,1.0,0.3697478991596639,0.0,0.0008403361344537,tabpfn26,False,False,False,False,False,False,False,143.0,3.0755469613925306,2.456366033129043,0.3773109243697479,0.027731092436974802,0.0794117647058824,0.0022301228183581046,0.0025856496444731716
INNHotelsGroup,D_new62,True,binclass,True,2,36275,17,11,6,0.3529411764705882,20314,8706,7255,INNHotelsGroup,INNHotelsGroup,1,False,True,2,,,https://www.kaggle.com/datasets/mariyamalshatta/inn-hotels-group,2.0,0.0,2,7,8.0,61,31,72,0.6723638869745003,0.3276361130254996,2.0521665965502733,0.9124929479549404,1.8822952581305037,2377,2,True,0.6723638869745003,2,0,,,,,,,,,,,,21,20,12,3,3,2,exaone;mlp,0.9064507236388698,tabfm,0.8888008270158512,0.8077050310130944,0.09874569262577537,0.2171209578722136,0.05,0.0008049620951068179,0.01272226050999305,0.25,False,1.0498249483115096,0.9003328738800827,0.8848322995635193,0.0013416034918446965,0.26605898640014297,0.8908568803124283,0.0,0.2598875613181863,0.8742660234321157,0.0,0.3010268952390001,0.8372157133011715,0.0,0.42776848773051,0.8694004135079256,0.8077050310130944,0.8667263955892487,2852,2852.0,0,0,0,10,0.3507925568573398,0.9783889980353636,0.349827705031013,0.0048495691887565,0.0075396278428669,tabpfn3,False,True,False,False,True,True,True,4353.0,4.5596074211097735,3.9398186628213794,0.23408683666436947,0.006450723638869782,0.09874569262577537,-0.006024580748908992,0.0013416034918446965
Insurance,D_new62,True,binclass,True,2,23548,10,3,7,0.7,13186,5652,4710,Insurance,Insurance,1,False,True,2,45064.0,,https://www.openml.org/search?type=data&status=active&id=45064&sort=runs,2.0,0.0,0,0,60.0,70,36,73,0.7575371549893843,0.2424628450106157,3.1243432574430825,0.7991119722920746,1.7400297495902677,1142,2,True,0.7580422550164561,2,0,,,,,,,,,,,,21,21,12,3,4,2,exaone,0.7576008492569002,xgboost,0.7575371549893843,0.7408067940552018,0.01679405520169841,0.5537601431218351,0.0,0.0,0.0,0.0,True,1.592444646648468,0.9021180871499342,0.7575371549893842,0.0,0.5559271758758919,0.7519603680113235,0.0,0.569748840389711,0.7569798301486199,0.0,0.574990716145753,0.7575053078556264,0.0,0.5565109665103294,0.7541783439490448,0.7575371549893843,0.7574734607218685,1368,1368.0,0,0,0,10,0.000212314225053,1.0,0.0003185051491665,0.0001592779400053,6.369426751584584e-05,PFN-v2,False,True,False,False,True,True,True,2826.0,4.371954027140132,3.752202153176521,6.369426751584584e-05,-0.14239915074309983,6.369426751584584e-05,0.005576786978060744,0.0
Intersectional-Bias-Assessment,D_new62,True,binclass,True,2,11000,19,14,5,0.2631578947368421,6160,2640,2200,Intersectional-Bias-Assessment,Intersectional-Bias-Assessment,1,False,True,2,45040.0,,https://www.openml.org/search?type=data&status=active&id=45040&sort=runs,2.0,0.0,0,0,11000.0,12,4,26,0.5031818181818182,0.4968181818181818,1.0128087831655992,0.9999707882090356,1.9999595042688896,1093,2,True,0.5148863636363636,2,0,,,,,,,,,,,,21,21,12,3,4,2,exaone,0.9475,tabpfn3,0.9435454545454546,0.9242272727272727,0.023272727272727334,0.12716511787612067,1.0,0.06722294372294368,0.07445454545454541,1.0,False,0.9327770562770562,0.9020497835497836,0.9450416666666667,0.07178030303030299,0.13415370602541585,0.9405303030303029,0.060863636363636314,0.20390982005196948,0.9404545454545454,0.06521590909090906,0.15381483983657623,0.9294545454545455,0.05343181818181812,0.19966686095152691,0.9360999999999999,0.9242272727272727,0.9346818181818183,1281,1281.0,0,0,0,10,0.0,,0.0,0.0,4.545454545457073e-05,PFN-v2,False,True,False,False,True,False,False,1320.0,4.041392685158225,3.4216039268698313,0.44431818181818183,0.04749999999999999,0.023272727272727334,0.00451136363636373,0.010916666666666672
Is-this-a-good-customer,A_published112,True,binclass,True,2,1723,13,9,4,0.3076923076923077,964,414,345,Is-this-a-good-customer,Is-this-a-good-customer,1,True,False,2,43442.0,,https://www.openml.org/search?type=data&status=active&id=43442&sort=runs,2.0,0.0,2,4,12.0,33,22,42,0.8840579710144928,0.1159420289855072,7.625,0.5175827525559072,1.4315546558344092,40,2,True,0.8867924528301887,2,0,,,,,,,,,,,,22,22,13,3,4,2,,0.8852173913043477,catboost,0.883768115942029,0.8730434782608695,0.012173913043478257,0.3183124050726547,0.0,0.0,0.0,0.0,True,1.0398418972332018,0.90034255599473,0.883567447045708,0.0,0.3271513716116462,0.884830917874396,0.0,0.3651167029493048,0.8790579710144928,0.0,0.5066599136886597,0.8839130434782609,0.0,0.3843391930285408,0.884463768115942,0.883768115942029,0.8840579710144928,47,47.0,0,0,1,10,0.0,,0.0,0.0,0.0002898550724637,xgboost,False,False,False,False,False,False,False,207.0,3.2362852774480286,2.617000341120899,0.00115942028985494,-0.014782608695652288,0.0014492753623187582,-0.0012634708286880514,0.0
JapaneseVowels,A_published112,True,multiclass,False,9,9961,14,14,0,0.0,5577,2391,1993,JapaneseVowels,JapaneseVowels,1,True,False,9,375.0,,https://www.openml.org/search?type=data&status=active&id=375&sort=runs,9.0,0.0,0,0,9892.5,0,0,14,0.1620672353236327,0.0787757150025087,2.0573248407643314,0.98805801035821,8.766918218180603,157,9,True,0.1620230923694779,9,0,,,,,,,,,,,,22,22,13,3,4,2,,0.9998996487706975,tabfm,0.9909182137481183,0.9387355745107877,0.06116407425990977,0.0002893192428833702,1.0,0.09352962641974177,0.1033115905669844,1.0,False,0.9064703735802581,0.9033093098572277,0.9929947122621484,0.09671156740900842,0.022095617680729436,0.9790934938953003,0.10113731393209563,0.06810572412902235,0.9837807325639739,0.09621174109382835,0.058745297338848215,0.9588810837932764,0.056071249372804784,0.2927668178275739,0.9710085298544907,0.9387355745107877,0.9790265930757652,188,188.0,0,0,0,10,0.0,,0.0,0.0,0.0025087807325639,exaone,False,False,False,False,True,False,False,265.6666666666667,3.998302940098541,3.378579576115775,0.8378324134470647,0.09989964877069746,0.06116407425990977,0.0139012183668481,-0.004425746523087207
KDD,A_published112,True,binclass,True,2,5032,45,34,11,0.2444444444444444,2817,1208,1007,KDD,kddcup09-orange,2,True,False,2,45075.0,,https://www.openml.org/search?type=data&status=active&id=45075&sort=runs,2.0,0.0,0,3,321.0,52,11,86,0.506454816285998,0.4935451837140019,1.0261569416498997,0.9998797778831762,1.9998333437013311,497,2,True,0.5016149068322981,2,0,,,,,,,,,,,,22,22,13,3,4,2,,0.807845084409136,tabpfn26,0.7976166832174776,0.7236345580933465,0.08421052631578951,0.36786462931156816,0.0,0.0,0.0,0.0,True,1.236368150221179,0.8973955041978873,0.8002062485677184,0.0,0.37968138919256905,0.7965574313141345,0.0,0.5117221102839905,0.7797666335650447,0.0,0.4696000687643308,0.7408639523336643,0.0,0.5225820176991726,0.7742800397219464,0.7580933465739821,0.7236345580933465,602,602.0,0,0,0,10,0.0,,0.0,0.0,0.0010923535253226,tabpfn25,False,False,False,False,False,False,False,604.0,3.7017406324372124,3.082066934285113,0.30139026812313807,-0.09215491559086397,0.049751737835153964,0.0036488172535839025,0.0
KDDCup09_upselling,A_published112,True,binclass,True,2,5128,49,34,15,0.3061224489795918,2871,1231,1026,KDDCup09_upselling,kddcup09-orange,2,True,False,2,44186.0,,https://www.openml.org/search?type=data&status=active&id=44186&sort=runs,2.0,0.0,0,2,325.0,70,12,104,0.5,0.5,1.0,1.0,2.0,513,2,True,0.5,2,0,,,,,,,,,,,,22,22,13,3,4,2,,0.8154970760233919,tabpfn3,0.8114035087719298,0.7110136452241715,0.1044834307992204,0.35409909834612785,0.0,0.0,0.0,0.0,True,1.2219076732234626,0.8981082757398545,0.8099865047233469,0.0,0.36566383463044233,0.8062703053931125,0.0,0.4762463211505172,0.77729044834308,0.0,0.44947753519740097,0.7237329434697856,0.0,0.5384055945085646,0.7732553606237816,0.7364522417153996,0.7110136452241715,615,615.0,0,0,0,10,0.0,,0.0,0.0,9.746588693959612e-05,tabicl,False,False,False,False,False,False,False,615.5,3.709948016510761,3.090258052931316,0.31549707602339194,-0.08450292397660808,0.07904483430799236,0.003716199330234371,0.0
Long,A_published112,True,binclass,True,2,4477,19,19,0,0.0,2506,1075,896,Long,Long,1,True,False,2,42636.0,,https://www.openml.org/search?type=data&status=active&id=42636&sort=runs,2.0,0.0,0,2,3656.0,0,0,19,0.7165178571428571,0.2834821428571428,2.52755905511811,0.8601521975345587,1.8152297987312032,254,2,True,0.6808154146886345,2,0,,,,,,,,,,,,22,22,13,3,4,2,,0.9998883928571429,tabpfn25,0.9940848214285714,0.8885044642857143,0.11138392857142865,0.00246992623005657,0.9545454545454546,0.0947189529220779,0.11372767857142854,0.9545454545454546,False,0.9081879058441559,0.901065340909091,0.9961280906593407,0.10655048076923074,0.010984151639198098,0.9859002976190476,0.09434523809523805,0.04263130909038284,0.9829520089285714,0.09564732142857138,0.059671199695073805,0.9422433035714286,0.016517857142857115,0.2999055696841125,0.9684375,0.9959821428571429,0.8885044642857143,343,343.0,0,0,0,10,0.0,,0.0,0.0,0.0001116071428571,tabpfn25b,False,False,False,False,False,False,False,537.5,3.6509870943834453,3.031408464251624,0.28337053571428583,0.0998883928571429,0.00390625,0.010227793040293087,0.012205242673992686
MagicTelescope,D_new62,True,binclass,True,2,19020,9,9,0,0.0,10651,4565,3804,MagicTelescope,MagicTelescope,1,False,True,2,1120.0,,https://www.openml.org/search?type=data&status=active&id=1120&sort=runs,2.0,0.0,0,0,18390.0,0,0,9,0.6482649842271293,0.3517350157728706,1.84304932735426,0.9356080339636984,1.912696584756354,1338,2,True,0.6483964248159831,2,0,,,,,,,,,,,,21,21,12,3,4,2,exaone,0.9041535226077814,tabfm,0.8804942166140904,0.8001577287066246,0.10399579390115676,0.24294645907558735,0.047619047619047616,0.0002253267237494343,0.00473186119873812,0.047619047619047616,False,1.068644534575134,0.9052413499574382,0.8868712758499825,0.00039432176656151,0.2785155923323856,0.8753505082369436,0.0,0.31752961016775233,0.8704455835962146,0.0,0.31804872259591754,0.8210436382754995,0.0,0.624213406889809,0.853627760252366,0.8001577287066246,0.8419295478443743,1605,1605.0,0,0,0,10,0.010515247108307,1.0,0.0092008412197686,0.0,0.0082544689800211,mitra@v2,False,True,False,False,True,True,True,2282.5,4.279210512601395,3.659440781870318,0.25588853838065206,0.004153522607781346,0.10399579390115676,0.011520767613038885,0.00039432176656151
Marketing_Campaign,A_published112,True,binclass,True,2,2240,27,19,8,0.2962962962962963,1254,538,448,Marketing_Campaign,marketing-campaign,2,True,False,2,,,https://www.kaggle.com/datasets/rodsaldanha/arketing-campaign,2.0,0.000563909774436,2,4,59.0,25,8,44,0.8504464285714286,0.1495535714285714,5.686567164179104,0.6087219885852236,1.5249077709008396,67,2,True,0.8510044642857143,2,0,,,,,,,,,,,,22,22,13,3,4,2,,0.8915178571428571,tabpfn3,0.8834821428571429,0.871875,0.019642857142857184,0.24719367214519744,0.0,0.002171266233766225,0.00580357142857141,0.5909090909090909,False,1.0362317370129868,0.8973011363636364,0.8854223901098901,0.003674450549450534,0.2533326340280109,0.8827380952380951,0.0,0.5175519239308397,0.8752790178571428,0.0,0.29214040177781125,0.8774553571428572,0.0,0.5152048846168144,0.8806249999999999,0.8758928571428571,0.8790178571428571,80,80.0,0,0,1,10,0.1473214285714285,0.9242424242424242,0.1439732142857142,0.0084286574352799,0.0015625,catboost,False,False,False,False,False,False,False,269.0,3.3502480183341627,2.7307822756663893,0.04107142857142854,-0.008482142857142883,0.015625,0.002684294871795001,0.003674450549450534
Mobile_Price_Classification,A_published112,True,multiclass,False,4,2000,20,14,6,0.3,1120,480,400,Mobile_Price_Classification,Mobile_Price_Classification,1,True,False,4,,,https://www.kaggle.com/datasets/iabhishekofficial/mobile-price-classification,4.0,0.0,0,2,23.5,12,2,26,0.25,0.25,1.0,1.0,4.0,100,4,True,0.25,4,0,,,,,,,,,,,,22,22,13,3,4,2,,0.975,tabfm,0.959625,0.725,0.25,0.06387560140316323,0.8636363636363636,0.07764772727272728,0.12125,1.0,False,0.9544318181818181,0.8943863636363637,0.9630192307692307,0.10328846153846155,0.08136955226980788,0.9115000000000001,0.02008333333333333,0.2774941356227062,0.9305625,0.058625,0.21599325874697364,0.843375,0.035375000000000004,0.7796615144580701,0.8842500000000001,0.96175,0.725,120,120.0,0,0,0,10,0.0,,0.0,0.0,0.0037499999999999,tabpfn25,False,False,False,False,False,False,False,120.0,3.3010299956639813,2.681241237375587,0.725,0.07499999999999996,0.013249999999999984,0.051519230769230595,0.08320512820512822
National_Health_and_Nutrition_Health_Survey,A_published112,True,binclass,True,2,2278,7,7,0,0.0,1275,547,456,National_Health_and_Nutrition_Health_Survey,National_Health_and_Nutrition_Health_Survey,1,True,False,2,,,https://archive.ics.uci.edu/dataset/887/national+health+and+nutrition+health+survey+2013-2014+(nhanes)+age+prediction+subset,2.0,0.0,1,3,101.0,0,0,7,0.8399122807017544,0.1600877192982456,5.2465753424657535,0.6345193657535579,1.5524204745370374,73,2,True,0.8402854006586169,2,0,,,,,,,,,,,,22,22,13,3,4,2,,0.8432017543859649,lightgbm,0.8358552631578946,0.8322368421052632,0.010964912280701733,0.37755657250510183,0.0,0.0,0.0,0.0,True,1.148554625199362,0.8963815789473685,0.8366734143049933,0.0,0.38106013735547223,0.8397660818713449,0.0,0.4119105636724056,0.8335526315789474,0.0,0.4081119966516934,0.8353070175438597,0.0,0.46482449013423544,0.8379824561403508,0.8348684210526317,0.8357456140350876,87,87.0,0,0,1,10,0.0,,0.0,0.0,0.0017543859649122,xgboost,False,False,False,False,False,False,False,273.5,3.3575537197430814,2.737987326333431,0.003289473684210509,-0.056798245614035126,0.008333333333333193,-0.0030926675663516257,0.0
Performance-Prediction,A_published112,True,binclass,True,2,1340,19,19,0,0.0,750,322,268,Performance-Prediction,nba-rookie,2,True,False,2,43812.0,,https://www.openml.org/search?type=data&status=active&id=43812&sort=runs,2.0,0.000432050274941,0,0,76.0,0,0,19,0.6305970149253731,0.3694029850746269,1.707070707070707,0.950212585534002,1.932157346178492,99,2,True,0.6175373134328358,2,0,,,,,,,,,,,,22,22,13,3,4,2,,0.7477611940298508,tabicl,0.7317164179104478,0.6996268656716418,0.048134328358208966,0.5265528309481808,0.0,0.0,0.0,0.0,True,1.488958616010855,0.912601763907734,0.7382606199770378,0.0,0.5306321948266305,0.704726368159204,0.0,0.643854809517548,0.717723880597015,0.0,0.5663202305069275,0.7223880597014926,0.0,0.5837732291883792,0.7117910447761193,0.7298507462686568,0.7149253731343284,123,123.0,0,0,0,10,0.0335820895522388,0.5555555555555556,0.0391791044776119,0.0161904761904761,0.0007462686567163,tabiclv2,False,False,False,False,False,False,False,161.0,3.1271047983648077,2.507855871695831,0.11716417910447763,-0.15223880597014927,0.017910447761193993,0.03353425181783387,0.0
PhishingWebsites,D_new62,True,binclass,True,2,11055,30,0,30,1.0,6190,2654,2211,PhishingWebsites,PhishingWebsites,1,False,True,2,4534.0,,https://www.openml.org/search?type=data&status=active&id=4534&sort=runs,2.0,0.0,0,0,,68,3,68,0.5567616463138851,0.4432383536861148,1.256122448979592,0.9906835348524602,1.9871262489307988,980,2,True,0.5569877883310719,2,0,,,,,,,,,,,,21,21,12,3,4,2,exaone,0.9772953414744461,tabfm,0.9672546359113523,0.929895974672094,0.04739936680235213,0.049576860866278535,1.0,0.0796881393896319,0.09267299864314786,1.0,False,0.9203118606103681,0.9082574142275636,0.9677672244836425,0.08281697572742344,0.07602881570449635,0.9680536710387457,0.08071762400120604,0.08250974871806108,0.9595431931252828,0.07614201718679327,0.11105254807924084,0.9433740388964269,0.0664631388511985,0.24372836025191058,0.9581818181818182,0.929895974672094,0.9568521031207599,1176,1176.0,0,0,0,10,0.6580732700135685,0.9786941580756012,0.6525327905924921,0.0111918319261731,0.0014473089099955,tabiclv2,False,True,False,False,True,False,False,1327.0,4.043558746914733,3.4239009185284166,0.42053369516056094,0.07729534147444606,0.04739936680235213,-0.0002864465551032369,0.002099351726217405
PieChart3,A_published112,True,binclass,True,2,1077,37,37,0,0.0,602,259,216,PieChart3,nasa-mdp,7,True,False,2,1453.0,,https://www.openml.org/search?type=data&status=active&id=1453&sort=runs,2.0,0.0,0,1,76.0,0,0,37,0.875,0.125,7.0,0.5435644431995964,1.4575692649810903,27,2,True,0.875725900116144,2,0,,,,,,,,,,,,22,22,13,3,4,2,,0.8800925925925925,tabpfn25b,0.8756944444444446,0.8648148148148149,0.015277777777777612,0.2764595554703492,0.0,0.0,0.0,0.0,True,1.060563973063973,0.9032407407407408,0.8764957264957265,0.0,0.2802610306413357,0.8753086419753086,0.0,0.3444148892949479,0.8729166666666668,0.0,0.39855502202117954,0.8773148148148148,0.0,0.40179785472237917,0.8761111111111111,0.8796296296296295,0.875,32,32.0,0,0,1,10,0.0,,0.0,0.0,0.0004629629629629,LogReg,False,False,False,False,False,False,False,129.5,3.0322157032979815,2.413299764081252,0.0050925925925925375,-0.019907407407407485,0.0004629629629629983,0.0011870845204179359,0.0
Pima_Indians_Diabetes_Database,A_published112,True,binclass,True,2,768,8,8,0,0.0,429,185,154,Pima_Indians_Diabetes_Database,Pima_Indians_Diabetes_Database,1,True,False,2,,,https://www.kaggle.com/datasets/uciml/pima-indians-diabetes-database,2.0,0.0,0,0,94.0,0,0,8,0.6493506493506493,0.3506493506493506,1.851851851851852,0.9346466439786691,1.9114224174964425,54,2,True,0.6514657980456026,2,0,,,,,,,,,,,,22,22,13,3,4,2,,0.7597402597402597,LogReg,0.753896103896104,0.7272727272727273,0.03246753246753242,0.4487732022797036,0.0,0.0,0.0,0.0,True,1.3114521841794569,0.9048406139315229,0.7533966033966034,0.0,0.45855086744584955,0.7463203463203462,0.0,0.5455120762192621,0.7538961038961038,0.0,0.5443209762913372,0.7435064935064934,0.0,0.6031147822894544,0.7451948051948053,0.7597402597402597,0.7272727272727273,64,64.0,0,0,1,10,0.0,,0.0,0.0,0.0012987012987012,tabm,False,False,False,False,False,False,False,92.5,2.885361220031512,2.2671717284030137,0.11038961038961037,-0.1402597402597403,0.0,0.007076257076257253,0.0
PizzaCutter3,A_published112,True,binclass,True,2,1043,37,37,0,0.0,583,251,209,PizzaCutter3,nasa-mdp,7,True,False,2,1444.0,,https://www.openml.org/search?type=data&status=active&id=1444&sort=runs,2.0,0.0,0,1,75.0,0,0,37,0.8803827751196173,0.1196172248803827,7.36,0.5282595882585933,1.4421883452029818,25,2,True,0.8776978417266187,2,0,,,,,,,,,,,,22,22,13,3,4,2,,0.885645933014354,catboost,0.8794258373205741,0.8751196172248804,0.010526315789473606,0.2536871529991309,0.0,0.0,0.0,0.0,True,1.0597651152675076,0.9078947368421051,0.8790945896209053,0.0,0.2575178098884531,0.880382775119617,0.0,0.31914038711523135,0.8776315789473685,0.0,0.348095885943407,0.8822966507177035,0.0,0.3113151724628055,0.8811483253588517,0.883732057416268,0.8808612440191388,31,31.0,0,0,1,10,0.0,,0.0,0.0,0.0019138755980859,LogReg,False,False,False,False,False,False,False,125.5,3.018284308426531,2.399673721481038,0.0052631578947367474,-0.014354066985646008,0.001913875598085979,-0.0012881854987117913,0.0
Pumpkin_Seeds,A_published112,True,binclass,True,2,2500,12,12,0,0.0,1400,600,500,Pumpkin_Seeds,Pumpkin_Seeds,1,True,False,2,,,https://www.kaggle.com/datasets/muratkokludataset/pumpkin-seeds-dataset,2.0,0.0,0,0,2330.5,0,0,12,0.52,0.48,1.0833333333333333,0.9988455359952018,1.9984002132308607,240,2,True,0.52,2,0,,,,,,,,,,,,22,22,13,3,4,2,,0.8848,exaone,0.875,0.8629999999999999,0.021800000000000153,0.29396311277762066,0.0,0.0005090909090909091,0.0018,0.5909090909090909,False,1.0213909090909092,0.8848545454545454,0.8794153846153846,0.0005846153846153846,0.30357999513683076,0.8728666666666666,0.0011333333333333334,0.47752310470123965,0.8677000000000001,5e-05,0.34352073565151664,0.8684999999999999,0.0,0.49057157388274925,0.8711199999999998,0.874,0.8629999999999999,288,288.0,0,0,0,10,0.0,,0.0,0.0,0.0004,tabpfn3,False,False,False,False,False,False,False,300.0,3.3979400086720375,2.7781512503836434,0.3648,-0.015199999999999991,0.010800000000000032,0.00654871794871803,-0.0005487179487179488
QSAR_biodegradation,A_published112,True,binclass,True,2,1054,41,41,0,0.0,590,253,211,QSAR_biodegradation,QSAR_biodegradation,1,True,False,2,,,https://archive.ics.uci.edu/dataset/254/qsar+biodegradation,2.0,0.0,3,12,16.0,0,0,41,0.6635071090047393,0.3364928909952606,1.971830985915493,0.9214230377255372,1.893982548648012,71,2,True,0.6631079478054567,2,0,,,,,,,,,,,,22,22,13,3,4,2,,0.8848341232227488,tabfm,0.876303317535545,0.8578199052132701,0.027014218009478674,0.28510789461074487,0.0,0.00015079707022834865,0.00142180094786729,0.13636363636363635,False,1.093127962085308,0.9123438173201205,0.8787823550856726,0.00014582573824279847,0.2929424624659011,0.869826224328594,0.0,0.389218386913936,0.8704976303317535,0.0003554502369668225,0.47065395129261345,0.869431279620853,0.0,0.4655185479297169,0.8696682464454977,0.8663507109004739,0.8725118483412322,85,85.0,0,0,1,10,0.0047393364928909,1.0,0.0023724792408066,0.0,0.0014218009478672,exaone,False,False,False,False,False,False,False,126.5,3.022840610876528,2.403120521175818,0.2213270142180095,-0.01516587677725123,0.018483412322274906,0.008956130757078573,0.00014582573824279847
Rain_in_Australia,D_new62,True,multiclass,False,3,145460,18,12,6,0.3333333333333333,81457,34911,29092,Rain_in_Australia,Rain_in_Australia,1,False,True,3,,,https://www.kaggle.com/datasets/jsphyg/weather-dataset-rattle-package,3.0,0.0365100371236078,0,0,415.0,3539,3436,3551,0.7583871854805445,0.0224460332737522,33.78713629402756,0.5713008806822796,1.8731812113685171,653,3,True,0.7583957789082909,3,0,,,,,,,,,,,,21,12,8,0,4,0,tabpfn;PFN-v2;tabicl;mitra;exaone;catboost;lightgbm;xgboost;LogReg;knn,0.8713804482331913,tabfm,0.8531022274164719,0.8422452908015948,0.029135157431596448,0.31583988402912416,0.0,5.728951830972161e-05,0.00030248865667534,0.5833333333333334,False,1.115773523076218,0.9005823479536184,0.8558289220404235,8.464526330261348e-05,0.35620273360806576,,,,0.8465892685274302,2.5780283239378527e-06,0.4478676749632343,,,,,,,784,784.0,0,0,0,10,0.0,,0.0,0.0,0.0147360098996287,tabpfn3,False,True,False,False,True,True,True,11637.0,5.162743583235415,4.542962289039381,0.11299326275264676,-0.02861955176680875,,,
SDSS17,D_new62,True,multiclass,False,3,100000,12,8,4,0.3333333333333333,56000,24000,20000,SDSS17,SDSS17,1,False,True,3,,,https://www.kaggle.com/datasets/fedesoriano/stellar-classification-dataset-sdss17,3.0,0.0,0,0,93199.5,1293,856,1301,0.59445,0.1896,3.1352848101265822,0.8696854601698428,2.5998327962335415,3792,3,True,0.59445,3,0,,,,,,,,,,,,21,21,12,3,4,2,exaone,0.9793049999999999,tabpfn3,0.9759499999999999,0.9160450000000001,0.06325999999999976,0.06298568927407108,1.0,0.08842238095238095,0.09562,1.0,False,0.9115776190476188,0.8999697619047621,0.9756945833333334,0.09339208333333332,0.07796289744395689,0.9759716666666667,0.092095,0.09059618381072243,0.9710037499999999,0.08872000000000001,0.1007594057332257,0.9385300000000001,0.052500000000000005,0.670157181339618,0.9609949999999999,0.9610150000000001,0.9160450000000001,4551,4551.0,0,0,0,10,0.0,,0.0,0.0,0.0007999999999999,tabpfn26,False,True,False,False,True,True,True,8000.0,5.0,4.380211241711606,0.38485499999999984,0.07930499999999985,0.018289999999999806,-0.0002770833333333167,0.0012970833333333237
Shipping,D_new62,True,binclass,True,2,10999,9,5,4,0.4444444444444444,6159,2640,2200,Shipping,shipping,2,False,True,2,45074.0,,https://www.openml.org/search?type=data&status=active&id=45074&sort=runs,2.0,0.0,0,3,8.0,13,5,18,0.5886363636363636,0.4113636363636364,1.430939226519337,0.977210958813574,1.9686558907272471,905,2,True,0.5987043982270712,2,0,,,,,,,,,,,,21,21,12,3,4,2,exaone,0.6906818181818182,tabfm,0.6759999999999999,0.6375454545454545,0.05313636363636365,0.4977851932752905,0.0,0.0,0.0,0.0,True,1.4997792207792207,0.898344155844156,0.6839583333333333,0.0,0.5026544376791973,0.6678333333333333,0.0,0.5566775239420605,0.6712159090909091,0.0,0.5202231057922415,0.64375,0.0,0.5538077867360083,0.6582000000000001,0.6375454545454545,0.6499545454545455,1059,1059.0,0,0,0,10,0.0,,0.0002272985566541,0.0,0.0014545454545453,tabiclv2,False,True,False,False,True,False,False,1320.0,4.041353202046975,3.4216039268698313,0.10204545454545455,-0.20931818181818185,0.05313636363636365,0.016125000000000056,0.0
Telecom_Churn_Dataset,A_published112,True,binclass,True,2,3333,17,14,3,0.1764705882352941,1866,800,667,churn,churn,5,True,False,2,,,https://www.kaggle.com/datasets/mnassrib/telecom-churn-datasets,2.0,0.0,0,1,162.0,55,51,69,0.8545727136431784,0.1454272863568216,5.876288659793815,0.5982777819914056,1.5139082585639745,97,2,True,0.8552138034508627,2,0,,,,,,,,,,,,22,22,13,3,4,2,,0.9743628185907045,tabfm,0.9529985007496251,0.8673163418290855,0.10704647676161905,0.10976263457288767,0.9090909090909091,0.07201172141202122,0.09445277361319337,0.9090909090909091,False,0.9331402480577893,0.8916178274499114,0.9589551378157074,0.08650674662668661,0.14754919247470144,0.9537731134432784,0.08660669665167413,0.2087554910376749,0.9215892053973014,0.04996251874062965,0.2683888686974941,0.8790104947526237,0.0,0.8796430351626451,0.9238680659670164,0.8673163418290855,0.890704647676162,116,116.0,0,0,0,10,0.0,,0.0,0.0,0.00359820089955,mitra@v2,False,False,False,False,False,False,False,400.0,3.52283531366053,2.9030899869919438,0.11979010494752607,0.07436281859070448,0.10704647676161905,0.005182024372428984,-9.995002498751349e-05
UJI_Pen_Characters,D_new62,True,multiclass,False,35,1364,80,80,0,0.0,763,328,273,UJI_Pen_Characters,UJI_Pen_Characters,1,False,True,35,,,https://archive.ics.uci.edu/dataset/160/uji+pen+characters,35.0,0.0348973607038123,0,0,610.5,0,0,80,0.0476190476190476,0.0146520146520146,3.25,0.9858736257684813,33.2855671544988,4,35,True,0.0485792850595783,35,0,,,,,,,,,,,,12,10,2,2,4,2,tabpfn;PFN-v2;tabpfn25;tabpfn25b;tabpfn26;tabicl;mitra;mitra@v2;tabldm;tabfm;exaone;catboost,0.5461538461538462,tabpfn3,0.37234432234432235,0.21135531135531133,0.3347985347985349,1.4912754800167634,0.0,0.0,0.0,0.0,True,14.087509157509157,0.9100000000000001,0.5245421245421246,0.0,1.5993412997052172,0.3113553113553113,0.0,3.0543869822867045,0.38168498168498166,0.0,2.5152613370886905,0.28736263736263734,0.0,8.947940041604708,,0.21135531135531133,0.36336996336996336,5,5.0,9,35,35,10,0.0,,0.0,0.0,0.0432234432234432,tabiclv2,True,False,False,True,False,False,False,9.371428571428572,3.13481437032046,2.515873843711679,0.4985347985347986,-0.3538461538461538,0.3347985347985349,0.21318681318681326,0.0
VulNoneVul,A_published112,True,binclass,True,2,5692,16,16,0,0.0,3187,1366,1139,VulNoneVul,VulNoneVul,1,False,False,2,44150.0,,https://www.openml.org/search?type=data&status=active&id=44150&sort=runs,2.0,0.0,0,0,59.5,0,0,16,0.9894644424934153,0.0105355575065847,93.91666666666669,0.0843229985186939,1.060190118036382,12,2,True,0.9909949483856798,2,0,,,,,,,,,,,,22,21,13,3,3,2,ftt,0.9894644424934154,LogReg,0.9894644424934154,0.9878841088674276,0.001580333625987751,0.04695163287789839,1.0,0.10661398887913369,0.11185250219490779,1.0,False,0.8933860111208665,0.8888833145198376,0.9894509353684071,0.10782737894239205,0.0484924887169805,0.9891425226807141,0.10582382206613984,0.06365768430741821,0.988732806555458,0.10479953175299965,0.06653877175293152,0.9894644424934154,0.10263388937664614,0.07938514222562673,0.9892712906057944,0.9894644424934154,0.9894644424934154,12,12.0,0,1,1,10,0.4091308165057067,0.9978540772532188,0.4227981550625961,0.0005948839976204,0.0,tabicl,False,False,False,False,True,False,False,683.0,3.7552648914122466,3.1354506993455136,1.1102230246251565e-16,0.08946444249341534,0.0,0.0003084126876929938,0.0020035568762522132
Water_Quality_and_Potability,A_published112,True,binclass,True,2,3276,8,8,0,0.0,1834,786,656,water-quality,water-quality,2,True,False,2,,,https://www.kaggle.com/datasets/uom190346a/water-quality-and-potability,2.0,0.0249160561660561,0,0,3276.0,0,0,8,0.6097560975609756,0.3902439024390244,1.5625,0.9649567669505686,1.9520050252023309,256,2,True,0.6099236641221374,2,0,,,,,,,,,,,,22,22,13,3,4,2,,0.6560975609756097,tabpfn3,0.6338414634146341,0.6039634146341463,0.052134146341463405,0.6249135074541655,0.0,0.0,0.0,0.0,True,1.6428630820399113,0.8980044345898004,0.6453212945590994,0.0,0.6320032055442388,0.6105182926829268,0.0,0.7652806409486486,0.6196265243902439,0.0,0.7011136861413132,0.6123475609756098,0.0,0.671689783594408,0.61125,0.6099085365853659,0.6147865853658537,307,307.0,0,0,0,10,0.0,,0.0,0.0,0.0004573170731706,tabfm,False,False,False,False,False,False,False,393.0,3.5153438930883807,2.895422546039408,0.046341463414634076,-0.24390243902439035,0.04618902439024375,0.03480300187617258,0.0
Waterstress,A_published112,True,binclass,True,2,1188,22,22,0,0.0,665,285,238,Waterstress,Waterstress,1,True,False,2,42464.0,,https://www.openml.org/search?type=data&status=active&id=42464&sort=runs,2.0,0.0,0,0,1185.5,0,0,22,0.5168067226890757,0.4831932773109244,1.0695652173913044,0.9991848220670624,1.9988702426363991,115,2,True,0.5042105263157894,2,0,,,,,,,,,,,,22,22,13,3,4,2,,0.8126050420168067,tabfm,0.728781512605042,0.634453781512605,0.17815126050420171,0.42387236882429463,0.0,0.0,0.0,0.0,True,1.4395721925133689,0.897077922077922,0.7542663219133807,0.0,0.497192133380313,0.6507002801120448,0.0,0.7801453538135651,0.6648109243697479,0.0,0.6311337090671758,0.6722689075630253,0.0,0.915386574651966,0.6593277310924369,0.6764705882352942,0.6680672268907564,141,141.0,0,0,0,10,0.0,,0.0021052631578947,0.0,0.0184873949579831,tabiclv2,False,False,False,False,False,False,False,142.5,3.074816440645175,2.45484486000851,0.29579831932773104,-0.0873949579831933,0.13613445378151257,0.10356604180133588,0.0
Wilt,A_published112,True,binclass,True,2,4821,5,5,0,0.0,2699,1157,965,Wilt,Wilt,1,True,False,2,,,https://www.openml.org/search?type=data&id=44489,2.0,0.0,0,0,4646.0,0,0,5,0.9461139896373058,0.0538860103626943,17.557692307692307,0.3026805373586225,1.233434014563983,52,2,True,0.9465767634854771,2,0,,,,,,,,,,,,22,22,13,3,4,2,,0.9934715025906735,tabfm,0.9912435233160621,0.9643523316062176,0.029119170984455933,0.03100178451352124,1.0,0.09748940178991988,0.10383419689119167,1.0,False,0.9025105982100801,0.9000282618935468,0.9920765245117577,0.10035870864886404,0.03332780174988038,0.9844559585492227,0.09892918825561309,0.05852560439300625,0.9876943005181347,0.09569948186528493,0.0475403831764026,0.9647150259067356,0.08025906735751291,0.36557384746773164,0.9765595854922278,0.9643523316062176,0.9650777202072538,62,62.0,0,0,1,10,0.0020725388601036,1.0,0.0,0.0,0.0004145077720206,tabiclv2,False,False,False,False,False,False,False,578.5,3.683137131483007,3.0633333589517497,0.047357512953367764,0.0934715025906735,0.029119170984455933,0.007620565962534909,0.0014295203932509493
abalone,A_published112,True,multiclass,False,3,4177,8,7,1,0.125,2338,1003,836,abalone,abalone,1,True,False,3,1557.0,,https://www.openml.org/search?type=data&status=active&id=1557&sort=runs,3.0,0.0,0,0,880.0,3,3,10,0.34688995215311,0.3169856459330143,1.0943396226415094,0.999370795587175,2.997926961478207,265,3,True,0.3463035019455253,3,0,,,,,,,,,,,,22,22,13,3,4,2,,0.6480861244019139,tabpfn3,0.6380980861244019,0.6069377990430622,0.04114832535885171,0.7397967027554071,0.0,0.0,0.0,0.0,True,1.7311657242279248,0.8874565028273161,0.64205005520795,0.0,0.7457870018641404,0.6223285486443381,0.0,0.8624915257673136,0.6260167464114833,0.0,0.7789486806122483,0.6071172248803828,0.0,0.9326039358818143,0.616244019138756,0.6072966507177033,0.6069377990430622,318,318.0,0,0,0,10,0.0,,0.0,0.0,0.0010765550239234,tabfm,False,False,False,False,False,False,False,334.3333333333333,3.620864475265121,3.0013009330204183,0.3011961722488039,-0.2519138755980861,0.0407894736842106,0.019721506563611935,0.0
ada,A_published112,True,binclass,True,2,4147,48,48,0,0.0,2321,996,830,ada,ada,4,True,False,2,41156.0,,https://www.openml.org/search?type=data&status=active&id=41156&sort=runs,2.0,0.0,42,42,2.0,0,0,48,0.7518072289156627,0.2481927710843373,3.029126213592233,0.808401148921292,1.751269541374595,206,2,True,0.7518842327404281,2,0,,,,,,,,,,,,22,22,13,3,4,2,,0.8655421686746989,exaone,0.8563855421686747,0.8236144578313253,0.041927710843373656,0.2950307030839897,0.0,0.0,0.0,0.0,True,1.0959474260679078,0.894813800657174,0.8576645041705283,0.0,0.31301022385820276,0.8562650602409639,0.0,0.3325298323549141,0.843222891566265,0.0,0.3737512729554416,0.830301204819277,0.0,0.3634226714562026,0.8458795180722893,0.836987951807229,0.8236144578313253,247,247.0,0,0,0,10,0.0,,0.0006029544769369,0.0,0.0033734939759035,tabfm,False,False,False,False,False,False,False,498.0,3.617734035364018,2.998259338423699,0.11373493975903626,-0.034457831325301114,0.02855421686746995,0.0013994439295643701,0.0
ada_agnostic,A_published112,True,binclass,True,2,4562,48,48,0,0.0,2554,1095,913,ada,ada,4,True,False,2,,,https://www.openml.org/search?type=data&status=any&sort=runs&order=desc&id=1043,2.0,0.0,42,42,2.0,0,0,48,0.7513691128148959,0.248630887185104,3.0220264317180616,0.8091009117480917,1.7521191807918162,227,2,True,0.7519868457111537,2,0,,,,,,,,,,,,22,22,13,3,4,2,,0.8547645125958379,tabfm,0.8421139101861992,0.8075575027382257,0.04720700985761217,0.31072595929802105,0.0,0.0,0.0,0.0,True,1.1377377277705865,0.900985761226725,0.844772095374505,0.0,0.33318144622844037,0.840489229645856,0.0,0.3542668205786576,0.8329682365826944,0.0,0.3696391454115352,0.8212486308871851,0.0,0.38344914381406736,0.8327929901423877,0.8349397590361447,0.8075575027382257,272,272.0,0,0,0,10,0.0,,0.0005480953685941,0.0,0.0023001095290252,exaone,False,False,False,False,False,False,False,547.5,3.6591552809406296,3.0394141191761372,0.10339539978094192,-0.04523548740416217,0.019824753559693153,0.004282865728648999,0.0
ada_prior,A_published112,True,binclass,True,2,4562,14,6,8,0.5714285714285714,2554,1095,913,ada,ada,4,True,False,2,1037.0,,https://www.openml.org/search?type=data&status=active&id=1037&sort=runs,2.0,0.0,0,0,71.0,97,40,103,0.7513691128148959,0.248630887185104,3.0220264317180616,0.8091009117480917,1.7521191807918162,227,2,True,0.7519868457111537,2,0,,,,,,,,,,,,22,22,13,3,4,2,,0.8596933187294633,exaone,0.8446878422782038,0.825301204819277,0.03439211391018626,0.32131176078553486,0.0,0.0,0.0,0.0,True,1.1076222244349296,0.8911032559992034,0.8495155446962676,0.0,0.3428668522701989,0.8451989777290981,0.0,0.3668436874180736,0.8374041621029573,0.0,0.3801448884805113,0.8265607886089813,0.0,0.4205997716658336,0.8377437020810514,0.8278203723986856,0.825301204819277,272,272.0,0,0,0,10,0.0,,0.0,0.0,0.0030668127053669,tabfm,False,False,False,False,False,False,False,547.5,3.6591552809406296,3.0394141191761372,0.10832420591456737,-0.040306681270536715,0.03187294633077775,0.004316566967169422,0.0
adult,D_new62,True,binclass,True,2,48842,14,6,8,0.5714285714285714,22792,9769,16281,adult,ada,4,False,True,2,,,https://archive.ics.uci.edu/dataset/2/adult,,0.0,0,0,97.5,102,42,108,0.7637737239727289,0.236226276027271,3.233229329173167,0.788708184990964,1.7275269112933205,3846,2,True,0.7591904425539756,2,0,,,,,,,,,,,,21,21,12,3,4,2,exaone,0.8763896566549967,tabfm,0.860800933603587,0.8256249616116946,0.050764695043302055,0.271129995079329,0.0,0.0,0.0,0.0,True,1.0885022272529183,0.8993898818663881,0.8622402391335505,0.0,0.2990746060185773,0.8715558012407101,0.0,0.27999795796962834,0.8578895645230636,0.0,0.3072950738006717,0.8325962778699096,0.0,0.3992656876894932,0.8559719918923898,0.8256249616116946,0.8395675941281248,2352,2352.0,0,0,0,10,0.0015969535040845,0.8846153846153846,0.0015048677866158,3.073518564052127e-05,0.0043793378785087,lightgbm,False,True,False,False,True,True,True,4884.5,4.688793439285537,3.9898501096031804,0.11261593268226777,-0.023610343345003337,0.050764695043302055,-0.009315562107159558,0.0
airlines_seed_0_nrows_2000_nclasses_10_ncols_100_stratify_True,A_published112,True,binclass,True,2,2000,7,3,4,0.5714285714285714,1120,480,400,airlines_seed_0_nrows_2000_nclasses_10_ncols_100_stratify_True,airlines_seed_0_nrows_2000_nclasses_10_ncols_100_stratify_True,1,True,False,2,44528.0,,https://www.openml.org/search?type=data&status=active&id=44528&sort=runs,2.0,0.0,0,0,513.0,416,196,419,0.555,0.445,1.247191011235955,0.9912540071703688,1.9879121563051896,178,2,True,0.554375,2,0,,,,,,,,,,,,22,22,13,3,4,2,,0.627,catboost,0.610375,0.55125,0.07574999999999998,0.637444741240679,0.0,0.0,0.0,0.0,True,1.665147727272727,0.9092840909090909,0.6098846153846155,0.0,0.6425283616411535,0.6106666666666667,0.0,0.7562644286127852,0.587875,0.0,0.7313377038967286,0.58175,0.0,1.1623222433506433,0.5991,0.5925,0.571,214,214.0,0,0,0,10,0.005,0.5,0.00125,0.0,0.0067499999999999,tabm,False,False,False,False,False,False,False,240.0,3.3010299956639813,2.681241237375587,0.07199999999999995,-0.273,0.034499999999999975,-0.0007820512820512215,0.0
allbp,A_published112,True,multiclass,False,3,3772,29,6,23,0.7931034482758621,2111,906,755,thyroid-uci,thyroid-uci,6,True,False,3,40707.0,,https://www.openml.org/search?type=data&status=active&id=40707&sort=runs,3.0,0.0,0,0,191.0,48,5,54,0.9562913907284768,0.0039735099337748,240.66666666666663,0.1755592165560141,1.212726963491894,3,3,True,0.9569108385813724,3,0,,,,,,,,,,,,22,22,13,3,4,2,,0.9781456953642383,tabfm,0.9758278145695365,0.9606622516556291,0.017483443708609214,0.06344077296166777,1.0,0.08375677302829618,0.0929801324503311,1.0,False,0.9162432269717038,0.907989163154726,0.9762098828323994,0.08483953132959753,0.07085450943475033,0.9759823399558499,0.08697571743929355,0.12525820023403292,0.9690066225165563,0.08132450331125823,0.15710399566766875,0.9639735099337747,0.07675496688741718,0.4057452965428903,0.9711788079470199,0.9672847682119204,0.9606622516556291,3,3.0,1,1,2,10,0.0211920529801324,1.0,0.0235333112363274,0.0,0.0002649006622515,exaone,False,False,False,False,False,False,False,302.0,3.5765716840652906,2.957128197676813,0.021854304635761546,0.07814569536423832,0.0108609271523179,0.00022754287654946914,-0.0021361861096960283
allrep,A_published112,True,multiclass,False,4,3772,29,6,23,0.7931034482758621,2111,906,755,thyroid-uci,thyroid-uci,6,True,False,4,40708.0,,https://www.openml.org/search?type=data&status=active&id=40708&sort=runs,4.0,0.0,0,0,191.0,48,5,54,0.9668874172185432,0.0092715231788079,104.28571428571428,0.1308616471370391,1.1989099434558357,7,4,True,0.9671859463042758,4,0,,,,,,,,,,,,22,22,13,3,4,2,,0.9859602649006624,tabpfn26,0.9817218543046358,0.9664900662251655,0.01947019867549682,0.034357541836133584,1.0,0.11053582179409989,0.11827814569536418,1.0,False,0.8894641782059001,0.8885310054184227,0.981996943453897,0.11239938869077938,0.04303950782844384,0.9822075055187637,0.11523178807947015,0.10855275313776312,0.9717218543046358,0.10758278145695359,0.10305536681765745,0.9680794701986755,0.0972847682119205,0.18746547520703288,0.9765562913907285,0.9664900662251655,0.9696688741721855,8,8.0,1,3,3,10,0.0225165562913907,1.0,0.0225389459728206,0.0,2.220446049250313e-16,tabfm,False,False,False,False,False,False,False,226.5,3.5765716840652906,2.957128197676813,0.019072847682119143,0.08596026490066233,0.01947019867549682,-0.00021056206486669282,-0.0028323993886907733
analcatdata_authorship,A_published112,True,multiclass,False,4,841,69,69,0,0.0,470,202,169,analcatdata_authorship,analcatdata_authorship,1,True,False,4,458.0,,https://www.openml.org/search?type=data&status=active&id=458&sort=runs,4.0,0.0,0,3,23.0,0,0,69,0.378698224852071,0.0650887573964497,5.818181818181818,0.893769323731528,3.452254077964545,11,4,True,0.3764880952380952,4,0,,,,,,,,,,,,22,22,13,3,4,2,,0.9964497041420118,PFN-v2,0.9908284023668639,0.9840236686390533,0.01242603550295851,0.00876622510465801,1.0,0.08353953738569118,0.0994082840236686,1.0,False,0.9164604626143088,0.9152770306616461,0.9934456076467911,0.08839326354119251,0.01588474516931254,0.9883629191321498,0.08165680473372777,0.06305632263580353,0.9860946745562131,0.07677514792899404,0.15684886058479763,0.9884615384615385,0.06834319526627215,0.13877474529394074,0.9884023668639053,0.9887573964497042,0.9881656804733728,13,13.0,0,1,4,10,0.0,,0.0,0.0,0.0,PFN-v2,False,False,False,False,False,False,False,50.5,2.924795995797912,2.305351369446624,0.6177514792899408,0.09644970414201182,0.007692307692307665,0.005082688514641331,0.006736458807464735
artificial-characters,D_new62,True,multiclass,False,10,10218,7,7,0,0.0,5721,2453,2044,artificial-characters,artificial-characters,1,False,True,10,1459.0,,https://www.openml.org/search?type=data&status=active&id=1459&sort=runs,10.0,0.0,0,1,63.0,0,0,7,0.1384540117416829,0.0587084148727984,2.3583333333333334,0.9888742244516212,9.74707312922066,120,10,True,0.1386102275507707,10,0,,,,,,,,,,,,21,21,12,3,4,2,exaone,0.9652152641878669,tabfm,0.7725048923679061,0.34153620352250486,0.6236790606653619,0.08439147918898818,0.047619047619047616,0.014413847730873139,0.09192759295499017,0.9523809523809523,False,1.5301206784083494,0.899242847824061,0.7670743639921721,0.02423760600130459,0.49286045662930483,0.8587573385518592,0.0015981735159817099,0.4189901252464028,0.7353351272015656,0.0007338551859099599,0.6682421512199852,0.5769324853228963,0.0020547945205479203,1.2061346249589975,0.746027397260274,0.34153620352250486,0.8123287671232877,144,144.0,0,0,0,10,0.8111545988258317,0.9891435464414958,0.8163689747981404,0.0057815845824411,0.0935420743639922,tabm,False,False,False,True,True,False,False,245.3,4.009365898346244,3.3896975482063856,0.8267612524461839,0.06521526418786683,0.6236790606653619,-0.0916829745596871,0.02263943248532288
autoUniv-au7-1100,A_published112,True,multiclass,False,5,1100,12,8,4,0.3333333333333333,616,264,220,autoUniv-au7-1100,autoUniv-au7-1100,1,True,False,5,1552.0,,https://www.openml.org/search?type=data&status=active&id=1552&sort=runs,5.0,0.0,0,3,104.0,10,3,18,0.2772727272727273,0.1409090909090909,1.967741935483871,0.982679805870342,4.862545836117861,31,5,True,0.2772727272727273,5,0,,,,,,,,,,,,22,22,13,3,4,2,,0.43136363636363634,tabfm,0.3861363636363636,0.3013636363636364,0.12999999999999995,1.345566440327564,0.0,0.0,0.0,0.0,True,3.4088636363636367,0.8757024793388432,0.4030769230769231,0.0,1.3873099721451831,0.35651515151515145,0.0,1.7031121915074774,0.32693181818181816,0.0,1.6761828166994546,0.3284090909090909,0.0,1.5826386218458564,0.34527272727272723,0.3336363636363636,0.3231818181818181,37,37.0,0,0,5,10,0.0,,0.0,0.0,0.0063636363636363,exaone,False,False,False,False,False,False,False,52.8,3.041392685158225,2.4216039268698313,0.15409090909090906,-0.4686363636363637,0.09772727272727272,0.04656177156177166,0.0
bank,D_new62,True,binclass,True,2,45211,16,7,9,0.5625,25317,10851,9043,bank,bank,1,False,True,2,,,https://archive.ics.uci.edu/ml/datasets/Bank+Marketing,2.0,0.0,0,0,77.0,44,12,51,0.8830034280659074,0.1169965719340926,7.547258979206049,0.5206655352609749,1.434616904092792,1058,2,True,0.8830181375801813,2,0,,,,,,,,,,,,21,21,12,3,4,2,exaone,0.9129271259537763,tabfm,0.9073537542850824,0.8908437465442883,0.022083379409488013,0.1796441225347121,0.7619047619047619,0.015325192335034165,0.028607762910538504,0.9047619047619048,False,0.9864156964344956,0.8982870202155837,0.9076670721368277,0.020667919938073605,0.19366505923877578,0.9055217663754656,0.014983965498175336,0.20759115668608455,0.9033036602897269,0.007215525821077044,0.21719534573369087,0.8931493973238969,0.0,0.4051793960097937,0.900572818754838,0.8908437465442883,0.8954550481035055,1269,1269.0,0,0,0,10,0.0,,0.0,0.0,0.0023885878580117,tabpfn3,False,True,False,False,True,True,True,5425.5,4.6552441130877975,4.035469763481282,0.029923697887868972,0.01292712595377632,0.022083379409488013,0.0021453057613621818,0.005683954439898269
banknote_authentication,A_published112,True,binclass,True,2,1372,4,4,0,0.0,767,330,275,banknote_authentication,banknote_authentication,1,True,False,2,,,https://archive.ics.uci.edu/dataset/267/banknote+authentication,2.0,0.0,0,0,1263.0,0,0,4,0.5563636363636364,0.4436363636363636,1.2540983606557377,0.9908140079951206,1.987305966974616,122,2,True,0.5551504102096627,2,0,,,,,,,,,,,,22,22,13,3,4,2,,0.5563636363636364,mitra,0.548,0.5047272727272727,0.0516363636363637,0.6864328043150337,0.0,0.0,0.0,0.0,True,1.7865950413223144,0.9084628099173556,0.5504055944055943,0.0,0.688773950469475,0.5254545454545455,0.0,1.3071513889479733,0.5315454545454545,0.0,0.7199772671440843,0.55,0.0,0.8207787202492438,0.5352727272727272,0.5469090909090909,0.5530909090909091,147,147.0,0,0,0,10,0.029090909090909,0.375,0.0209662716499544,0.0046168051708217,0.0,mitra@v2,False,False,False,False,False,False,False,165.0,3.137354111370733,2.5185139398778875,0.0,-0.34363636363636363,0.009454545454545493,0.024951048951048826,0.0
baseball,A_published112,True,multiclass,False,3,1340,16,15,1,0.0625,750,322,268,baseball,baseball,1,True,False,3,185.0,,https://www.openml.org/search?type=data&status=active&id=185&sort=runs,3.0,0.0009950248756218,0,0,418.0,7,7,22,0.9067164179104478,0.0410447761194029,22.09090909090909,0.3404801772979867,1.453618124655494,11,3,True,0.9067164179104478,3,0,,,,,,,,,,,,22,22,13,3,4,2,,0.948134328358209,exaone,0.9440298507462688,0.930223880597015,0.017910447761193993,0.1355759282173885,1.0,0.051594301221166844,0.06679104477611936,1.0,False,0.9484735413839893,0.9154172320217099,0.9448909299655568,0.05809414466130879,0.14581639491132797,0.9431592039800997,0.04104477611940293,0.31145468061777787,0.9347014925373135,0.0415111940298507,0.26876101483467035,0.9380597014925374,0.04533582089552236,0.36537960927838947,0.9411194029850746,0.9440298507462688,0.932089552238806,14,14.0,0,2,2,10,0.0,,0.0,0.0,0.0011194029850745,tabfm,False,False,False,False,False,False,False,107.33333333333333,3.1271047983648077,2.507855871695831,0.04141791044776122,0.048134328358208966,0.004104477611940216,0.001731725985457122,0.017049368541905863
car-evaluation,A_published112,True,multiclass,False,4,1728,21,0,21,1.0,967,415,346,car-evaluation,car-evaluation,1,True,False,4,40664.0,,https://www.openml.org/search?type=data&status=active&id=40664&sort=runs,4.0,0.0,0,0,,42,2,42,0.6994219653179191,0.0375722543352601,18.615384615384617,0.604140483329056,2.310621521713802,13,4,True,0.7004341534008683,4,0,,,,,,,,,,,,22,22,13,3,4,2,,0.9991329479768787,tabfm,0.9817919075144508,0.8482658959537572,0.15086705202312145,0.00318118425738977,0.9090909090909091,0.08489227535470306,0.10867052023121385,1.0,False,0.9280346820809247,0.9026537046768262,0.9703646064917741,0.08223654957759,0.08119462094296555,0.9803468208092485,0.10356454720616566,0.06218499041355798,0.9799855491329479,0.09710982658959534,0.06568570850855193,0.8923410404624277,0.0497109826589595,0.3478403365792119,0.9451445086705202,0.9364161849710981,0.8482658959537572,16,16.0,0,2,3,10,0.0,,0.0,0.0,0.0092485549132949,tabpfn3,False,False,False,False,False,False,False,103.75,3.2375437381428744,2.6180480967120925,0.29971098265895957,0.09913294797687866,0.06271676300578055,-0.00998221431747437,-0.021327997628575665
churn,A_published112,True,binclass,True,2,5000,20,16,4,0.2,2800,1200,1000,churn,churn,5,True,False,2,40701.0,,https://www.openml.org/search?type=data&status=active&id=40701&sort=runs,2.0,0.0,0,0,194.0,17,10,33,0.859,0.141,6.092198581560283,0.586851742115917,1.5019655702174366,141,2,True,0.8585,2,0,,,,,,,,,,,,22,22,13,3,4,2,,0.9765,mitra@v2,0.962,0.8709,0.10560000000000003,0.10114016917716376,0.9090909090909091,0.07169545454545455,0.0917,0.9090909090909091,False,0.9334681818181817,0.8959499999999998,0.9634538461538461,0.08385384615384614,0.13092550082461568,0.9537333333333332,0.07739999999999998,0.18008390121454176,0.9389750000000001,0.06375,0.214450399821888,0.87755,0.0,0.8601978274510178,0.92326,0.8709,0.8842000000000001,170,170.0,0,0,0,10,0.0,,0.0,0.0,0.0007000000000001,tabfm,False,False,False,False,False,False,False,600.0,3.6989700043360187,3.0791812460476247,0.11750000000000005,0.07650000000000001,0.10560000000000003,0.009720512820512894,0.006453846153846157
cmc,A_published112,True,multiclass,False,3,1473,9,2,7,0.7777777777777778,824,354,295,cmc,cmc,3,True,False,3,23.0,,https://www.openml.org/search?type=data&status=active&id=23&sort=runs,3.0,0.0,0,0,24.5,22,4,24,0.4271186440677966,0.2271186440677966,1.8805970149253732,0.9714090842262694,2.907233545197046,67,3,True,0.4269949066213921,3,0,,,,,,,,,,,,22,22,13,3,4,2,,0.5966101694915255,tabfm,0.581864406779661,0.5047457627118643,0.09186440677966112,0.867765087388549,0.0,0.0,0.0,0.0,True,2.1265023112480743,0.8978736517719568,0.5890221642764015,0.0,0.8765632332342478,0.551864406779661,0.0,0.9935069259822388,0.5548305084745762,0.0,0.9573902854024678,0.5181355932203389,0.0,1.3692876933415776,0.5383728813559321,0.5315254237288135,0.5047457627118643,80,80.0,0,0,1,10,0.1288135593220339,0.3421052631578947,0.1162988115449915,0.0353260869565217,0.0023728813559322,mitra@v2,False,False,False,False,False,False,False,118.0,3.168202746842631,2.5490032620257876,0.16949152542372886,-0.30338983050847457,0.06508474576271195,0.03715775749674055,0.0
company_bankruptcy_prediction,A_published112,True,binclass,True,2,6819,95,93,2,0.0210526315789473,3818,1637,1364,company_bankruptcy_prediction,taiwan-bankruptcy,2,True,False,2,,,https://www.kaggle.com/datasets/fedesoriano/company-bankruptcy-prediction,2.0,0.0,0,0,5557.0,3,2,96,0.967741935483871,0.032258064516129,30.0,0.205592508185083,1.1531598469792317,44,2,True,0.9677360219981668,2,0,,,,,,,,,,,,22,22,13,3,4,2,,0.9719208211143696,mitra@v2,0.970051319648094,0.9658357771260997,0.0060850439882699225,0.07035490672928606,1.0,0.09574446814182881,0.10219941348973602,1.0,False,0.904255531858171,0.8979005598507063,0.9708267538912699,0.09724227385517703,0.07330624733314783,0.9687927663734116,0.09635874877810358,0.09204123803889051,0.9673203812316716,0.09382331378299116,0.12175010838530012,0.9684384164222875,0.08892961876832839,0.18692929185050106,0.968651026392962,0.967741935483871,0.9691348973607038,53,53.0,0,0,1,10,0.0,,0.0,0.0,0.0002199413489735,PFN-v2,False,False,False,False,True,False,False,818.5,3.833720690444633,3.2140486794119414,0.004178885630498619,0.07192082111436959,0.004178885630498619,0.0020339875178583267,0.0008835250770734548
compass,D_new62,True,binclass,True,2,16644,17,8,9,0.5294117647058824,9320,3995,3329,compass,compass,1,False,True,2,44162.0,,https://www.openml.org/search?type=data&status=active&id=44162&sort=runs,2.0,0.0,0,0,52.0,51,13,59,0.50015019525383,0.49984980474617,1.0006009615384617,0.9999999349095972,1.9999999097655436,1664,2,True,0.5000375516334961,2,0,,,,,,,,,,,,21,21,12,3,4,2,exaone,0.8718233703814959,tabfm,0.7304295584259537,0.6820666866927005,0.1897566836887954,0.28949318866159457,0.0,0.0,0.0,0.0,True,1.3665965755482126,0.8957330243602397,0.7716406328226695,0.0,0.47161204387959993,0.7419144888354862,0.0,0.5582603442774127,0.7115049564433764,0.0,0.6491144847375979,0.7062481225593271,0.0,0.88190805260909,0.7276479423250225,0.6820666866927005,0.7304295584259537,1997,1997.0,0,0,0,10,0.0003003905076599,1.0,0.0006008261359369,0.0,0.0460198257735056,tabpfn26,False,True,False,False,True,True,False,1997.5,4.22125770712091,3.6015167836500104,0.37167317512766596,-0.02817662961850409,0.1897566836887954,0.029726143987183318,0.0
connect-4,D_new62,True,multiclass,False,3,67557,42,0,42,1.0,37831,16214,13512,connect-4,connect-4,1,False,True,3,,,https://www.openml.org/search?type=data&status=active&id=40668,,0.0,0,0,,126,3,126,0.658303730017762,0.0954706927175843,6.895348837209302,0.7687615750065323,2.3269791246647653,1290,3,True,0.658303265797021,3,0,,,,,,,,,,,,21,12,9,0,3,0,tabpfn;PFN-v2;tabicl;exaone;catboost;lightgbm;xgboost;tabm;LogReg;knn,0.8481053878034339,tabiclv2,0.8381845766725873,0.690615748963884,0.15748963883954992,0.3719872250406947,0.0,0.0,0.0,0.0,True,1.2587884843102428,0.8968546477205449,0.8158607986316689,0.0,0.4570367420388,,,,0.826070653246497,0.0,0.4482911054973447,,,,,,,1548,1548.0,0,0,0,10,0.0,,0.0,0.0,0.0006808762581408,ftt,False,True,False,False,True,True,True,5404.666666666667,4.829670355635889,4.209890168681258,0.18980165778567193,-0.0518946121965661,,,
contraceptive_method_choice,A_published112,True,multiclass,False,3,1473,9,5,4,0.4444444444444444,824,354,295,contraceptive_method_choice,cmc,3,True,False,3,,,https://archive.ics.uci.edu/dataset/30/contraceptive+method+choice,3.0,0.0,0,3,4.0,10,4,15,0.4271186440677966,0.2271186440677966,1.8805970149253732,0.9714090842262694,2.907233545197046,67,3,True,0.4269949066213921,3,0,,,,,,,,,,,,22,22,13,3,4,2,,0.631864406779661,mitra,0.6159322033898305,0.5247457627118643,0.1071186440677967,0.8280334554699277,0.0,0.0,0.0,0.0,True,2.12904468412943,0.9105084745762713,0.6178096479791394,0.0,0.8349890546323718,0.5880225988700566,0.0,0.978590395597139,0.5865254237288136,0.0,0.9159233064196021,0.5291525423728813,0.0,1.2794282930422862,0.5644745762711865,0.5247457627118643,0.5335593220338983,80,80.0,0,0,1,10,0.111864406779661,0.4242424242424242,0.131578947368421,0.0428441203281677,0.0094915254237287,mitra@v2,False,False,False,False,False,False,False,118.0,3.168202746842631,2.5490032620257876,0.20474576271186445,-0.268135593220339,0.1071186440677967,0.029787049109082808,0.0
credit,D_new62,True,binclass,True,2,16714,10,10,0,0.0,9359,4012,3343,credit,credit,1,False,True,2,44089.0,,https://www.openml.org/search?type=data&status=active&id=44089&sort=runs,2.0,0.0,0,1,34.0,0,0,10,0.5001495662578522,0.4998504337421477,1.0005984440454818,0.999999935453634,1.9999999105197388,1671,2,True,0.5000373943609304,2,0,,,,,,,,,,,,21,21,12,3,4,2,exaone,0.7886030511516602,tabfm,0.7776548010768771,0.6708944062219564,0.11770864492970379,0.4606912438920463,0.0,0.0,0.0,0.0,True,1.3298135407318774,0.9017178753044742,0.7818974972579519,0.0,0.46557071459805366,0.7770864492970387,0.0,0.5209227561290972,0.7607164223751122,0.0,0.5074724886932075,0.6950344002393061,0.0,0.5911486828855728,0.7442656296739456,0.7191743942566557,0.6708944062219564,2006,2006.0,0,0,0,10,0.0,,0.0002991548874429,0.0,0.0035895901884535,tabldm,False,True,False,False,True,True,False,2006.0,4.223080397831155,3.6033609243483804,0.28845348489380795,-0.11139694884833984,0.06942865689500444,0.00481104796091314,0.0
credit-g,A_published112,True,binclass,True,2,1000,20,7,13,0.65,560,240,200,credit-g,german-credit,2,True,False,2,,,https://www.openml.org/search?type=data&status=active&id=31,,0.0,1,4,4.0,54,10,61,0.7,0.3,2.3333333333333335,0.8812908992306927,1.8420227750373133,60,2,True,0.7,2,0,,,,,,,,,,,,22,22,13,3,4,2,,0.7945,mitra@v2,0.7762500000000001,0.721,0.07350000000000001,0.4417400250411134,0.0,0.0,0.0,0.0,True,1.376431818181818,0.9167500000000001,0.7798076923076924,0.0,0.456351983029954,0.7698333333333333,0.0,0.5407549221472646,0.7580000000000001,0.0,0.5546880951902254,0.72425,0.0,0.5646146016224451,0.7516,0.7274999999999999,0.721,72,72.0,0,0,1,10,0.0,,0.0,0.0,0.0014999999999999,tabfm,False,False,False,False,False,False,False,120.0,3.0,2.380211241711606,0.09450000000000003,-0.10550000000000004,0.06700000000000006,0.009974358974359165,0.0
customer_satisfaction_in_airline,D_new62,True,binclass,True,2,129880,21,4,17,0.8095238095238095,72732,31172,25976,customer_satisfaction_in_airline,customer_satisfaction_in_airline,1,False,True,2,,,https://www.kaggle.com/datasets/yakhyojon/customer-satisfaction-in-airline,2.0,0.0007564675084693,0,0,469.0,90,6,94,0.5473129042192794,0.4526870957807206,1.2090313802194064,0.9935313491512486,1.9910526195999965,11759,2,True,0.5473321527563905,2,0,,,,,,,,,,,,21,12,7,3,0,2,tabpfn;PFN-v2;tabicl;mitra;tabfm;exaone;mlp;resnet;ftt;tabm,0.9646327379119187,tabpfn26,0.9623729596550662,0.8285147828765014,0.13611795503541735,0.07913948532948861,0.9166666666666666,0.07743301509085304,0.09116877117339076,0.9166666666666666,False,0.9365831280156041,0.9034724360948568,0.9632484931145234,0.08889469400325571,0.08349660188652298,0.9601439790575915,0.08425084693563285,0.09280511007803756,,,,0.8814886818601786,0.02709039113027407,0.3370150617705521,0.9286818601786264,0.8285147828765014,0.9344625808438559,14111,14111.0,0,0,0,10,0.0,,0.0,0.0,0.0003657222051124,tabpfn3,False,True,False,False,True,True,True,15586.0,5.113542279953964,4.493764667567145,0.41731983369263936,0.0646327379119187,0.13611795503541735,0.0031045140569319063,0.004643847067622858
dabetes_130-us_hospitals,D_new62,True,binclass,True,2,101766,20,8,12,0.6,56988,24424,20354,dabetes_130-us_hospitals,dabetes_130-us_hospitals,1,False,True,2,,,https://archive.ics.uci.edu/dataset/296/diabetes+130-us+hospitals+for+years+1999-2008,2.0,0.0,0,1,27.0,2334,790,2342,0.5391077920801808,0.4608922079198192,1.1697047223110542,0.9955825178585918,1.9938854354864988,9381,2,True,0.5391219967572348,2,0,,,,,,,,,,,,21,17,12,3,0,2,exaone;mlp;resnet;ftt;tabm,0.6539697356784907,tabfm,0.6399037044315614,0.6094969047853002,0.04447283089319054,0.6127388577681294,0.0,0.0,0.0,0.0,True,1.6072421087920281,0.8979509736487696,0.6379184271723822,0.0,0.6275961398312674,0.6426042383151551,0.0,0.6232641810198818,,,,0.6113245553699518,0.0,0.6547069409628442,0.6300923651370738,0.6131522059546035,0.6094969047853002,11256,11256.0,0,0,0,10,0.0,,0.0,0.0,0.0095607742949788,tabpfn26,False,True,False,False,True,True,True,12212.0,5.007602704535406,4.387816791290605,0.11486194359830992,-0.24603026432150932,0.04081752972388719,-0.004685811142772889,0.0
default_of_credit_card_clients,D_new62,True,binclass,True,2,30000,23,14,9,0.391304347826087,16800,7200,6000,default_of_credit_card_clients,default_of_credit_card_clients,1,False,True,2,,,https://archive.ics.uci.edu/dataset/350/default+of+credit+card+clients,2.0,0.0,0,0,7921.0,77,11,91,0.7788333333333334,0.2211666666666666,3.5214770158251696,0.7622920875915006,1.6961833032520777,1327,2,True,0.7787916666666667,2,0,,,,,,,,,,,,21,17,12,3,0,2,exaone;mlp;resnet;ftt;tabm,0.8270333333333333,tabldm,0.8256,0.8092333333333335,0.017799999999999816,0.413917543173289,0.0,0.0,0.0,0.0,True,1.2323686274509802,0.904614705882353,0.825525,0.0,0.4196478570832303,0.8228555555555556,0.0,0.4325982662364492,,,,0.80935,0.0,0.5322207399366636,0.8174533333333335,0.8094666666666667,0.8092333333333335,1593,1593.0,0,0,0,10,0.0026666666666666,0.5625,0.0030833333333333,0.0005842827928717,0.0001499999999999,tabiclv2,False,True,False,False,True,True,True,3600.0,4.477121254719663,3.8573324964312685,0.04819999999999991,-0.07296666666666674,0.01756666666666662,0.002669444444444391,0.0
delta_ailerons,A_published112,True,binclass,True,2,7129,5,5,0,0.0,3992,1711,1426,delta_ailerons,delta_ailerons,1,True,False,2,803.0,,https://www.openml.org/search?type=data&status=active&id=803&sort=runs,2.0,0.0,0,0,147.0,0,0,5,0.5308555399719496,0.4691444600280505,1.1315396113602392,0.9972511767185472,1.996192949797757,669,2,True,0.5305979309135542,2,0,,,,,,,,,,,,22,22,13,3,4,2,,0.9523141654978963,exaone,0.9494740532959327,0.9426367461430575,0.00967741935483879,0.15795629801719943,1.0,0.055074588805304046,0.06269284712482463,1.0,False,0.9449254111946961,0.9094893535636874,0.9505448268421619,0.05757363253856938,0.16239738421586145,0.9480130902290789,0.054043945769050916,0.18540401017246277,0.9460378681626928,0.052033660589060254,0.18458256334179168,0.9441093969144461,0.04645862552594665,0.23207194927334449,0.9464516129032259,0.9426367461430575,0.9455820476858345,803,803.0,0,0,0,10,0.0,,0.0,0.0,0.0002103786816268,mitra@v2,False,False,False,False,True,False,False,855.5,3.8530286147129895,3.2332500095411003,0.4214586255259467,0.05231416549789625,0.00967741935483879,0.0025317366130830354,0.003529686769518467
dis,A_published112,True,binclass,True,2,3772,29,6,23,0.7931034482758621,2111,906,755,thyroid-uci,thyroid-uci,6,True,False,2,40713.0,,https://www.openml.org/search?type=data&status=active&id=40713&sort=runs,2.0,0.0,0,0,191.0,48,5,54,0.9841059602649008,0.0158940397350993,61.916666666666664,0.1177198254590228,1.085018638420837,12,2,True,0.9847530659595624,2,0,,,,,,,,,,,,22,22,13,3,4,2,,0.9908609271523179,exaone,0.9886092715231788,0.983973509933775,0.006887417218542913,0.030353079201819948,1.0,0.07223961468994577,0.09112582781456949,1.0,False,0.9277603853100543,0.9234437086092715,0.9884768211920532,0.07055527254202747,0.042380684579263264,0.9885651214128036,0.07108167770419421,0.06540526022429351,0.9854304635761589,0.0773509933774834,0.11684373776294851,0.9840397350993378,0.07470198675496685,0.11531879505523326,0.9867549668874173,0.9841059602649007,0.983973509933775,14,14.0,0,1,1,10,0.0278145695364238,1.0,0.0208816705336426,0.0,0.0003973509933774,tabpfn26,False,False,False,False,False,False,False,453.0,3.5765716840652906,2.957128197676813,0.006754966887417058,0.09086092715231786,0.006754966887417169,-8.830022075045907e-05,-0.0005264051621667459
drug_consumption,A_published112,True,multiclass,False,7,1884,12,12,0,0.0,1054,453,377,drug_consumption,drug_consumption,1,True,False,7,,,https://archive.ics.uci.edu/dataset/373/drug+consumption+quantified,7.0,0.0,1,6,10.5,0,0,12,0.403183023872679,0.0185676392572944,21.714285714285715,0.7743960567624336,4.5127428809439305,7,7,True,0.4021234240212342,7,0,,,,,,,,,,,,22,22,13,3,4,2,,0.40318302387267907,PFN-v2,0.40291777188328914,0.34058355437665777,0.0625994694960213,1.5065602407065088,0.0,0.0,0.0,0.0,True,3.851024837231734,0.9059922835784906,0.40304019587839224,0.0,1.5092797172868175,0.37798408488063656,0.0,1.7947893780573654,0.3795092838196286,0.0,2.3268158372543404,0.39509283819628643,0.0,1.5845839950346434,0.3848275862068965,0.3957559681697612,0.39442970822281165,8,8.0,2,3,5,10,0.0,,0.0,0.0,0.0,exaone,False,False,False,False,False,False,False,64.71428571428571,3.2750808984568587,2.656098202012832,5.551115123125783e-17,-0.49681697612732095,0.007427055702917851,0.025056110997755676,0.0
dry_bean_dataset,D_new62,True,multiclass,False,7,13611,16,16,0,0.0,7621,3267,2723,dry_bean_dataset,dry_bean_dataset,1,False,True,7,,,https://archive.ics.uci.edu/dataset/602/dry+bean+dataset,7.0,0.0,0,0,13533.5,0,0,16,0.2603745868527359,0.0381931692985677,6.8173076923076925,0.9427279989277604,6.261776813823028,104,7,True,0.2605620867009551,7,0,,,,,,,,,,,,21,21,12,3,4,2,exaone,0.928718325376423,tabpfn3,0.9245684906353286,0.8644876973925817,0.06423062798384127,0.1853040863245275,0.9523809523809523,0.05830928772537289,0.06926184355490264,1.0,False,0.9702796285609362,0.8958711505167619,0.9267903048108703,0.06193230505569832,0.19491069770723932,0.9018484514628473,0.053886644632145875,1.0362294289913498,0.9233749540947483,0.056316562614763074,0.21008852335641373,0.9161586485493941,0.0471905986044803,0.38113704173672924,0.9075725302974661,0.9171869261843556,0.9151303709144326,126,126.0,0,0,0,10,0.0088138082996694,1.0,0.0077149155033063,0.0,0.0003305178112374,tabfm,False,True,False,False,True,False,False,466.7142857142857,4.133890033985679,3.514149134475437,0.668343738523687,0.028718325376422937,0.01153139919206736,0.024941853348023013,0.008045660423552446
eeg-eye-state,D_new62,True,binclass,True,2,14980,14,14,0,0.0,8388,3596,2996,eeg-eye-state,eeg-eye-state,1,False,True,2,1471.0,,https://www.openml.org/search?type=data&status=active&id=1471&sort=runs,2.0,0.0,0,0,344.0,0,0,14,0.5510680907877169,0.448931909212283,1.2275092936802974,0.992461909201758,1.9895772404377792,1345,2,True,0.5512349799732977,2,0,,,,,,,,,,,,21,17,12,3,0,2,exaone;mlp;resnet;ftt;tabm,0.9925567423230974,tabfm,0.9860146862483312,0.6250667556742323,0.3674899866488651,0.01776677201716649,0.9411764705882353,0.07564203251394011,0.10323765020026698,0.9411764705882353,False,0.9620081677530825,0.9011348464619493,0.9777703604806409,0.08834835336003556,0.06478538054270298,0.9405985758789498,0.06496439697374272,0.18109792721566187,,,,0.7719459279038718,0.015420560747663539,0.7334102908775251,0.8731375166889185,0.6250667556742323,0.9188251001335115,1614,1614.0,0,0,0,10,0.0,,0.0,0.0,0.0008678237650199,tabpfn3,False,True,False,False,True,True,False,1798.0,4.175511813363448,3.5558196830611912,0.4414886515353805,0.09255674232309741,0.3674899866488651,0.03717178460169113,0.023383956386292842
electricity,D_new62,True,binclass,True,2,45312,8,7,1,0.125,25374,10875,9063,electricity,electricity,1,False,True,2,151.0,,https://www.openml.org/search?type=data&status=active&id=151&sort=runs,2.0,0.0,0,0,2846.0,7,7,14,0.5754165287432418,0.4245834712567582,1.3552494802494803,0.983526102636199,1.9772922238969648,3848,2,True,0.5754641507351927,2,0,,,,,,,,,,,,21,21,12,3,4,2,exaone,0.9594505130751406,tabfm,0.8886682114090257,0.7563058589870904,0.20314465408805027,0.09790783515272437,0.38095238095238093,0.013129259206716981,0.08611938651660594,0.38095238095238093,False,1.0709430809728726,0.9011632855724216,0.8869055500386187,0.01791809187539076,0.25893991361208674,0.9124094302843061,0.02023244694545583,0.22209891889126357,0.8446071940858435,0.0,0.3655271603418111,0.797153260509765,0.0,0.5407453863278749,0.8663069623744896,0.7563058589870904,0.8380006620324396,4617,4617.0,0,0,0,10,0.0,,0.0,0.0,0.0275736511089041,tabpfn26,False,True,False,False,True,True,True,5437.5,4.656213231673656,4.036429265626675,0.38403398433189884,0.0594505130751406,0.20314465408805027,-0.025503880245687394,-0.002314355070065069
estimation_of_obesity_levels,A_published112,True,multiclass,False,7,2111,16,8,8,0.5,1181,507,423,estimation_of_obesity_levels,estimation_of_obesity_levels,1,True,False,7,,,https://archive.ics.uci.edu/dataset/544/estimation+of+obesity+levels+based+on+eating+habits+and+physical+condition,7.0,0.0,0,0,1229.0,23,5,31,0.1654846335697399,0.1276595744680851,1.2962962962962965,0.998306083080062,6.976964514873232,54,7,True,0.1664691943127962,7,0,,,,,,,,,,,,22,22,13,3,4,2,,0.9926713947990544,tabfm,0.9800236406619385,0.8595744680851064,0.13309692671394802,0.0168580736298541,0.9545454545454546,0.07649903288201158,0.100709219858156,1.0,False,0.9581560283687942,0.9117021276595746,0.9857064920894706,0.08527004909983629,0.0419114825469048,0.956107171000788,0.09109535066981872,0.13342283469301913,0.9565011820330969,0.05945626477541367,0.1690047559671136,0.9081560283687944,0.03167848699763591,1.3319524699380423,0.9369267139479905,0.9567375886524824,0.8595744680851064,65,65.0,0,0,7,10,0.0141843971631205,1.0,0.0142180094786729,0.0,0.0,tabpfn26,False,False,False,False,False,False,False,72.42857142857143,3.3244882333076564,2.705007959333336,0.8271867612293146,0.0926713947990544,0.035933806146572045,0.029599321088682573,-0.005825301569982427
eucalyptus,B_tierA_real4,True,multiclass,False,5,736,19,14,5,0.2631578947368421,411,177,148,eucalyptus,eucalyptus,1,True,False,5,,,https://www.openml.org/search?type=data&status=active&id=188,,0.0434782608695652,1,5,28.0,77,27,91,0.2905405405405405,0.1418918918918918,2.047619047619047,0.9748271338694742,4.80147780858956,21,5,True,0.2908163265306122,5,0,,,,,,,,,,,,22,22,13,3,4,2,,0.722972972972973,PFN-v2,0.6969594594594595,0.575,0.14797297297297307,0.6023114037733353,0.0,0.0,0.0,0.0,True,1.7247542997543,0.9152948402948403,0.7074324324324325,0.0,0.6302256210269064,0.679954954954955,0.0,1.0436771771122448,0.6596283783783784,0.0,0.9585453462860292,0.6182432432432432,0.0,1.4654465918430106,0.6552702702702703,0.6614864864864864,0.575,25,25.0,0,0,5,10,0.0,,0.0,0.0,0.0027027027027027,tabfm,False,False,False,False,False,False,False,35.4,2.866877814337499,2.247973266361807,0.4324324324324325,-0.177027027027027,0.06148648648648658,0.02747747747747753,0.0
eye_movements,A_published112,True,multiclass,False,3,10936,27,24,3,0.1111111111111111,6123,2625,2188,eye_movements,eye_movements,1,True,False,3,1044.0,,https://www.openml.org/search?type=data&status=active&id=1044&sort=runs,3.0,0.0,0,6,295.0,6,2,30,0.389853747714808,0.2623400365630713,1.4860627177700347,0.9881540773938778,2.96121072233393,574,3,True,0.3896890717878372,3,0,,,,,,,,,,,,22,22,13,3,4,2,,0.9963893967093236,tabfm,0.7006855575868374,0.49721206581352834,0.49917733089579525,0.011607414893755209,0.045454545454545456,0.006573043044706652,0.10603290676416814,0.36363636363636365,False,1.5581207412331723,0.8986932856905433,0.7807024328505133,0.011123611306426641,0.4877731728237364,0.6994058500914077,0.0,0.6918894085363001,0.6084095063985375,0.0,0.8858998882321357,0.5316956124314443,0.0,4.016118856356272,0.6323217550274223,0.49721206581352834,0.5661791590493601,689,689.0,0,0,0,10,0.0,,0.0,0.0,0.0971663619744057,exaone,False,False,False,False,True,False,False,875.0,4.038858501559766,3.4191293077419758,0.6065356489945155,0.09638939670932356,0.49917733089579525,0.08129658275910567,0.011123611306426641
first-order-theorem-proving,A_published112,True,multiclass,False,6,6118,51,51,0,0.0,3425,1469,1224,first-order-theorem-proving,first-order-theorem-proving,1,True,False,6,1475.0,,https://www.openml.org/search?type=data&status=active&id=1475&sort=runs,6.0,0.0,0,0,1194.0,0,0,51,0.4174836601307189,0.0792483660130718,5.268041237113402,0.8896518334544299,4.923610470805121,97,6,True,0.4174499387004495,6,0,,,,,,,,,,,,22,22,13,3,4,2,,0.6355392156862745,tabfm,0.6091503267973857,0.48178104575163394,0.15375816993464053,1.0417798056713001,0.0,0.0,0.0,0.0,True,3.0660316399286986,0.8937648544266191,0.6084715937657115,0.0,1.1130757120660841,0.6007080610021787,0.0,1.2907828600965208,0.5521037581699346,0.0,1.3394064429405301,0.5306781045751634,0.0,2.7263089076426175,0.5726960784313725,0.48178104575163394,0.5795751633986927,117,117.0,0,0,0,10,0.1495098039215686,0.7704918032786885,0.1489579076420106,0.0201162270898524,0.0059640522875816,exaone,False,False,False,False,True,False,False,244.83333333333334,3.7866094726486597,3.1670217957902564,0.21805555555555556,-0.26446078431372555,0.15375816993464053,0.00776353276353281,0.0
gas-drift,D_new62,True,multiclass,False,6,13910,128,128,0,0.0,7789,3339,2782,gas-drift,gas-drift,1,False,True,6,1476.0,,https://www.openml.org/search?type=data&status=active&id=1476&sort=runs,6.0,0.0,0,0,13900.5,0,0,128,0.216391085549964,0.117900790797987,1.8353658536585369,0.9848061310334496,5.838860807674458,328,6,True,0.2163012221423436,6,0,,,,,,,,,,,,18,14,9,3,0,2,tabpfn;mitra;mitra@v2;exaone;mlp;resnet;ftt;tabm,0.9969446441409058,tabfm,0.995470884255931,0.9883896477354421,0.008554996405463644,0.01062801088272273,1.0,0.09710126322275849,0.10557153127246581,1.0,False,0.9028987367772414,0.9016021361815755,0.9958782650371436,0.104800702931544,0.018675890486269674,0.9938653247064462,0.09926911095135389,0.051038192252657454,,,,0.991157440690151,0.05920201294033066,0.12886296309032214,0.9927821710999281,0.9883896477354421,0.9939252336448599,394,394.0,0,0,0,10,0.0,,0.0,0.0,0.0006470165348669,tabiclv2,False,True,True,False,True,False,False,556.5,4.143327129992047,3.523616419054371,0.7805535585909418,0.09694464414090576,0.008554996405463644,0.0020129403306974325,0.005531591980190112
golf_play_dataset_extended,A_published112,True,binclass,True,2,1095,9,3,6,0.6666666666666666,613,263,219,golf_play_dataset_extended,golf_play_dataset_extended,1,True,False,2,,,https://www.kaggle.com/datasets/samybaladram/golf-play-extended,2.0,0.0,0,0,83.0,31,12,34,0.7899543378995434,0.2100456621004566,3.760869565217391,0.7415700122962603,1.671994396382393,46,2,True,0.791095890410959,2,0,,,,,,,,,,,,22,22,13,3,4,2,,0.9388127853881277,tabpfn26,0.9257990867579908,0.8762557077625571,0.06255707762557061,0.14411031061010654,0.9545454545454546,0.05089248650892486,0.07671232876712328,1.0,False,0.9517849730178497,0.8957451224574513,0.9327010888654724,0.06462943449244818,0.15453232848202744,0.9210045662100456,0.028310502283105023,0.22263930156870657,0.9142694063926939,0.038698630136986295,0.277570017107588,0.8968036529680365,0.019863013698630135,0.3546020708172662,0.9113242009132418,0.9173515981735159,0.8762557077625571,55,55.0,0,0,1,10,0.0,,0.0,0.0,0.0004566210045661,tabpfn3,False,False,False,False,False,False,False,131.5,3.0394141191761372,2.419955748489758,0.14885844748858434,0.03881278538812771,0.021461187214611877,0.011696522655426866,0.03631893220934315
helena,D_new62,True,multiclass,False,100,65196,27,27,0,0.0,36509,15647,13040,helena,helena,1,False,True,100,,,https://www.openml.org/search?type=data&status=active&id=41169,,0.0,0,0,62292.0,0,0,27,0.0614263803680981,0.0016871165644171,36.40909090909091,0.8995578806780534,62.96740003299029,22,100,True,0.0614310913413605,100,0,,,,,,,,,,,,7,0,0,0,0,0,tabpfn;PFN-v2;tabpfn25;tabpfn25b;tabpfn26;tabpfn3;tabicl;tabiclv2;mitra;mitra@v2;tabldm;tabfm;exaone;catboost;lightgbm;xgboost;mlp;resnet;ftt;tabm;LogReg;knn,,,,,,,,,,,,,,,,,,,,,,,,,,,,,27,27.0,0,0,54,3,7.668711656441718e-05,1.0,0.0001150394968939,0.0,,,True,True,False,True,True,True,True,156.47,4.814220951081346,4.194431082563702,,,,,
heloc,A_published112,True,binclass,True,2,10000,22,22,0,0.0,5600,2400,2000,heloc,heloc,2,True,False,2,45023.0,,https://www.openml.org/search?type=data&status=active&id=45023&sort=runs,2.0,0.0,0,1,66.5,0,0,22,0.5,0.5,1.0,1.0,2.0,1000,2,True,0.5,2,0,,,,,,,,,,,,22,22,13,3,4,2,,0.73055,tabiclv2,0.724375,0.71295,0.01760000000000006,0.5395085309251273,0.0,0.0,0.0,0.0,True,1.4609727272727275,0.9069431818181818,0.7265307692307693,0.0,0.5427201628485544,0.7189166666666665,0.0,0.5912613858604214,0.7187375,0.0,0.5593631023568773,0.7141500000000001,0.0,0.5622905007323216,0.7170099999999999,0.7147,0.7136,1200,1200.0,0,0,0,10,0.051,0.5392156862745098,0.056875,0.0001325205406838,0.00065,PFN-v2,False,False,False,False,True,False,False,1200.0,4.0,3.380211241711606,0.23055000000000003,-0.16945,0.01585000000000003,0.007614102564102776,0.0
house_16H,D_new62,True,binclass,True,2,13488,16,16,0,0.0,7553,3237,2698,house_16H,house_16H,1,False,True,2,44123.0,,https://www.openml.org/search?type=data&status=active&id=44123&sort=runs,2.0,0.0,0,0,8635.0,0,0,16,0.5,0.5,1.0,1.0,2.0,1349,2,True,0.5,2,0,,,,,,,,,,,,21,17,8,3,4,2,tabpfn;PFN-v2;tabicl;mitra;exaone,0.8933283914010378,tabfm,0.8805040770941439,0.8161230541141586,0.07720533728687917,0.25815065688675237,0.0,8.066977717699237e-05,0.00096367679762786,0.17647058823529413,False,1.0465355601098851,0.8970064971874592,0.8890798739807265,0.00017142327650110877,0.2671859848513087,0.8781937237459848,0.0,0.35818112080545844,0.8706449221645663,0.0,0.3147925964057563,0.8382876204595997,0.0,0.45353150306319984,0.8622312824314309,0.8161230541141586,0.8604521868050409,1618,1618.0,0,0,0,10,0.0,,0.0001853568118628,0.0,0.0027798369162342,mitra@v2,False,True,False,False,True,False,False,1618.5,4.129947557280667,3.5101426994025733,0.3933283914010378,-0.006671608598962209,0.07720533728687917,0.01088615023474171,0.00017142327650110877
htru,D_new62,True,binclass,True,2,17898,8,8,0,0.0,10022,4296,3580,htru,htru,1,False,True,2,,,https://archive.ics.uci.edu/dataset/372/htru2,2.0,0.0,0,0,17894.5,0,0,8,0.9083798882681564,0.0916201117318435,9.914634146341465,0.4418545446815848,1.358349326225352,328,2,True,0.9084369325324766,2,0,,,,,,,,,,,,20,16,11,3,0,2,tabfm;exaone;mlp;resnet;ftt;tabm,0.9802793296089385,tabpfn26,0.979832402234637,0.9788547486033521,0.0014245810055864006,0.06239751427593585,1.0,0.10011173184357539,0.10391061452513964,1.0,False,0.8998882681564246,0.8942527932960893,0.9798349415947182,0.10209243270695784,0.064624885696269,0.9791620111731844,0.09862197392923645,0.0733671847798137,,,,0.9797346368715084,0.09145251396648041,0.1835493065865335,0.9793910614525141,0.9800279329608939,0.979441340782123,393,393.0,0,0,0,10,0.0,,0.0,0.0,2.7932960893761735e-05,tabldm,False,True,False,False,True,True,True,2148.0,4.252804503745707,3.6330642726914992,0.07189944134078208,0.08027932960893847,0.0002513966480446328,0.0006729304215338239,0.003470458777721383
ibm-employee-performance,A_published112,True,binclass,True,2,1470,30,23,7,0.2333333333333333,823,353,294,ibm-employee-performance,ibm-employee-performance,1,True,False,2,43895.0,,https://www.openml.org/search?type=data&status=active&id=43895&sort=runs,2.0,0.0,0,10,16.0,28,9,51,0.8469387755102041,0.1530612244897959,5.533333333333333,0.6174482957894681,1.534159302547841,45,2,True,0.8460884353741497,2,0,,,,,,,,,,,,22,22,13,3,4,2,,1.0,PFN-v2,1.0,0.8731292517006801,0.12687074829931988,2.0273713056046486e-10,0.9545454545454546,0.07762832405689545,0.10646258503401355,0.9545454545454546,False,0.9307204700061842,0.9174397031539887,0.999345892203035,0.08901098901098897,0.0022906138584481203,1.0,0.06689342403628114,0.0001608045970292373,0.9762755102040817,0.06505102040816323,0.16969508360058955,0.9297619047619048,0.04489795918367344,0.6774216845434081,0.9719047619047618,0.9863945578231293,0.8731292517006801,54,54.0,0,0,1,10,0.0,,0.0,0.0,0.0,PFN-v2,False,False,False,False,False,False,False,176.5,3.167317334748176,2.5477747053878224,0.15306122448979587,0.09999999999999998,0.013605442176870652,-0.0006541077969649534,0.022117564974707835
in_vehicle_coupon_recommendation,D_new62,True,binclass,True,2,12684,21,0,21,1.0,7102,3045,2537,in_vehicle_coupon_recommendation,in_vehicle_coupon_recommendation,1,False,True,2,,,https://archive.ics.uci.edu/dataset/603/in+vehicle+coupon+recommendation,2.0,0.0,0,0,,111,25,111,0.5683878596767836,0.4316121403232164,1.3168949771689498,0.9864629274497444,1.9813214020599892,1095,2,True,0.5684438750369567,2,0,,,,,,,,,,,,21,21,12,3,4,2,exaone,0.7708316909735908,tabiclv2,0.7522664564446196,0.6317698068584943,0.13906188411509657,0.48017286151605043,0.0,0.0,0.0,0.0,True,1.4410815173527038,0.9072789383786626,0.747986466955722,0.0,0.5118913004485338,0.7522927342004992,0.0,0.5212070988044,0.7188017343318881,0.0,0.5806682538558754,0.656937327552227,0.0,0.725004665423264,0.7141505715411903,0.6317698068584943,0.6821048482459597,1314,1314.0,0,0,0,10,0.0441466298778084,0.7589285714285714,0.0478959298314772,0.0066646470766434,0.0001182499014583,tabicl,False,True,False,False,True,False,False,1522.5,4.103256233355051,3.4835872969688944,0.2024438312968072,-0.1291683090264092,0.13906188411509657,-0.004306267244777229,0.0
internet_firewall,D_new62,True,multiclass,False,4,65532,7,7,0,0.0,36697,15728,13107,internet_firewall,internet_firewall,1,False,True,4,,,https://archive.ics.uci.edu/dataset/542/internet+firewall+data,4.0,0.0,0,0,1116.0,0,0,7,0.5743495841916533,0.0008392462043183,684.3636363636364,0.7078703812803329,2.6679668901102347,11,4,True,0.5743824511206486,4,0,,,,,,,,,,,,21,21,12,3,4,2,exaone,0.9310597390707255,tabfm,0.9291676203555352,0.7474250400549325,0.183634699015793,0.10615649355466768,0.7142857142857143,0.001473948853211816,0.0122224765392538,1.0,False,1.1049693547976909,0.940499623974103,0.9219323008061852,0.002260878411027151,0.15881202027862915,0.928201215635411,2.288853284504035e-05,0.33238588351382936,0.7960784313725491,0.0007114518959334446,0.5895274639015313,0.8637445639734493,0.0004539559014267106,0.21967641413822003,0.9024185549706265,0.7994583047226673,0.9280308232242314,13,13.0,0,1,1,10,0.7566948958571755,0.908953418027828,0.7567191225560325,0.0008708467309753,9.155413138006718e-05,tabpfn26,False,True,False,False,True,True,True,3932.0,4.8164534225831686,4.19667350048806,0.3567101548790722,0.031059739070725456,0.13160143434805815,-0.006268914829225869,0.002237989878182111
jm1,B_tierA_real4,True,binclass,True,2,10885,21,21,0,0.0,6095,2613,2177,jm1,nasa-mdp,7,True,False,2,1053.0,,https://www.openml.org/search?type=data&status=active&id=1053&sort=runs,2.0,0.0001093685062449,0,0,291.0,0,0,21,0.8066146072576941,0.1933853927423059,4.171021377672209,0.7084999624798733,1.6341041789614188,421,2,True,0.8064997703261368,2,0,,,,,,,,,,,,22,22,13,3,4,2,,0.8220027560863574,tabfm,0.8134588883785026,0.8056040422599908,0.016398713826366595,0.4196872484085876,0.0,0.0,0.0,0.0,True,1.2245855430742891,0.8950808034409318,0.816628387689481,0.0,0.43587301762738967,0.8088194763435922,0.0,0.46301530761624404,0.811678915939366,0.0,0.45410336317890515,0.8125861276986679,0.0,0.6338136836824102,0.8103261368856224,0.810335323840147,0.8148369315571887,506,506.0,0,0,0,10,0.2301332108406063,0.9181636726546906,0.2362195682131373,0.0082344731332868,0.0003215434083602,exaone,False,False,False,False,True,False,False,1306.5,4.036828433377113,3.4171394097273255,0.01538814882866335,-0.0779972439136426,0.011667432246210474,0.0078089113458887915,0.0
jungle_chess_2pcs_raw_endgame_complete,D_new62,True,multiclass,False,3,44819,6,6,0,0.0,25098,10757,8964,jungle_chess_2pcs_raw_endgame_complete,jungle_chess_2pcs_raw_endgame_complete,1,False,True,3,41027.0,,https://www.openml.org/search?type=data&status=active&id=41027&sort=runs,3.0,0.0,0,6,7.0,0,0,6,0.5146140116019634,0.0967202141900937,5.320645905420992,0.8511761703624033,2.5475002916043272,867,3,True,0.5145446939060103,3,0,,,,,,,,,,,,21,17,12,3,0,2,exaone;mlp;resnet;ftt;tabm,0.9321396697902722,tabpfn3,0.8623605533244089,0.680499776885319,0.25163989290495314,0.1453245238928422,0.058823529411764705,0.009535527731842363,0.07116242748772865,0.8823529411764706,False,1.104351392498097,0.8957496653279786,0.871078759482374,0.012293618920124904,0.2434356654655834,0.8612821656998363,0.0035252119589468437,0.27600749114101797,,,,0.7645191878625613,0.00200245426149039,0.5769153031958711,0.8225769745649265,0.680499776885319,0.8485385988398036,1040,1040.0,0,0,0,10,0.0,,0.0,0.0,0.0358545292280232,tabfm,False,True,False,False,True,True,True,3585.6666666666665,4.651462162343468,4.031691168625146,0.4175256581883088,0.03213966979027216,0.25163989290495314,0.009796593782537721,0.00876840696117806
kc1,A_published112,True,binclass,True,2,2109,21,21,0,0.0,1180,507,422,nasa-mdp,nasa-mdp,7,True,False,2,1067.0,,https://www.openml.org/search?type=data&status=active&id=1067&sort=runs,2.0,0.0,0,0,92.0,0,0,21,0.8459715639810427,0.1540284360189573,5.492307692307692,0.6198303211592274,1.5366944363230794,65,2,True,0.8452874925903971,2,0,,,,,,,,,,,,22,22,13,3,4,2,,0.875829383886256,tabfm,0.8657582938388626,0.8462085308056873,0.02962085308056872,0.3096644451164484,0.0,0.0,0.0,0.0,True,1.1205191727703578,0.9115359758724689,0.869905213270142,0.0,0.32566415363000006,0.8603475513428119,0.0,0.3735146813995738,0.8488744075829384,0.0,0.3858633135275437,0.8559241706161138,0.0,0.5483599747661392,0.8585781990521328,0.8540284360189574,0.8578199052132701,78,78.0,0,0,1,10,0.5355450236966824,0.9646017699115044,0.4813278008298755,0.0129870129870129,0.0018957345971564,exaone,False,False,False,False,False,False,False,253.5,3.3240765797394864,2.705007959333336,0.0298578199052133,-0.024170616113744048,0.02180094786729858,0.009557661927330097,0.0
kdd_ipums_la_97-small,A_published112,True,binclass,True,2,5188,20,20,0,0.0,2905,1245,1038,kdd_ipums_la_97-small,kdd_ipums_la_97-small,1,True,False,2,44124.0,,https://www.openml.org/search?type=data&status=active&id=44124&sort=runs,2.0,0.0,0,2,61.0,0,0,20,0.5,0.5,1.0,1.0,2.0,519,2,True,0.5,2,0,,,,,,,,,,,,22,22,13,3,4,2,,0.8892100192678228,exaone,0.8838631984585743,0.8429672447013488,0.046242774566474076,0.2565539804236902,0.0,0.0,0.0,0.0,True,1.06072429497285,0.9020888071466107,0.8836297613754263,0.0,0.2654546966659118,0.8817597944765575,0.0,0.3829627558416984,0.8520712909441234,0.0,0.32837787301872634,0.8543352601156069,0.0,0.4256846692778853,0.8707899807321773,0.8657032755298651,0.8429672447013488,622,622.0,0,0,0,10,0.001926782273603,1.0,0.0028915662650602,0.0,0.000578034682081,tabfm,False,False,False,False,False,False,False,622.5,3.7149999674120426,3.095169351431755,0.38921001926782284,-0.010789980732177185,0.02350674373795769,0.0018699668988687579,0.0
kr-vs-k,D_new62,True,multiclass,False,18,28056,6,3,3,0.5,15710,6734,5612,kr-vs-k,chess-krk,2,False,True,18,1481.0,,https://www.openml.org/search?type=data&status=active&id=1481&sort=runs,18.0,0.0,0,3,8.0,20,8,23,0.1623307198859586,0.0008909479686386,182.2,0.840247985512762,11.343320255731298,5,18,True,0.1622705400106932,18,0,,,,,,,,,,,,12,11,2,3,4,2,tabpfn;PFN-v2;tabpfn25;tabpfn25b;tabpfn26;tabicl;mitra;mitra@v2;tabldm;tabfm;exaone,0.8940662865288667,tabm,0.8537776193870279,0.2816999287241625,0.6123663578047042,0.29700102898202624,0.0,0.0035168146180262773,0.014130434782608638,0.8181818181818182,False,1.731947774249984,0.8982181040627227,0.8835085531004989,0.010709194583036298,0.3274930546564218,0.8268472321216441,0.0007008790686623667,0.6348937691990277,0.8432777975766215,0.0037909836065573373,0.44163226797393684,0.48141482537419816,0.0,2.774354510272481,0.6886742694226656,0.2816999287241625,0.6811297220242338,7,7.0,1,1,6,10,0.0,,0.0,0.0,0.0041339985744831,tabpfn3,True,True,False,True,True,True,True,374.1111111111111,4.448025752873446,3.8282731120520697,0.7317355666429081,-0.005933713471133362,0.6123663578047042,0.05666132097885479,0.010008315514373931
kr-vs-kp,A_published112,True,binclass,True,2,3196,36,0,36,1.0,1789,767,640,kr-vs-kp,kr-vs-kp,1,True,False,2,,,https://www.openml.org/search?type=data&status=active&id=3,,0.0,0,0,,73,3,73,0.521875,0.478125,1.091503267973856,0.998618854965042,1.9980862426274784,306,2,True,0.5223004694835681,2,0,,,,,,,,,,,,22,22,13,3,4,2,,0.99734375,tabfm,0.99609375,0.9376562500000001,0.05968749999999989,0.009569491217052351,1.0,0.07458806818181818,0.08875,1.0,False,0.9254119318181818,0.9225923295454546,0.9930649038461539,0.07430288461538462,0.0245814736756548,0.9966666666666667,0.07723958333333333,0.014093697391574284,0.9940234375,0.078125,0.02578042234817469,0.9593750000000001,0.06539062500000001,0.15756694956856349,0.9817500000000001,0.98109375,0.9376562500000001,366,366.0,0,0,0,10,0.0,,0.0,0.0,0.0003124999999999,mitra@v2,False,False,False,False,False,False,False,383.5,3.5046067706419537,2.884795363948981,0.47546875,0.09734374999999995,0.016249999999999987,-0.0036017628205128327,-0.002936698717948716
kropt,D_new62,True,multiclass,False,18,28056,6,0,6,1.0,15710,6734,5612,kropt,chess-krk,2,False,True,18,184.0,,https://www.openml.org/search?type=data&status=active&id=184&sort=runs,18.0,0.0,0,0,,40,8,40,0.1623307198859586,0.0008909479686386,182.2,0.840247985512762,11.343320255731298,5,18,True,0.1622705400106932,18,0,,,,,,,,,,,,8,6,2,2,0,2,tabpfn;PFN-v2;tabpfn25;tabpfn25b;tabpfn26;tabicl;mitra;mitra@v2;tabldm;tabfm;exaone;xgboost;mlp;resnet;ftt;tabm,0.8903955808980756,tabpfn3,0.8256325730577334,0.2798645759087669,0.6105310049893087,0.3172133567597604,0.0,0.004113209788548327,0.016696364932287912,0.8333333333333334,False,2.190544072226182,0.8992426942266571,0.8824394155381325,0.011430862437633601,0.3342476451777524,0.8256325730577334,0.000873129009265835,0.5331725680480336,,,,0.48017640769779046,3.5637918745545e-05,2.557421503131732,,0.2798645759087669,0.680488239486814,7,7.0,1,1,6,10,0.0,,0.0,0.0,0.0159123307198859,tabiclv2,True,True,False,True,True,True,True,374.1111111111111,4.448025752873446,3.8282731120520697,0.728064861012117,-0.009604419101924444,0.6105310049893087,0.05680684248039913,0.010557733428367766
law-school-admission-bianry,D_new62,True,binclass,True,2,20800,11,7,4,0.3636363636363636,11648,4992,4160,law-school-admission-bianry,law-school-admission-bianry,1,False,True,2,43889.0,,https://www.openml.org/search?type=data&status=active&id=43889&sort=runs,2.0,0.0,1,4,10.0,12,6,19,0.6858173076923076,0.3141826923076923,2.1828615149196633,0.8979428035050705,1.8634069812774117,1307,2,True,0.6762620192307692,2,0,,,,,,,,,,,,21,21,12,3,4,2,exaone,1.0,LogReg,1.0,0.9546875,0.04531249999999998,4.06916580126777e-10,1.0,0.06725732600732598,0.0987259615384615,1.0,False,0.9327426739926741,0.932011217948718,1.0,0.0809154647435897,3.061761363288625e-05,1.0,0.033701923076923046,1.7580628384150284e-05,0.9999819711538461,0.039435096153846126,8.744279449022659e-05,0.97734375,0.09128605769230763,0.088609694015665,0.9909375,1.0,0.9546875,1616,1616.0,0,0,0,10,0.0096153846153846,1.0,0.009375,0.0,0.0,tabicl,False,True,False,False,True,True,True,2496.0,4.318063334962762,3.6982745766743674,0.31418269230769236,0.09999999999999998,0.0,0.0,0.04721354166666665
letter,D_new62,True,multiclass,False,26,20000,15,15,0,0.0,11200,4800,4000,letter,letter,1,False,True,26,6.0,,https://www.openml.org/search?type=data&status=active&id=6&sort=runs,26.0,0.0,0,0,16.0,0,0,15,0.04075,0.03675,1.108843537414966,0.9998621776298808,25.988327617610565,147,26,True,0.040625,26,0,,,,,,,,,,,,8,7,2,3,0,2,tabpfn;PFN-v2;tabpfn25;tabpfn25b;tabpfn26;tabicl;mitra;mitra@v2;tabldm;tabfm;exaone;mlp;resnet;ftt;tabm,0.9881,tabpfn3,0.961775,0.762425,0.22567499999999996,0.0341213375117561,0.8571428571428571,0.07450000000000001,0.098575,0.8571428571428571,False,1.0777285714285711,0.904732142857143,0.987975,0.0966625,0.03447781903043455,0.962675,0.08566666666666667,0.13685026218049212,,,,0.8553124999999999,0.0355875,0.7915217448741797,0.91973,0.762425,0.9481999999999999,176,176.0,0,0,0,10,0.1075,1.0,0.1085,0.0,0.0002499999999998,tabiclv2,True,True,False,True,True,True,True,184.6153846153846,4.301029995663981,3.681241237375587,0.94735,0.08809999999999996,0.22567499999999996,0.0253000000000001,0.01099583333333333
mammography,D_new62,True,binclass,True,2,11183,6,6,0,0.0,6262,2684,2237,mammography,mammography,1,False,True,2,310.0,,https://www.openml.org/search?type=data&status=active&id=310&sort=runs,2.0,0.0,0,0,1311.0,0,0,6,0.9767545820295038,0.0232454179704962,42.01923076923077,0.1592940008127929,1.1167405146934484,52,2,True,0.9767493852000896,2,0,,,,,,,,,,,,17,17,12,3,0,2,exaone;mlp;resnet;ftt;tabm,0.9889584264640143,tabiclv2,0.9877961555654895,0.9826106392489942,0.006347787215020162,0.03218220667912549,1.0,0.08646559204817371,0.09959767545820289,1.0,False,0.9135344079518264,0.9122459175892081,0.9877961555654894,0.09189018030099831,0.03501164071349207,0.98697660557294,0.07560721203993438,0.053011663262542835,,,,0.9843540455967814,0.07020563254358511,0.10421232309338793,0.9859275815824766,0.9826106392489942,0.9860974519445685,62,62.0,0,0,1,10,0.3075547608404113,0.998546511627907,0.2962217750950145,0.0001587553579933,8.940545373281594e-05,tabldm,False,True,False,False,True,False,False,1342.0,4.048558324898481,3.4287825114969546,0.012203844434510502,0.0889584264640143,0.006347787215020162,0.0008195499925494065,0.01628296826106393
maternal_health_risk,A_published112,True,multiclass,False,3,1014,6,6,0,0.0,567,244,203,maternal_health_risk,maternal_health_risk,1,True,False,3,,,https://archive.ics.uci.edu/dataset/863/maternal+health+risk,3.0,0.0,0,1,17.5,0,0,6,0.3990147783251231,0.270935960591133,1.4727272727272729,0.9887650783354354,2.9631991116193563,55,3,True,0.4007398273736128,3,0,,,,,,,,,,,,22,22,13,3,4,2,,0.8482758620689654,tabfm,0.8142857142857143,0.6192118226600986,0.22906403940886688,0.38624864057399866,0.0,8.956560680698546e-05,0.00147783251231526,0.09090909090909091,False,1.3905956112852667,0.9156515897895208,0.824706328154604,0.0001515725653656677,0.4365492523160156,0.8152709359605911,0.0,0.6221981327945217,0.7286945812807881,0.0,0.7371063690616716,0.7155172413793104,0.0,1.8376647838046511,0.7753694581280788,0.6192118226600986,0.8118226600985222,65,65.0,0,0,3,10,0.7980295566502463,0.8765432098765432,0.8027127003699137,0.0763157894736842,0.0009852216748768,tabldm,False,False,False,False,False,False,False,81.33333333333333,3.0060379549973173,2.387389826338729,0.4492610837438423,-0.051724137931034586,0.22906403940886688,0.009435392194012904,0.0001515725653656677
mice_protein_expression,A_published112,True,multiclass,False,8,1080,75,75,0,0.0,604,260,216,mice_protein_expression,mice_protein_expression,1,True,False,8,,,https://archive.ics.uci.edu/dataset/342/mice+protein+expression,8.0,0.0103827160493827,0,0,1077.0,0,0,75,0.1388888888888889,0.0972222222222222,1.4285714285714286,0.9976755957721852,7.961425597379601,21,8,True,0.1388888888888889,8,0,,,,,,,,,,,,22,22,13,3,4,2,,1.0,tabfm,0.9974537037037037,0.9574074074074073,0.04259259259259274,1.677676894247081e-05,1.0,0.09501262626262622,0.12731481481481477,1.0,False,0.9049873737373737,0.9037668350168349,0.9990384615384615,0.08835470085470079,0.009050390776420862,0.9652777777777777,0.1208333333333333,0.2814192035053169,0.9893518518518518,0.1020833333333333,0.04681146408208631,0.9847222222222223,0.08541666666666664,0.16876577447688051,0.9730555555555555,0.987037037037037,0.9824074074074074,25,25.0,0,0,8,10,0.0,,0.0,0.0,0.0,tabpfn3,False,False,False,False,False,False,False,32.5,3.03342375548695,2.4149733479708178,0.8611111111111112,0.09999999999999998,0.012962962962962954,0.03376068376068386,-0.032478632478632516
microaggregation2,D_new62,True,multiclass,False,5,20000,20,20,0,0.0,11200,4800,4000,microaggregation2,microaggregation2,1,False,True,5,41671.0,,https://www.openml.org/search?type=data&status=active&id=41671&sort=runs,5.0,0.0,0,10,7869.0,0,0,20,0.558,0.03725,14.97986577181208,0.755125388245633,3.371397775281203,149,5,True,0.558125,5,0,,,,,,,,,,,,17,17,12,3,0,2,exaone;mlp;resnet;ftt;tabm,0.6477,tabfm,0.636725,0.571275,0.07642500000000008,0.845276527088115,0.0,0.0,0.0,0.0,True,2.1003661764705877,0.8999661764705882,0.6338729166666667,0.0,0.892514746265345,0.61915,0.0,0.9692662913074576,,,,0.5762375,0.0,1.3263456451938018,0.601985,0.571275,0.5812,178,178.0,0,0,0,10,0.0,,0.0,0.0,0.0049,tabpfn3,False,True,False,False,True,True,True,960.0,4.301029995663981,3.681241237375587,0.0897,-0.25229999999999997,0.07642500000000008,0.014722916666666697,0.0
mobile_c36_oversampling,D_new62,True,binclass,True,2,51760,6,6,0,0.0,28985,12423,10352,mobile_c36_oversampling,mobile_c36_oversampling,1,False,True,2,,,https://archive.ics.uci.edu/dataset/755/accelerometer+gyro+mobile+phone+dataset,2.0,0.0,0,0,46950.0,0,0,6,0.607032457496136,0.392967542503864,1.544739429695182,0.9666879301145092,1.9543487412139056,4068,2,True,0.607032457496136,2,0,,,,,,,,,,,,21,17,12,3,0,2,exaone;mlp;resnet;ftt;tabm,0.994049459041731,tabfm,0.9833655332302935,0.8332689335394127,0.16078052550231836,0.0205196235607357,0.9411764705882353,0.08313483043913078,0.10286901081916536,0.9411764705882353,False,0.9281929039003547,0.9030207291571961,0.9800111089644513,0.09182525115919625,0.05613704733671226,0.9785741885625966,0.09467413704276141,0.09194816519024372,,,,0.8998889103554868,0.013683346213292095,0.7000494121609461,0.9471000772797528,0.8332689335394127,0.966508887171561,4882,4882.0,0,0,0,10,0.0034775888717156,1.0,0.0048299845440494,0.0,0.0009466769706336,tabpfn3,False,True,False,False,True,True,True,6211.5,4.713994267660644,4.09422648522204,0.38701700154559504,0.09404945904173101,0.16078052550231836,0.0014369204018547244,-0.002848885883565161
mozilla4,D_new62,True,binclass,True,2,15545,4,4,0,0.0,8705,3731,3109,mozilla4,mozilla4,1,False,True,2,1046.0,,https://www.openml.org/search?type=data&status=active&id=1046&sort=runs,2.0,0.0,1,1,5262.5,0,0,4,0.6712769379221615,0.3287230620778385,2.0420743639921723,0.9136164083057392,1.8837616163155555,1022,2,True,0.6714377613380508,2,0,,,,,,,,,,,,16,16,11,3,0,2,tabfm;exaone;mlp;resnet;ftt;tabm,0.9479575426182052,mitra@v2,0.9416371823737535,0.8496944355098103,0.09826310710839492,0.14894466444567162,0.9375,0.05134488581537468,0.0674815053071727,0.9375,False,0.9575747828883885,0.901600192988099,0.9374192227842921,0.05713909763443371,0.17656790497970276,0.9459526107001178,0.06207783853329041,0.15988200981720527,,,,0.8766966870376327,0.0033772917336763997,0.4775684206003717,0.9182502412351239,0.8496944355098103,0.9036989385654552,1226,1226.0,0,0,0,10,0.0974589900289482,0.99009900990099,0.1001125763911225,0.0005997772256019,0.0,tabpfn26,False,True,False,False,True,True,False,1865.5,4.191590726379211,3.571825249040829,0.2766806046960437,0.04795754261820517,0.09826310710839492,-0.008533387915825696,-0.004938740898856701
naticusdroid+android+permissions+dataset,D_new62,True,binclass,True,2,29332,86,0,86,1.0,16425,7040,5867,naticusdroid+android+permissions+dataset,naticusdroid+android+permissions+dataset,1,False,True,2,,,https://archive.ics.uci.edu/dataset/722/naticusdroid+android+permissions+dataset,2.0,0.0,0,0,,172,2,172,0.5011078915970684,0.4988921084029316,1.0044414075845576,0.99999645840067,1.9999950903068455,2927,2,True,0.5011719582356702,2,0,,,,,,,,,,,,21,17,12,3,0,2,exaone;mlp;resnet;ftt;tabm,0.9729504005454235,tabfm,0.9693369694903697,0.9502471450485768,0.022703255496846708,0.07776542052506716,1.0,0.08765277373945995,0.09396625191750464,1.0,False,0.9123472262605401,0.9011239334663471,0.9684449747173455,0.0897605249701721,0.09128476309645937,0.9684677006988238,0.08497244474745748,0.09886450827783545,,,,0.96031191409579,0.07902675984319069,0.23985158597612358,0.9652053860576103,0.9585307652974263,0.9620930628941536,3512,3512.0,0,0,0,10,0.8087608658598944,0.9763962065331928,0.8030683997443,0.0126642393541237,0.0008692687915458,tabpfn3,False,True,False,False,True,True,True,3520.0,4.467341676323573,3.847572659142112,0.4718425089483551,0.07295040054542345,0.014419635247997165,-2.272598147834426e-05,0.004788080222714625
national-longitudinal-survey-binary,A_published112,True,binclass,True,2,4908,16,9,7,0.4375,2748,1178,982,national-longitudinal-survey-binary,national-longitudinal-survey-binary,1,True,False,2,43892.0,,https://www.openml.org/search?type=data&status=active&id=43892&sort=runs,2.0,0.0,1,3,30.0,71,29,80,0.6221995926680245,0.3778004073319755,1.646900269541779,0.95647369406463,1.9405608792792397,371,2,True,0.6225165562913907,2,0,,,,,,,,,,,,22,22,13,3,4,2,,1.0,PFN-v2,1.0,0.865478615071283,0.134521384928717,1.1617040346118953e-05,0.9545454545454546,0.08621088687280129,0.11038696537678203,0.9545454545454546,False,0.9179318644695424,0.9091649694501016,0.9995221682594392,0.09766567444775179,0.0016485319078102536,0.9996605566870332,0.0677189409368635,0.002036470843624533,0.9846995926680244,0.09037678207739303,0.05236476800578873,0.9298370672097759,0.03116089613034621,0.21168697289617466,0.9717311608961303,0.9941955193482688,0.865478615071283,445,445.0,0,0,0,10,0.0,,0.0,0.0,0.0,tabm,False,False,False,False,False,False,False,589.0,3.6909045540549665,3.0711452904510828,0.3778004073319755,0.09999999999999998,0.005804480651731225,-0.00013838842759406056,0.029946733510888293
okcupid_stem,D_new62,True,multiclass,False,3,26677,13,2,11,0.8461538461538461,14938,6403,5336,okcupid_stem,okcupid_stem,1,False,True,3,45067.0,,https://www.openml.org/search?type=data&status=active&id=45067&sort=runs,3.0,0.0,0,0,48.0,440,179,442,0.7200149925037481,0.1055097451274362,6.824156305506217,0.7085558696778409,2.1780460894183946,563,3,True,0.720069350077316,3,0,,,,,,,,,,,,12,12,12,0,0,0,exaone;catboost;lightgbm;xgboost;mlp;resnet;ftt;tabm;LogReg;knn,0.7543103448275862,tabfm,0.7494752623688157,0.732496251874063,0.021814092953523212,0.582187234284376,0.0,0.0,0.0,0.0,True,1.437034607696152,0.897787043978011,0.7470358570714642,0.0,0.5962397225289154,,,,,,,,,,,,,675,675.0,0,0,0,10,0.0028110944527736,0.7333333333333333,0.0027177733002202,0.0005630894843038,0.0025674662668665,tabpfn3,False,True,False,False,True,True,True,2134.3333333333335,4.426136988786424,3.8063835018241674,0.03429535232383807,-0.14568965517241383,,,
one-hundred-plants-margin,D_new62,True,multiclass,False,100,1600,64,64,0,0.0,896,384,320,one-hundred-plants-margin,plants-100,3,False,True,100,1491.0,,https://www.openml.org/search?type=data&status=active&id=1491&sort=runs,100.0,0.0,0,1,42.5,0,0,64,0.0125,0.009375,1.3333333333333333,0.998397019724084,99.26451830422384,3,100,True,0.01015625,100,0,,,,,,,,,,,,11,7,2,3,0,2,tabpfn;PFN-v2;tabpfn25;tabpfn25b;tabpfn26;tabicl;mitra;mitra@v2;tabldm;tabfm;exaone;mlp;resnet;ftt;tabm,0.8878125000000001,tabpfn3,0.78125,0.7353125,0.15250000000000008,0.4097175339821713,0.0,0.014375,0.0403125,0.8571428571428571,False,4.545624999999999,0.9054017857142856,0.8817187500000001,0.01953125,0.41194880006538315,0.7832291666666666,0.016354166666666666,1.8640416090039764,,,,0.75828125,0.00625,2.6117210635906645,0.77325,0.78125,0.7353125,3,3.0,100,100,100,10,0.0,,0.0,0.0,0.0121875000000001,tabiclv2,True,False,False,True,False,False,False,3.84,3.2041199826559246,2.584331224367531,0.8753125000000002,-0.012187499999999907,0.10656250000000012,0.09848958333333346,0.003177083333333334
one-hundred-plants-shape,D_new62,True,multiclass,False,100,1600,64,64,0,0.0,896,384,320,one-hundred-plants-shape,plants-100,3,False,True,100,1492.0,,https://www.openml.org/search?type=data&status=active&id=1492&sort=runs,100.0,0.0,0,0,757.0,0,0,64,0.0125,0.009375,1.3333333333333333,0.998397019724084,99.26451830422384,3,100,True,0.01015625,100,0,,,,,,,,,,,,11,10,2,2,4,2,tabpfn;PFN-v2;tabpfn25;tabpfn25b;tabpfn26;tabicl;mitra;mitra@v2;tabldm;tabfm;exaone;catboost,0.8028124999999999,tabpfn3,0.63828125,0.521875,0.28093749999999995,0.655737004741682,0.0,0.00015625,0.00125,0.2,False,11.09571875,0.9019375000000001,0.8010937499999999,0.000625,0.6757919789650816,0.52828125,0.0,2.874407496989229,0.6495312500000001,7.8125e-05,1.4332063412838774,0.59203125,0.0,4.63002345311842,,0.639375,0.5446875,3,3.0,100,100,100,10,0.0,,0.0,0.0,0.0034374999999998,tabiclv2,True,False,False,True,False,False,False,3.84,3.2041199826559246,2.584331224367531,0.7903125,-0.0971875000000001,0.1634374999999999,0.2728124999999999,0.000625
one-hundred-plants-texture,D_new62,True,multiclass,False,100,1599,64,64,0,0.0,895,384,320,one-hundred-plants-texture,plants-100,3,False,True,100,1493.0,,https://www.openml.org/search?type=data&status=active&id=1493&sort=runs,100.0,0.0,0,0,106.0,0,0,64,0.0125,0.009375,1.3333333333333333,0.998397019724084,99.26451830422384,3,100,True,0.0101641907740422,100,0,,,,,,,,,,,,6,6,2,2,0,2,tabpfn;PFN-v2;tabpfn25;tabpfn25b;tabpfn26;tabicl;mitra;mitra@v2;tabldm;tabfm;exaone;catboost;mlp;resnet;ftt;tabm,0.9103125000000001,tabpfn3,0.82890625,0.7896875,0.1206250000000001,0.33824527663809295,0.3333333333333333,0.0067708333333333336,0.022812500000000003,0.6666666666666666,False,14.874583333333332,0.9356770833333333,0.9064062500000001,0.017656250000000002,0.3553114281567388,0.7909375000000001,0.00234375,2.1133864140072434,,,,0.82890625,0.0003125,2.7145934068339073,,0.8412499999999999,0.8165625000000001,3,3.0,100,100,100,10,0.0,,0.0,0.0,0.0078125,tabiclv2,True,False,False,True,False,False,False,3.84,3.2038484637462346,2.584331224367531,0.8978125000000001,0.010312500000000058,0.06906250000000014,0.11546875000000001,0.015312500000000001
online_shoppers,D_new62,True,binclass,True,2,12330,14,5,9,0.6428571428571429,6904,2960,2466,online_shoppers,online_shoppers,1,False,True,2,45060.0,,https://www.openml.org/search?type=data&status=active&id=45060&sort=runs,2.0,0.0,1,2,1872.0,418,311,423,0.8450932684509327,0.1549067315490673,5.455497382198953,0.6219843917434444,1.538990570010337,382,2,True,0.8452960259529603,2,0,,,,,,,,,,,,21,21,12,3,4,2,exaone,0.9062043795620438,tabfm,0.9032035685320358,0.8766423357664234,0.02956204379562044,0.223915444480529,0.6666666666666666,0.0033889468196037433,0.01184103811841036,0.8571428571428571,False,1.0046402502606884,0.9016471633259955,0.9036901865369019,0.0051263855095971715,0.23205306075850762,0.9024330900243309,0.00268991619356582,0.24659477586076461,0.8950425790754258,0.00039537712895377,0.2707435545031485,0.8803933495539334,0.0,0.49545047659033703,0.8936171938361719,0.8841443633414435,0.8766423357664234,458,458.0,0,0,0,10,0.0206812652068126,1.0,0.0201743714517437,0.0,0.0004460665044607,PFN-v2,False,True,False,False,True,False,False,1480.0,4.090963076595732,3.4712917110589387,0.061111111111111116,0.0062043795620437825,0.022060016220600276,0.0012570965125709987,0.0024364693160313514
ozone-level-8hr,A_published112,True,binclass,True,2,2534,72,72,0,0.0,1418,609,507,ozone,ozone,2,True,False,2,1487.0,,https://www.openml.org/search?type=data&status=active&id=1487&sort=runs,2.0,0.0,0,0,267.5,0,0,72,0.9368836291913216,0.0631163708086785,14.84375,0.3396934971045292,1.2654877104974889,32,2,True,0.9368524913665516,2,0,,,,,,,,,,,,22,22,13,3,4,2,,0.9536489151873768,tabfm,0.9497041420118344,0.940828402366864,0.012820512820512775,0.1288993892176697,1.0,0.06324188631880936,0.07120315581854039,1.0,False,0.9367581136811908,0.9058454366146673,0.9509482627825825,0.06531634046426943,0.13593428404018235,0.9455621301775148,0.06166995397764624,0.19020787394661584,0.9433925049309666,0.062031558185404304,0.20182596096675587,0.9452662721893492,0.054536489151873715,0.2745974737751438,0.9454437869822485,0.9459566074950692,0.9445759368836292,38,38.0,0,0,1,10,0.0019723865877712,1.0,0.0039467192895905,0.0,0.0015779092702169,exaone,False,False,False,False,False,False,False,304.5,3.4038066105474227,2.784617292632875,0.0167652859960552,0.0536489151873768,0.007692307692307665,0.005386132605067706,0.0036463864866231877
ozone_level,A_published112,True,binclass,True,2,2536,36,0,36,1.0,1419,609,508,ozone,ozone,2,True,False,2,301.0,,https://www.openml.org/search?type=data&status=active&id=301&sort=runs,2.0,0.0,0,0,,3214,252,3214,0.9822834645669292,0.0177165354330708,55.44444444444444,0.1284200574881622,1.093095960410081,9,2,True,0.9684418145956608,2,0,,,,,,,,,,,,22,22,13,3,4,2,,0.9822834645669293,knn,0.9804133858267716,0.969488188976378,0.01279527559055127,0.07870310460154371,1.0,0.08501252684323547,0.0931102362204724,1.0,False,0.9149874731567647,0.9024069434502505,0.9800726832222895,0.08815869170199875,0.08564655613920111,0.9805118110236221,0.08064304461942252,0.11949598596260091,0.9761318897637795,0.08267716535433067,0.15076213823721157,0.980216535433071,0.07578740157480313,0.12656069672878828,0.9803937007874015,0.9781496062992125,0.9822834645669293,19,19.0,0,0,1,10,0.0039370078740157,1.0,0.0034516765285996,0.0,0.0,tabm,False,False,False,False,False,False,False,304.5,3.404149249209695,2.784617292632875,1.1102230246251565e-16,0.08228346456692925,0.004133858267716728,-0.000439127801332595,0.007515647082576224
page-blocks,A_published112,True,multiclass,False,5,5473,10,10,0,0.0,3064,1314,1095,page-blocks,page-blocks,1,True,False,5,30.0,,https://www.openml.org/search?type=data&status=active&id=30&sort=runs,5.0,0.0,0,0,781.0,0,0,10,0.897716894977169,0.0045662100456621,196.6,0.2730422789551263,1.5518450772946626,5,5,True,0.897670169026953,5,0,,,,,,,,,,,,22,22,13,3,4,2,,0.9767123287671232,tabpfn3,0.974474885844749,0.9616438356164384,0.015068493150684814,0.08710805908271882,1.0,0.0922083852220838,0.09808219178082188,1.0,False,0.9077916147779163,0.9012287256122874,0.9754970144011239,0.09374077976817698,0.09354823619212518,0.9713850837138508,0.09494672754946722,0.26982803591860427,0.966027397260274,0.0900913242009132,0.14108021703615267,0.9628767123287671,0.08237442922374426,0.43365343794859795,0.9679817351598174,0.9641095890410959,0.9616438356164384,7,7.0,1,1,4,10,0.021917808219178,0.8333333333333334,0.0201005025125628,0.0020823692734844,9.132420091317872e-05,tabpfn25,False,False,False,False,True,False,False,262.8,3.7382254481425052,3.118595365223762,0.07899543378995422,0.0767123287671232,0.012602739726027323,0.004111930687273113,-0.0012059477812902397
pc1,A_published112,True,binclass,True,2,1109,21,21,0,0.0,620,267,222,nasa-mdp,nasa-mdp,7,True,False,2,1068.0,,https://www.openml.org/search?type=data&status=active&id=1068&sort=runs,2.0,0.0,0,0,111.0,0,0,21,0.9324324324324323,0.0675675675675675,13.8,0.3567800143839433,1.2805645828687249,15,2,True,0.9301014656144306,2,0,,,,,,,,,,,,22,22,13,3,4,2,,0.946846846846847,tabldm,0.9394144144144143,0.9292792792792793,0.01756756756756761,0.15913142357632007,1.0,0.044041769041769,0.05360360360360357,1.0,False,0.9607084357084357,0.9124078624078625,0.9422730422730422,0.04816354816354811,0.1695503696148323,0.936036036036036,0.04909909909909905,0.35536945433961326,0.9309684684684684,0.03186936936936934,0.28816319921793043,0.936036036036036,0.034009009009008974,0.38568759716803436,0.936036036036036,0.9337837837837839,0.9382882882882881,19,19.0,0,0,1,10,0.2117117117117117,0.9787234042553192,0.1995490417136415,0.0051546391752577,0.000900900900901,tabiclv2,False,False,False,False,False,False,False,133.5,3.04493154614916,2.4265112613645754,0.0144144144144146,0.04684684684684692,0.01306306306306304,0.006237006237006182,-0.0009355509355509356
pc3,A_published112,True,binclass,True,2,1563,37,37,0,0.0,875,375,313,nasa-mdp,nasa-mdp,7,True,False,2,1050.0,,https://www.openml.org/search?type=data&status=active&id=1050&sort=runs,2.0,0.0,0,1,77.0,0,0,37,0.8977635782747604,0.1022364217252396,8.78125,0.4760450578524898,1.3909254120293866,32,2,True,0.8976,2,0,,,,,,,,,,,,22,22,13,3,4,2,,0.9012779552715655,tabicl,0.8955271565495208,0.8853035143769968,0.015974440894568676,0.25919866730244145,0.045454545454545456,0.0014812663374963618,0.00607028753993608,0.7727272727272727,False,1.0079146093523095,0.8973279117049086,0.8971246006389776,0.0016711722782010243,0.26688287340775846,0.8882854100106496,0.00021299254526091333,0.36907144308500167,0.8888178913738018,0.001517571884984015,0.38848802771397384,0.892811501597444,0.0020766773162939197,0.62568274130146,0.8900958466453673,0.8888178913738018,0.8968051118210862,38,38.0,0,0,1,10,0.1022364217252396,0.96875,0.1064,0.0025862068965517,0.0022364217252395,tabiclv2,False,False,False,False,False,False,False,187.5,3.193958978019187,2.574031267727719,0.003514376996805124,0.0012779552715654896,0.012460063897763662,0.008839190628327942,0.001458179732940111
pc4,A_published112,True,binclass,True,2,1458,37,37,0,0.0,816,350,292,nasa-mdp,nasa-mdp,7,True,False,2,1049.0,,https://www.openml.org/search?type=data&status=active&id=1049&sort=runs,2.0,0.0,1,3,70.0,0,0,37,0.8767123287671232,0.1232876712328767,7.111111111111111,0.5387379148665815,1.4527011227251696,36,2,True,0.8782161234991424,2,0,,,,,,,,,,,,22,22,13,3,4,2,,0.916095890410959,exaone,0.9066780821917808,0.8763698630136986,0.03972602739726039,0.17517399727971988,0.8636363636363636,0.028549190535491875,0.04794520547945201,1.0,False,0.9731320049813202,0.8905510585305106,0.9079557428872498,0.036907270811380365,0.19009845259625027,0.9083333333333332,0.019178082191780795,0.3052728712353932,0.8997431506849315,0.01635273972602736,0.3601799702222183,0.8900684931506849,0.01267123287671231,0.42991384292576207,0.9010273972602739,0.9037671232876713,0.8763698630136986,43,43.0,0,0,1,10,0.1095890410958904,0.96875,0.0994854202401372,0.0,0.0047945205479452,tabfm,False,False,False,False,False,False,False,175.0,3.163757523981956,2.5440680443502757,0.03938356164383572,0.016095890410958935,0.012328767123287676,-0.0003775904460834312,0.01772918861959957
pendigits,D_new62,True,multiclass,False,10,10992,16,16,0,0.0,6155,2638,2199,pendigits,pendigits,1,False,True,10,32.0,,https://www.openml.org/search?type=data&status=active&id=32&sort=runs,10.0,0.0,0,0,101.0,0,0,16,0.1041382446566621,0.0959527057753524,1.085308056872038,0.999643857246872,9.99180287153954,211,10,True,0.1040600477652678,10,0,,,,,,,,,,,,21,17,12,3,0,2,exaone;mlp;resnet;ftt;tabm,0.9978171896316509,tabfm,0.9955434288312869,0.9454752160072761,0.05234197362437476,0.012359095065328469,1.0,0.09440119840569239,0.10582082764893128,1.0,False,0.9055988015943077,0.9034882165690287,0.9948916174018492,0.10058359860542665,0.023593405461826214,0.9894345914809762,0.09643777474609667,0.04969776922337011,,,,0.9679172351068668,0.05425193269668026,0.18404948686779335,0.9808276489313326,0.9454752160072761,0.9903592542064574,253,253.0,0,0,0,10,0.0,,0.0,0.0,0.000818553888131,tabpfn3,False,True,False,True,True,False,False,263.8,4.041076719715475,3.4212747912103465,0.8936789449749888,0.09781718963165087,0.05234197362437476,0.005457025920872938,0.004145823859329975
phoneme,A_published112,True,binclass,True,2,5404,5,5,0,0.0,3026,1297,1081,phoneme,phoneme,1,True,False,2,1489.0,,https://www.openml.org/search?type=data&status=active&id=1489&sort=runs,2.0,0.0,0,0,5312.0,0,0,5,0.7067530064754857,0.2932469935245143,2.410094637223975,0.8728787474446372,1.831313452041524,317,2,True,0.7064538514920194,2,0,,,,,,,,,,,,22,22,13,3,4,2,,0.908418131359852,tabfm,0.8802497687326549,0.7324699352451434,0.1759481961147087,0.22114038073672387,0.045454545454545456,0.012236144983601021,0.05208140610545785,0.6363636363636364,False,1.0273526196282903,0.8841897233201581,0.8880310254038284,0.019953034939158863,0.25747815588140066,0.8728646315140303,0.0032685784767190803,0.41080864924674954,0.8577705827937097,0.0,0.38584488285397367,0.7993061979648473,0.0,0.8296874352211324,0.8434412580943571,0.7324699352451434,0.8661424606845513,381,381.0,0,0,0,10,0.005550416281221,1.0,0.0013879250520471,0.0,0.0128584643848288,tabpfn3,False,False,False,False,True,False,False,648.5,3.732715340349993,3.11293997608408,0.2016651248843664,0.008418131359852032,0.1759481961147087,0.015166393889798124,0.01668445646243978
pol,B_tierA_real4,True,binclass,True,2,10082,26,26,0,0.0,5645,2420,2017,pol,pol,1,True,False,2,44122.0,,https://www.openml.org/search?type=data&status=active&id=44122&sort=runs,2.0,0.0,0,0,80.0,0,0,26,0.5002478929102627,0.4997521070897372,1.0009920634920637,0.99999982269019,1.9999997541964256,1008,2,True,0.5000619962802232,2,0,,,,,,,,,,,,22,22,13,3,4,2,,0.9916212196331184,tabfm,0.9854238968765493,0.8775409023301934,0.114080317302925,0.01920706335750906,0.9545454545454546,0.0904155586604768,0.09960337134357952,0.9545454545454546,False,0.9138391851083967,0.9041060080227161,0.9853552496090922,0.0959002326379619,0.036826968461250505,0.9835399107585522,0.0937035200793257,0.04868472302927355,0.9858081308874567,0.09597174020823002,0.03856532629668852,0.9125681705503224,0.03872087258304411,0.383995583421013,0.9551512146752603,0.8775409023301934,0.9475954387704512,1210,1210.0,0,0,0,10,0.0049578582052553,1.0,0.0044637321760694,0.0,0.0015865146256817,mitra@v2,False,False,False,False,True,False,False,1210.0,4.003546693102132,3.383815365980431,0.4913733267228557,0.09162121963311842,0.114080317302925,0.0018153388505399715,0.0021967125586361963
predict_students_dropout_and_academic_success,A_published112,True,multiclass,False,3,4424,34,5,29,0.8529411764705882,2477,1062,885,predict_students_dropout_and_academic_success,predict_students_dropout_and_academic_success,1,True,False,3,,,https://archive.ics.uci.edu/dataset/697/predict+students+dropout+and+academic+success,3.0,0.0,0,3,10.0,504,46,509,0.4994350282485876,0.1796610169491525,2.779874213836478,0.928363422756993,2.772949248899683,159,3,True,0.4992935857586889,3,0,,,,,,,,,,,,22,22,13,3,4,2,,0.783502824858757,tabfm,0.7653672316384181,0.6865536723163842,0.0969491525423728,0.5487291635169109,0.0,0.0,0.0,0.0,True,1.5020955315870572,0.8996712891628146,0.7703172533681008,0.0,0.5759644975921518,0.7636911487758944,0.0,0.7081449289086065,0.7263276836158191,0.0,0.6871473859307916,0.6988700564971752,0.0,1.0994431962507392,0.7377627118644068,0.7111864406779661,0.6865536723163842,191,191.0,0,0,0,10,0.0,,0.0,0.0,0.007005649717514,tabpfn25,False,False,False,False,False,False,False,354.0,3.645815118296642,3.0261245167454502,0.2840677966101694,-0.11649717514124303,0.0723163841807909,0.006626104592206361,0.0
rice_cammeo_and_osmancik,A_published112,True,binclass,True,2,3810,7,7,0,0.0,2133,915,762,rice_cammeo_and_osmancik,rice_cammeo_and_osmancik,1,True,False,2,,,https://archive.ics.uci.edu/dataset/545/rice+cammeo+and+osmancik,2.0,0.0,0,0,3803.0,0,0,7,0.5721784776902887,0.4278215223097112,1.3374233128834356,0.9849152401415224,1.9791970294972103,326,2,True,0.5721784776902887,2,0,,,,,,,,,,,,22,22,13,3,4,2,,0.9322834645669291,exaone,0.9287401574803149,0.917716535433071,0.014566929133858153,0.18568187509668763,1.0,0.04507277499403479,0.05104986876640416,1.0,False,0.9549689811500834,0.8980136005726557,0.9302947708459521,0.04809206541490001,0.1887769231732377,0.9207786526684165,0.03801399825021867,0.2446845469827005,0.9195538057742783,0.040879265091863466,0.21979739044525215,0.9248687664041995,0.04442257217847764,0.24836120926853122,0.9224146981627298,0.9272965879265092,0.9224409448818898,391,391.0,0,0,0,10,0.0,,0.0,0.0,0.0009186351706036,tabfm,False,False,False,False,False,False,False,457.5,3.5809249756756194,2.9614210940664485,0.3601049868766404,0.0322834645669291,0.004986876640419968,0.009516118177535615,0.010078067164681341
ringnorm,A_published112,True,binclass,True,2,7400,20,20,0,0.0,4144,1776,1480,ringnorm,ringnorm,1,False,False,2,1496.0,,https://www.openml.org/search?type=data&status=active&id=1496&sort=runs,2.0,0.0,0,0,3756.5,0,0,20,0.5047297297297297,0.4952702702702702,1.019099590723056,0.9999354518706066,1.99991051929396,733,2,True,0.5048986486486486,2,0,,,,,,,,,,,,20,20,13,3,2,2,mlp;resnet,0.9802702702702704,tabpfn26,0.9786148648648649,0.7236486486486486,0.2566216216216217,0.05922693200933549,0.9,0.08246959459459455,0.09675675675675673,0.9,False,0.9874425675675674,0.9083243243243245,0.978939708939709,0.09260395010395008,0.06417065201281412,0.9698873873873873,0.08749999999999998,0.09314333922828504,0.9784459459459459,0.09152027027027024,0.07406623751593394,0.7465878378378379,0.0,4.397439541302394,0.8805675675675675,0.769527027027027,0.7236486486486486,879,879.0,0,0,0,10,0.0,,0.0,0.0,0.0,tabpfn3,False,False,False,False,True,False,False,888.0,3.8692317197309762,3.249442961442582,0.4755405405405406,0.08027027027027034,0.21074324324324334,0.009052321552321718,0.0051039501039500945
rl,A_published112,True,binclass,True,2,4970,12,5,7,0.5833333333333334,2783,1193,994,rl,rl,1,True,False,2,44160.0,,https://www.openml.org/search?type=data&status=active&id=44160&sort=runs,2.0,0.0,0,0,377.0,33,20,38,0.5,0.5,1.0,1.0,2.0,497,2,True,0.5,2,0,,,,,,,,,,,,22,22,13,3,4,2,,0.8986921529175049,tabfm,0.8122233400402414,0.5763581488933601,0.3223340040241448,0.2699139434045459,0.0,0.0,0.0,0.0,True,1.3143817450155475,0.9135083226632523,0.8405123045968116,0.0,0.36147994804886474,0.7876592890677397,0.0,0.47066867123813183,0.6741951710261569,0.0,0.6219472869318798,0.6135311871227365,0.0,1.0521580597711853,0.7180080482897384,0.5763581488933601,0.6507042253521127,596,596.0,0,0,0,10,0.0,,0.0,0.0,0.0083501006036217,tabiclv2,False,False,False,False,False,False,False,596.5,3.696356388733332,3.076640443670342,0.3986921529175049,-0.001307847082495095,0.3223340040241448,0.052853015529071845,0.0
satimage,A_published112,True,multiclass,False,6,6430,36,36,0,0.0,3600,1544,1286,satimage,satimage,1,True,False,6,182.0,,https://www.openml.org/search?type=data&status=active&id=182&sort=runs,6.0,0.0,0,0,79.0,0,0,36,0.2379471228615863,0.0972006220839813,2.448,0.9606879221617696,5.59191431206317,125,6,True,0.2381415241057543,6,0,,,,,,,,,,,,22,22,13,3,4,2,,0.9446345256609643,tabfm,0.9181181959564542,0.8545878693623639,0.09004665629860042,0.14144960295357642,0.8636363636363636,0.034801357274141055,0.06562986003110417,1.0,False,0.9728721900183797,0.900696309910929,0.9252302907046298,0.04650077760497662,0.18386865864530805,0.9127008812856404,0.029834110938309955,0.386812532531412,0.903635303265941,0.013821928460342109,0.2784248161671127,0.8765940902021773,0.008164852255054405,0.740652972741437,0.8982581648522551,0.8545878693623639,0.8986003110419907,150,150.0,0,0,0,10,0.0,,0.0,0.0,0.0103421461897357,tabiclv2,False,False,False,False,True,False,False,257.3333333333333,3.808210972924222,3.188647295999717,0.7066874027993779,0.044634525660964264,0.09004665629860042,0.01252940941898939,0.016666666666666663
segment,A_published112,True,multiclass,False,7,2310,17,17,0,0.0,1293,555,462,segment,segment,1,True,False,7,36.0,,https://www.openml.org/search?type=data&status=active&id=36&sort=runs,7.0,0.0,1,3,681.0,0,0,17,0.1428571428571428,0.1428571428571428,1.0,1.0,6.999999999999998,66,7,True,0.1428571428571428,7,0,,,,,,,,,,,,22,22,13,3,4,2,,0.9422077922077922,tabiclv2,0.9303030303030304,0.883982683982684,0.05822510822510818,0.16228196360947145,0.9090909090909091,0.058884297520661114,0.08766233766233764,1.0,False,0.9438606847697758,0.8894037780401418,0.9352980352980353,0.07405927405927402,0.17930306040046093,0.9221500721500723,0.06529581529581525,0.5555436185894295,0.9031926406926407,0.029707792207792166,0.28371235307663323,0.8849567099567099,0.008982683982683919,0.8407166089632403,0.9072727272727272,0.883982683982684,0.885930735930736,79,79.0,0,0,7,10,0.170995670995671,0.9620253164556962,0.172077922077922,0.0011983223487118,0.0002164502164501,tabpfn25,False,False,False,False,False,False,False,79.28571428571429,3.3636119798921444,2.7442929831226763,0.7993506493506494,0.04220779220779214,0.05822510822510818,0.013147963147963071,0.00876345876345877
seismic+bumps,A_published112,True,binclass,True,2,2584,18,14,4,0.2222222222222222,1446,621,517,seismic+bumps,seismic+bumps,1,True,False,2,,,https://archive.ics.uci.edu/dataset/266/seismic+bumps,2.0,0.0,4,8,8.5,10,3,24,0.9342359767891684,0.0657640232108317,14.205882352941176,0.349913165517662,1.274483915000668,34,2,True,0.9342041606192548,2,0,,,,,,,,,,,,22,22,13,3,4,2,,0.9342359767891683,mitra@v2,0.9337524177949711,0.9220502901353965,0.012185686653771732,0.22221688482635446,1.0,0.053481624758220464,0.059187620889748514,1.0,False,0.9465183752417797,0.8929927905749957,0.9339979169766403,0.05653920547537564,0.22801432713537859,0.9295293359123148,0.04854932301740808,0.2700051533648431,0.926450676982592,0.04854932301740808,0.2863886605732163,0.9325918762088976,0.05087040618955509,0.31534239484088866,0.9307543520309478,0.9319148936170214,0.9332688588007738,41,41.0,0,0,1,10,0.0058027079303675,1.0,0.0029027576197387,0.0,0.0,tabpfn3,False,False,False,False,False,False,False,310.5,3.4122925093230463,2.79309160017658,-1.1102230246251565e-16,0.03423597678916823,0.002321083172146854,0.004468581064325461,0.007989882457967556
shill-bidding,A_published112,True,binclass,True,2,6321,3,3,0,0.0,3539,1517,1265,shill-bidding,shill-bidding,1,True,False,2,42889.0,,https://www.openml.org/search?type=data&status=active&id=42889&sort=runs,2.0,0.0,0,1,22.0,0,0,3,0.8956521739130435,0.1043478260869565,8.583333333333334,0.4826282743485024,1.3972868997016852,132,2,True,0.8926028481012658,2,0,,,,,,,,,,,,22,22,13,3,4,2,,0.9104347826086956,tabfm,0.9048616600790513,0.8935177865612648,0.0169169960474308,0.2105775511506686,0.7727272727272727,0.0010097017606898887,0.00252964426877467,0.7727272727272727,False,1.0068810636004313,0.9074308300395256,0.9069200364852539,0.0015202189115232382,0.21277550965489483,0.8987088274044797,7.905138339920667e-05,0.23939900932393451,0.9039328063241108,0.00027667984189723004,0.21927160813294228,0.8976679841897233,0.0005533596837944551,0.2930086023510887,0.898292490118577,0.8935177865612648,0.9018181818181817,163,163.0,0,0,0,10,0.9407114624505928,0.8983193277310925,0.9412579113924052,0.2451612903225806,0.0004743083003951,tabpfn25b,False,False,False,False,True,False,False,758.5,3.8007857903277626,3.1809855807867304,0.014782608695652066,0.01043478260869557,0.0169169960474308,0.008211209080774218,0.0014411675281240316
shrutime,A_published112,True,binclass,True,2,10000,10,4,6,0.6,5600,2400,2000,churn,churn,5,True,False,2,45062.0,,https://www.openml.org/search?type=data&status=active&id=45062&sort=runs,2.0,0.0,0,0,3421.0,24,11,28,0.806,0.194,4.154639175257732,0.7097645542842426,1.6355371780642758,388,2,True,0.793875,2,0,,,,,,,,,,,,22,22,13,3,4,2,,0.86995,exaone,0.8670500000000001,0.81875,0.05120000000000002,0.30558216295109164,0.0,0.0,0.0,0.0,True,1.1029977272727272,0.907859090909091,0.8674653846153846,0.0,0.31389686931431743,0.8650500000000001,0.0,0.344678804360979,0.8624999999999999,0.0,0.3378895638998025,0.8317749999999999,0.0,0.5097874327991928,0.85174,0.81875,0.8448,495,495.0,0,0,0,10,0.0,,0.0,0.0,0.0001499999999999,tabpfn25b,False,False,False,False,True,False,False,1200.0,4.0,3.380211241711606,0.06394999999999995,-0.03005000000000002,0.05120000000000002,0.002415384615384486,0.0
shuttle,D_new62,True,multiclass,False,7,58000,9,9,0,0.0,32480,13920,11600,shuttle,shuttle,1,False,True,7,40685.0,,https://www.openml.org/search?type=data&status=active&id=40685&sort=runs,7.0,0.0,0,0,86.0,0,0,9,0.785948275862069,0.0001724137931034,4558.5,0.3421423017826353,1.9460042689374148,2,7,True,0.7859698275862069,7,0,,,,,,,,,,,,16,16,11,3,0,2,tabpfn;exaone;mlp;resnet;ftt;tabm,0.9999051724137932,tabfm,0.9994568965517241,0.9145431034482758,0.08536206896551735,0.0004681616165223208,1.0,0.08500538793103445,0.10250862068965512,1.0,False,0.9212376077586206,0.9137209051724138,0.9914090909090909,0.09199451410658303,0.03192338982245963,0.9997816091954025,0.08388218390804593,0.0009706580393715403,,,,0.9824008620689655,0.04824999999999995,0.06081260940782381,0.9928293103448276,0.965793103448276,0.9990086206896551,2,2.0,2,3,4,10,0.0,,0.0,0.0,3.448275862061312e-05,catboost,False,True,False,False,True,True,True,1988.5714285714287,4.763427993562937,4.143639235274543,0.21395689655172423,0.09990517241379315,0.03411206896551722,-0.008372518286311581,0.008112330198537104
spambase,A_published112,True,binclass,True,2,4601,57,57,0,0.0,2576,1104,921,spambase,spambase,1,True,False,2,44.0,,https://www.openml.org/search?type=data&status=active&id=44&sort=runs,2.0,0.0,0,0,177.0,0,0,57,0.6058631921824105,0.3941368078175896,1.537190082644628,0.9674173516362388,1.9553371028760391,363,2,True,0.6059782608695652,2,0,,,,,,,,,,,,22,22,13,3,4,2,,0.9587404994571118,tabfm,0.9496742671009772,0.9103148751357221,0.04842562432138975,0.11150947761180671,1.0,0.08322969104728056,0.10195439739413677,1.0,False,0.9167703089527192,0.8893149738426609,0.9534368996909716,0.09339346863776826,0.12736451453273673,0.9458197611292073,0.08896127397756058,0.16997430686875084,0.9335233441910965,0.06473941368078172,0.20856877923062142,0.9165580890336591,0.04554831704668833,0.3706680699592777,0.9341150922909879,0.922801302931596,0.9103148751357221,435,435.0,0,0,0,10,0.1150922909880564,0.981132075471698,0.1116847826086956,0.0002945508100147,0.0014115092290987,tabicl,False,False,False,False,False,False,False,552.0,3.6628522332647964,3.0429690733931802,0.35287730727470135,0.058740499457111794,0.035939196525515804,0.0076171385617642695,0.004432194660207681
splice,A_published112,True,multiclass,False,3,3190,60,0,60,1.0,1786,766,638,splice,splice,1,True,False,3,46.0,,https://www.openml.org/search?type=data&status=active&id=46&sort=runs,3.0,0.0,0,0,,287,6,287,0.5188087774294671,0.2398119122257053,2.1633986928104574,0.9338811065787262,2.7898093490995866,153,3,True,0.5188087774294671,3,0,,,,,,,,,,,,22,22,13,3,4,2,,0.9655172413793103,PFN-v2,0.9566614420062696,0.8178683385579937,0.1476489028213166,0.09919664417222936,0.7727272727272727,0.07467227130236533,0.10971786833855797,0.9090909090909091,False,0.9611641493302936,0.892383870048447,0.9512056908608633,0.08942609115022905,0.1315230128995507,0.9549634273772205,0.09838035527690696,0.23637500339941675,0.8960815047021944,0.044435736677115964,0.4500335083305128,0.8322100313479623,0.0036833855799372852,0.5593799580192687,0.9058620689655171,0.8178683385579937,0.846551724137931,184,184.0,0,0,0,10,0.0940438871473354,1.0,0.0834639498432602,0.0004111842105263,0.0026645768025077,tabpfn25b,False,False,False,False,False,False,False,255.33333333333334,3.503790683057181,2.884228769632604,0.4467084639498432,0.06551724137931025,0.1476489028213166,-0.0037577365163572463,-0.008954264126677908
sports_articles_for_objectivity_analysis,A_published112,True,binclass,True,2,1000,59,57,2,0.0338983050847457,560,240,200,sports_articles_for_objectivity_analysis,sports_articles_for_objectivity_analysis,1,True,False,2,,,https://archive.ics.uci.edu/dataset/450/sports+articles+for+objectivity+analysis,2.0,0.0,3,10,35.0,4,2,61,0.635,0.365,1.7397260273972603,0.9467554496831933,1.9275328529221232,73,2,True,0.635,2,0,,,,,,,,,,,,22,22,13,3,4,2,,0.8504999999999999,mitra,0.83925,0.8099999999999999,0.04049999999999998,0.3811866277470592,0.0,0.0,0.0,0.0,True,1.1257727272727274,0.886090909090909,0.8443076923076924,0.0,0.3920163143652679,0.8208333333333333,0.0,0.6321667150868092,0.8266249999999999,0.0,0.5241612199380539,0.81975,0.0,0.6632406346509868,0.8203999999999999,0.8195,0.82,88,88.0,0,0,1,10,0.01,1.0,0.0075,0.0,0.002,tabicl,False,False,False,False,False,False,False,120.0,3.0,2.380211241711606,0.2154999999999999,-0.0495000000000001,0.030999999999999917,0.023474358974359122,0.0
statlog,A_published112,True,binclass,True,2,1000,20,7,13,0.65,560,240,200,statlog,german-credit,2,True,False,2,,,https://archive.ics.uci.edu/dataset/144/statlog+german+credit+data,2.0,0.0,1,4,4.0,54,10,61,0.7,0.3,2.3333333333333335,0.8812908992306927,1.8420227750373133,60,2,True,0.7,2,0,,,,,,,,,,,,22,22,13,3,4,2,,0.747,mitra@v2,0.73075,0.7,0.04700000000000004,0.4989687409051432,0.0,0.0,0.0,0.0,True,1.3926363636363637,0.89575,0.735,0.0,0.5158587319151395,0.7321666666666666,0.0,0.6532363838572351,0.7149999999999999,0.0,0.6053890443901842,0.7157499999999999,0.0,1.0383743439946889,0.7255999999999999,0.721,0.7104999999999999,72,72.0,0,0,1,10,0.0,,0.0,0.0,0.005,PFN-v2,False,False,False,False,False,False,False,120.0,3.0,2.380211241711606,0.04700000000000004,-0.15300000000000002,0.026000000000000023,0.0028333333333333544,0.0
steel_plates_faults,A_published112,True,multiclass,False,7,1941,27,25,2,0.074074074074074,1086,466,389,steel_plates_faults,steel_plates_faults,1,True,False,7,,,https://archive.ics.uci.edu/dataset/198/steel+plates+faults,7.0,0.0,0,1,770.0,4,2,29,0.3470437017994858,0.0282776349614395,12.272727272727272,0.8578946611766255,5.308906745061544,11,7,True,0.3466494845360824,7,0,,,,,,,,,,,,22,22,13,3,4,2,,0.8524421593830335,tabfm,0.8071979434447301,0.7182519280205655,0.134190231362468,0.3803767715557932,0.0,3.505491937368409e-05,0.00025706940874035,0.13636363636363635,False,1.46039962608086,0.9171301706006076,0.8289499703381453,5.9323709709311543e-05,0.4414704941478909,0.7817480719794344,0.0,0.7486888905458603,0.7419023136246787,0.0,0.8475742513759956,0.7266066838046272,0.0,1.6575918451724383,0.7596915167095115,0.7182519280205655,0.734961439588689,13,13.0,0,2,6,10,0.0,,0.0,0.0,0.0087403598971722,tabpfn25,False,False,False,False,False,False,False,66.57142857142857,3.2880255353883627,2.66838591669,0.5053984575835477,-0.04755784061696655,0.134190231362468,0.047201898358710914,5.9323709709311543e-05
svmguide3,A_published112,True,binclass,True,2,1243,22,22,0,0.0,695,299,249,svmguide3,svmguide3,1,True,False,2,1589.0,,https://www.openml.org/search?type=data&status=active&id=1589&sort=runs,2.0,0.0,1,4,970.5,0,0,22,0.7710843373493976,0.2289156626506024,3.3684210526315788,0.776116265618875,1.7125145736873684,57,2,True,0.7595573440643864,2,0,,,,,,,,,,,,22,22,13,3,4,2,,0.9104417670682732,tabfm,0.8554216867469879,0.7947791164658635,0.11566265060240966,0.2093985208716119,0.045454545454545456,0.0015881708652792966,0.03132530120481924,0.22727272727272727,False,1.1058598028477546,0.8903979554581966,0.8664504170528267,0.002687673772011117,0.3121080186771711,0.8365461847389559,0.0,0.4863215017517373,0.8156626506024096,0.0,0.5026524392081884,0.7983935742971888,0.0,0.5298276454941393,0.8212851405622489,0.8020080321285141,0.7947791164658635,72,72.0,0,0,1,10,0.0,,0.0,0.0,0.0265060240963856,exaone,False,False,False,False,False,False,False,149.5,3.094471128641645,2.4756711883244296,0.13935742971887555,0.010441767068273156,0.10843373493975905,0.029904232313870738,0.002687673772011117
sylvine,A_published112,True,binclass,True,2,5124,20,20,0,0.0,2869,1230,1025,sylvine,sylvine,1,True,False,2,41146.0,,https://www.openml.org/search?type=data&status=active&id=41146&sort=runs,2.0,0.0,0,0,360.5,0,0,20,0.5004878048780488,0.4995121951219512,1.001953125,0.9999993134109364,1.9999990481856793,512,2,True,0.5001219809709685,2,0,,,,,,,,,,,,22,22,13,3,4,2,,0.9810731707317073,tabfm,0.9592195121951219,0.8744390243902439,0.1066341463414634,0.05745212347535415,0.9545454545454546,0.07930376940133033,0.11687804878048776,0.9545454545454546,False,0.9244434589800445,0.8944035476718404,0.9658461538461539,0.09992495309568473,0.08852784574709263,0.9418536585365853,0.07931707317073167,0.1875653923999834,0.9304878048780489,0.04641463414634143,0.21524910001624867,0.8944878048780489,0.01102439024390242,0.32655564034761364,0.9229073170731708,0.9145365853658538,0.8744390243902439,615,615.0,0,0,0,10,0.0,,0.0,0.0,0.0070243902439024,mitra@v2,False,False,False,False,False,False,False,615.0,3.7096091210726487,3.089905111439398,0.4805853658536585,0.08107317073170728,0.0665365853658535,0.023992495309568596,0.020607879924953068
synthetic_baseline_000,C_synthetic40,False,binclass,True,2,4000,38,38,0,0.0,2240,960,800,synthetic_baseline_000,synthetic_baseline_000,1,False,False,2,,baseline,synthetic_datasets_baseline/synthetic_baseline_000.csv,2.0,0.0,0,0,4000.0,0,0,38,0.5,0.5,1.0,1.0,2.0,400,2,True,0.5003125,2,0,37.0,1.0,0.0,0.5840681482414767,18.839745792656768,0.0454123114036309,0.1285503919537242,0.3463638592923022,0.9970241253015528,0.149285349239976,0.9947955966908196,22,22,13,3,4,2,,0.9925,LogReg,0.9925,0.991375,0.0011250000000000426,0.04425736706371454,1.0,0.10035795454545454,0.11387499999999999,1.0,False,0.8996420454545454,0.8928636363636364,0.9924999999999999,0.10577884615384615,0.046113580261229054,0.9925,0.10212499999999998,0.052151019356465676,0.99221875,0.09331249999999999,0.05490198155877186,0.9925,0.0765625,0.10740085355639942,0.9925,0.9925,0.9925,480,480.0,0,0,0,10,0.0,,0.0,0.0,0.0,PFN-v2,False,False,False,False,False,False,False,480.0,3.6020599913279625,2.9822712330395684,0.49250000000000005,0.09250000000000003,0.0,-1.1102230246251565e-16,0.003653846153846174
synthetic_baseline_001,C_synthetic40,False,binclass,True,2,3232,29,29,0,0.0,1810,776,646,synthetic_baseline_001,synthetic_baseline_001,1,False,False,2,,baseline,synthetic_datasets_baseline/synthetic_baseline_001.csv,2.0,0.0,0,0,3232.0,0,0,29,0.5015479876160991,0.4984520123839009,1.0062111801242235,0.999993085827787,1.9999904149450176,322,2,True,0.5019334880123744,2,0,28.0,1.0,0.0,0.5891588914863088,14.95171451355576,0.0650074136871365,0.1850947349888324,0.3579794392502833,1.021844840095438,0.1742448386406516,0.9949442554743376,22,22,13,3,4,2,,0.9891640866873065,catboost,0.9891640866873065,0.9885448916408668,0.0006191950464397022,0.06120115019559631,1.0,0.10127357162960872,0.1142414860681114,1.0,False,0.8987264283703912,0.8884182381086405,0.9891521790902597,0.10347701833769939,0.06542912938261145,0.9890608875128999,0.10660474716202266,0.07570631182982264,0.9886609907120743,0.10166408668730646,0.07292559907019167,0.9890866873065015,0.07817337461300304,0.11771343095733885,0.9890712074303405,0.9890092879256965,0.9891640866873065,386,386.0,0,0,0,10,0.0,,0.0,0.0,0.0,tabicl,False,False,False,False,False,False,False,388.0,3.5094713521025485,2.8898617212581885,0.4876160990712074,0.08916408668730647,0.00015479876160995332,9.129157735976445e-05,-0.0031277288243232726
synthetic_baseline_002,C_synthetic40,False,binclass,True,2,3361,38,38,0,0.0,1882,807,672,synthetic_baseline_002,synthetic_baseline_002,1,False,False,2,,baseline,synthetic_datasets_baseline/synthetic_baseline_002.csv,2.0,0.0,0,0,3361.0,0,0,38,0.5014880952380952,0.4985119047619047,1.0059701492537314,0.999993610503602,1.999991142296788,335,2,True,0.502045370026032,2,0,37.0,1.0,0.0,0.5663645508697935,19.44415939185118,0.050396237392912,0.206785769337599,0.4381752086708776,1.014473647880474,0.1912210526668281,0.9131232523104208,22,22,13,3,4,2,,0.9880952380952379,PFN-v2,0.9880952380952379,0.9836309523809523,0.004464285714285587,0.06563319565081091,1.0,0.09828869047619043,0.11116071428571424,1.0,False,0.9017113095238097,0.8906655844155846,0.9880380036630034,0.09982829670329664,0.07158075886106789,0.9879464285714284,0.09627976190476185,0.08471309381012872,0.986235119047619,0.10658482142857138,0.09614372118543296,0.9880208333333331,0.07470238095238091,0.19245000983161073,0.9879761904761905,0.9879464285714284,0.9880952380952379,402,402.0,0,0,0,10,0.0,,0.0,0.0,0.0,PFN-v2,False,False,False,False,False,False,False,403.5,3.5264685124694775,2.90687353472207,0.4866071428571427,0.0880952380952379,0.00014880952380946777,9.157509157498023e-05,0.003548534798534786
synthetic_baseline_003,C_synthetic40,False,binclass,True,2,1901,33,33,0,0.0,1064,456,381,synthetic_baseline_003,synthetic_baseline_003,1,False,False,2,,baseline,synthetic_datasets_baseline/synthetic_baseline_003.csv,2.0,0.0,0,0,1901.0,0,0,33,0.5013123359580053,0.4986876640419947,1.0052631578947369,0.9999950307014372,1.999993111101288,190,2,True,0.5013157894736842,2,0,32.0,1.0,0.0,0.5994197106611471,17.96327850846635,0.0916008064379333,0.3472422023287013,0.4139067674161784,0.8897480712775776,0.2093256117945885,0.769079491453927,22,22,13,3,4,2,,0.9816272965879265,LogReg,0.9816272965879265,0.9805774278215221,0.0010498687664043382,0.09447304533157916,1.0,0.0785492722500596,0.0992125984251968,1.0,False,0.9214507277499404,0.9041278931042711,0.9816272965879267,0.07635776297193614,0.10312975195782006,0.9814523184601924,0.08057742782152225,0.12226648610194547,0.9811023622047242,0.08727034120734903,0.15097603518198324,0.9816272965879265,0.07230971128608918,0.20889117766716403,0.981522309711286,0.9816272965879265,0.9816272965879265,227,227.0,0,0,0,10,0.0,,0.0,0.0,0.0,PFN-v2,False,False,False,False,False,False,False,228.0,3.278982116865443,2.658964842664435,0.4803149606299212,0.08162729658792645,0.0,0.00017497812773425991,-0.004219664849586108
synthetic_baseline_004,C_synthetic40,False,binclass,True,2,1582,33,33,0,0.0,885,380,317,synthetic_baseline_004,synthetic_baseline_004,1,False,False,2,,baseline,synthetic_datasets_baseline/synthetic_baseline_004.csv,2.0,0.0,0,0,1582.0,0,0,33,0.501577287066246,0.4984227129337539,1.0063291139240509,0.9999928216151336,1.999990048670295,158,2,True,0.5019762845849802,2,0,32.0,1.0,0.0,0.5693018643958855,22.52448588710165,0.0670101705876538,0.2441249192617682,0.3651819443680389,0.8857485807481518,0.1728358174862555,0.9187728121047564,22,22,13,3,4,2,,0.9936908517350158,PFN-v2,0.9936908517350158,0.9911671924290222,0.0025236593059936308,0.03888836756345201,1.0,0.08382563808431313,0.10220820189274442,1.0,False,0.9161743619156867,0.9101233151706338,0.9936908517350158,0.08679932055326373,0.04494803298208982,0.9935856992639328,0.0838065194532071,0.05696124085845167,0.9920347003154575,0.08383280757097787,0.08591691235589236,0.9935331230283911,0.06451104100946368,0.13753456742778747,0.9935646687697162,0.9933753943217665,0.9936908517350158,189,189.0,0,0,0,10,0.0,,0.0,0.0,0.0,PFN-v2,False,False,False,False,False,False,False,190.0,3.1992064791616577,2.57978359661681,0.49211356466876977,0.09369085173501579,0.0003154574132493426,0.00010515247108300319,0.002992801100056619
synthetic_baseline_005,C_synthetic40,False,binclass,True,2,3531,32,32,0,0.0,1976,848,707,synthetic_baseline_005,synthetic_baseline_005,1,False,False,2,,baseline,synthetic_datasets_baseline/synthetic_baseline_005.csv,2.0,0.0,0,0,3531.0,0,0,32,0.5007072135785007,0.4992927864214992,1.0028328611898016,0.9999985568686524,1.999997999396151,353,2,True,0.5007082152974505,2,0,31.0,1.0,0.0,0.9399235532184332,13.3303062050506,0.0697643412931122,0.3637441585137347,0.4506745793518774,1.0023666768935904,0.2178102313224285,0.9950992544058122,22,22,13,3,4,2,,0.9902404526166901,resnet,0.9900990099009899,0.9896746817538895,0.0005657708628006297,0.054263838820145495,1.0,0.0897582615404397,0.09787835926449784,1.0,False,0.9102417384595601,0.9013115597274013,0.9900990099009896,0.09237297356109232,0.05756143629345042,0.9900990099009898,0.09382366808109378,0.06475931000698928,0.989992927864215,0.08691654879773687,0.07562947427067464,0.9900990099009899,0.07234794908062231,0.08539811760454244,0.9900990099009899,0.9900990099009899,0.9900990099009899,423,423.0,0,0,0,10,0.0,,0.0,0.0,0.0001414427157002,LogReg,False,False,False,False,False,False,False,424.0,3.5478977175630972,2.9283958522567137,0.48953323903818946,0.09024045261669011,0.00014144271570026845,-1.1102230246251565e-16,-0.001450694520001461
synthetic_baseline_006,C_synthetic40,False,binclass,True,2,3239,36,36,0,0.0,1813,778,648,synthetic_baseline_006,synthetic_baseline_006,1,False,False,2,,baseline,synthetic_datasets_baseline/synthetic_baseline_006.csv,2.0,0.0,0,0,3239.0,0,0,36,0.5,0.5,1.0,1.0,2.0,324,2,True,0.5001929756850637,2,0,35.0,1.0,0.0,0.6338559077756628,14.403425725876724,0.0567168433509203,0.2643188168089467,0.4146788704665481,0.935259053903911,0.2167799694598057,0.9949079008768128,22,22,13,3,4,2,,0.9876543209876545,LogReg,0.9876543209876545,0.9861111111111113,0.0015432098765432167,0.06723815877958776,1.0,0.08841891133557794,0.10092592592592589,1.0,False,0.911581088664422,0.8999579124579125,0.9876543209876547,0.08896011396011393,0.07102812540293213,0.9876028806584364,0.08873456790123452,0.07793227116828134,0.9870756172839508,0.08784722222222217,0.15942854588744587,0.9876543209876545,0.08557098765432095,0.17031942296898123,0.9876234567901235,0.9876543209876545,0.9876543209876545,389,389.0,0,0,0,10,0.0,,0.0,0.0,0.0,PFN-v2,False,False,False,False,False,False,False,389.0,3.510410948010177,2.890979596989689,0.4876543209876545,0.08765432098765447,0.0,5.144032921833297e-05,0.00022554605887940837
synthetic_baseline_007,C_synthetic40,False,binclass,True,2,3758,33,33,0,0.0,2104,902,752,synthetic_baseline_007,synthetic_baseline_007,1,False,False,2,,baseline,synthetic_datasets_baseline/synthetic_baseline_007.csv,2.0,0.0,0,0,3758.0,0,0,33,0.5013297872340425,0.4986702127659574,1.0053333333333334,0.9999948976603468,1.9999929266678185,375,2,True,0.500998003992016,2,0,32.0,1.0,0.0,0.4970778354467426,15.2637773964535,0.0537455434054491,0.3245544036933382,0.3471265223892041,0.9409856195995756,0.1635252910229861,0.9951708761210044,22,22,13,3,4,2,,0.9867021276595744,LogReg,0.9867021276595744,0.9859042553191489,0.0007978723404254984,0.0725758203674444,1.0,0.08934356866537713,0.0998670212765957,1.0,False,0.9106564313346229,0.8978118955512571,0.9867021276595745,0.08721358428805234,0.08010960267984016,0.9867021276595743,0.09539007092198577,0.09131328729761501,0.9862367021276597,0.0934507978723404,0.11181024320042983,0.9867021276595744,0.08590425531914889,0.17173366121674694,0.9867021276595744,0.9867021276595744,0.9867021276595744,450,450.0,0,0,0,10,0.0,,0.0,0.0,0.0,PFN-v2,False,False,False,False,False,False,False,451.0,3.5749567757645067,2.9552065375419416,0.4853723404255319,0.08670212765957441,0.0,2.220446049250313e-16,-0.00817648663393343
synthetic_baseline_008,C_synthetic40,False,binclass,True,2,4805,38,38,0,0.0,2690,1154,961,synthetic_baseline_008,synthetic_baseline_008,1,False,False,2,,baseline,synthetic_datasets_baseline/synthetic_baseline_008.csv,2.0,0.0,0,0,4805.0,0,0,38,0.5015608740894901,0.4984391259105099,1.0062630480167014,0.9999929702321564,1.9999902546962212,479,2,True,0.5020811654526535,2,0,37.0,1.0,0.0,0.4111602780513096,14.02023465114042,0.0471388946272938,0.1783785671267762,0.3035822960087009,0.7164061234584453,0.1804808387522388,0.9950983193086412,22,22,13,3,4,2,,0.9958376690946931,PFN-v2,0.9958376690946931,0.9944849115504683,0.001352757544224814,0.026648375857891822,1.0,0.09870400151357485,0.11290322580645158,1.0,False,0.9012959984864252,0.8975593605146153,0.9958376690946928,0.10221724165532692,0.028409867146239682,0.9954908081859175,0.09323621227887612,0.03487395748412803,0.9948751300728409,0.096149843912591,0.04385205249290071,0.9956295525494279,0.08917793964620183,0.04890022212477872,0.9955463059313218,0.9954214360041626,0.9958376690946931,575,575.0,0,0,0,10,0.0,,0.0,0.0,0.0,tabldm,False,False,False,False,False,False,False,577.0,3.681693392004564,3.0622058088197126,0.49427679500520294,0.09583766909469305,0.0004162330905305156,0.00034686090877533715,0.008981029376450803
synthetic_baseline_009,C_synthetic40,False,binclass,True,2,1719,33,33,0,0.0,962,413,344,synthetic_baseline_009,synthetic_baseline_009,1,False,False,2,,baseline,synthetic_datasets_baseline/synthetic_baseline_009.csv,2.0,0.0,0,0,1719.0,0,0,33,0.502906976744186,0.4970930232558139,1.0116959064327486,0.9999756168339528,1.999966198040049,171,2,True,0.5018181818181818,2,0,32.0,1.0,0.0,0.975893667754552,19.24262637574937,0.0813956561158469,0.3220218247596615,0.5402985358432301,1.1551043908736796,0.2458389378039735,0.814814498929477,22,22,13,3,4,2,,0.9825581395348836,LogReg,0.9825581395348836,0.9805232558139535,0.0020348837209300807,0.09418517757465941,1.0,0.08047040169133186,0.09418604651162785,1.0,False,0.919529598308668,0.9034883720930231,0.9825581395348837,0.07893559928443647,0.10385208980856528,0.9824612403100774,0.08856589147286816,0.110619311891196,0.9819040697674418,0.08531976744186043,0.14010143439233383,0.9825581395348836,0.06860465116279066,0.20798560897654955,0.9824999999999999,0.9825581395348836,0.9825581395348836,206,206.0,0,0,0,10,0.0,,0.0,0.0,0.0,PFN-v2,False,False,False,False,False,False,False,206.5,3.2352758766870524,2.615950051656401,0.4796511627906975,0.08255813953488356,0.0,9.689922480626834e-05,-0.009630292188431686
synthetic_baseline_010,C_synthetic40,False,binclass,True,2,2699,36,36,0,0.0,1511,648,540,synthetic_baseline_010,synthetic_baseline_010,1,False,False,2,,baseline,synthetic_datasets_baseline/synthetic_baseline_010.csv,2.0,0.0,0,0,2699.0,0,0,36,0.5018518518518519,0.4981481481481482,1.0074349442379182,0.9999901049496625,1.999986282594556,269,2,True,0.5011579434923575,2,0,35.0,1.0,0.0,0.8689978926264382,14.81578325442724,0.0470082654821282,0.1557464790345165,0.5418485635949759,1.0366637797699316,0.2587462374461635,0.8974027948703243,22,22,13,3,4,2,,0.975925925925926,PFN-v2,0.975925925925926,0.9731481481481481,0.002777777777777879,0.12519351315408325,1.0,0.0942255892255892,0.10296296296296292,1.0,False,0.9057744107744107,0.8827441077441076,0.9759259259259261,0.09646723646723641,0.1346799391798975,0.9758641975308642,0.09283950617283947,0.14709475530953653,0.9744444444444444,0.09476851851851847,0.1751527534415499,0.9755555555555555,0.08064814814814811,0.3069256286937815,0.9757407407407408,0.9751851851851852,0.975925925925926,323,323.0,0,0,0,10,0.0,,0.0,0.0,0.0,PFN-v2,False,False,False,False,False,False,False,324.0,3.431202884556517,2.8115750058705933,0.4740740740740741,0.07592592592592595,0.0007407407407408195,6.172839506191075e-05,0.003627730294396947
synthetic_baseline_011,C_synthetic40,False,binclass,True,2,3403,37,37,0,0.0,1906,817,680,synthetic_baseline_011,synthetic_baseline_011,1,False,False,2,,baseline,synthetic_datasets_baseline/synthetic_baseline_011.csv,2.0,0.0,0,0,3403.0,0,0,37,0.5014705882352941,0.4985294117647059,1.0058997050147491,0.9999937599605498,1.999991349487205,339,2,True,0.5012853470437018,2,0,36.0,1.0,0.0,0.8755461097296326,17.21909435640311,0.0737026126135887,0.2641567979609344,0.4942522482985575,0.9569513760983162,0.2326656687343695,0.77116088476182,22,22,13,3,4,2,,0.9838235294117649,LogReg,0.9838235294117649,0.9827941176470588,0.0010294117647060563,0.08550650948979546,1.0,0.08831550802139033,0.10088235294117642,1.0,False,0.9116844919786097,0.8964304812834225,0.983823529411765,0.09276018099547508,0.09114849364357011,0.9838235294117649,0.08151960784313722,0.10140847125066088,0.9834191176470589,0.08658088235294115,0.14436889469315234,0.9838235294117649,0.07308823529411758,0.19519667185779727,0.9838235294117649,0.9838235294117649,0.9838235294117649,407,407.0,0,0,0,10,0.0,,0.0,0.0,0.0,PFN-v2,False,False,False,False,False,False,False,408.5,3.531861949095809,2.9122220565324155,0.48235294117647076,0.08382352941176485,0.0,1.1102230246251565e-16,0.011240573152337854
synthetic_baseline_012,C_synthetic40,False,binclass,True,2,3547,35,35,0,0.0,1985,852,710,synthetic_baseline_012,synthetic_baseline_012,1,False,False,2,,baseline,synthetic_datasets_baseline/synthetic_baseline_012.csv,2.0,0.0,0,0,3547.0,0,0,35,0.5014084507042254,0.4985915492957746,1.0056497175141244,0.9999942761477928,1.999992065071702,354,2,True,0.5015861825872401,2,0,34.0,1.0,0.0,0.4598003829172695,16.597743373036952,0.0763573485546146,0.2191297822612101,0.3463491535526897,0.621342053498362,0.2345330899142141,0.9951271357394996,22,22,13,3,4,2,,0.9873239436619718,LogReg,0.9873239436619718,0.9870422535211267,0.00028169014084511446,0.06862352776723754,1.0,0.09371318822023043,0.1061971830985915,1.0,False,0.9062868117797694,0.8954289372599235,0.9873239436619717,0.09223185265438781,0.07111214872000275,0.9871830985915494,0.09328638497652579,0.07820266371452086,0.9871830985915493,0.1007746478873239,0.07986778552067811,0.9873239436619718,0.08985915492957741,0.15587730414364281,0.9872394366197182,0.9873239436619718,0.9873239436619718,425,425.0,0,0,0,10,0.0,,0.0,0.0,0.0,PFN-v2,False,False,False,False,False,False,False,426.0,3.549861188471943,2.9304395947667,0.4859154929577465,0.08732394366197183,0.0,0.00014084507042233518,-0.0010545323221379799
synthetic_baseline_013,C_synthetic40,False,binclass,True,2,1853,36,36,0,0.0,1038,445,370,synthetic_baseline_013,synthetic_baseline_013,1,False,False,2,,baseline,synthetic_datasets_baseline/synthetic_baseline_013.csv,2.0,0.0,0,0,1853.0,0,0,36,0.5,0.5,1.0,1.0,2.0,185,2,True,0.5003371544167229,2,0,35.0,1.0,0.0,0.5920073909036413,21.25894271603025,0.0621438350210127,0.2127795175216983,0.3867016492837615,0.7337316150153317,0.230925009875674,0.9949637274987486,22,22,13,3,4,2,,0.9891891891891891,LogReg,0.9891891891891891,0.9824324324324325,0.006756756756756577,0.06093516676691324,1.0,0.08348894348894345,0.1045945945945946,1.0,False,0.9165110565110566,0.9064004914004915,0.9891683991683988,0.08775467775467774,0.06744602743282947,0.9868468468468468,0.08315315315315311,0.15986999057091864,0.9888513513513513,0.08554054054054049,0.07169741201156324,0.989054054054054,0.05216216216216212,0.22180930073517088,0.9877297297297296,0.9891891891891891,0.9889189189189189,222,222.0,0,0,0,10,0.0,,0.0,0.0,0.0,PFN-v2,False,False,False,False,False,False,False,222.5,3.2678754193188975,2.6483600109809315,0.4891891891891891,0.08918918918918906,0.0,0.0023215523215520673,0.004601524601524631
synthetic_baseline_014,C_synthetic40,False,binclass,True,2,4661,38,38,0,0.0,2610,1119,932,synthetic_baseline_014,synthetic_baseline_014,1,False,False,2,,baseline,synthetic_datasets_baseline/synthetic_baseline_014.csv,2.0,0.0,0,0,4661.0,0,0,38,0.5010729613733905,0.4989270386266094,1.0043010752688173,0.9999966782033466,1.999995395017332,465,2,True,0.5006704210244033,2,0,37.0,1.0,0.0,0.7757137835351453,21.715943622013132,0.0455243075023874,0.1803088037202953,0.4594554454578453,0.8816603142113553,0.2593024183251951,0.9175202482756766,22,22,13,3,4,2,,0.992489270386266,LogReg,0.992489270386266,0.9921673819742489,0.0003218884120170795,0.0449721108613742,1.0,0.09097249317206392,0.09946351931330467,1.0,False,0.909027506827936,0.9019801014436207,0.9924892703862658,0.09205183228788374,0.04645428557581241,0.9924892703862659,0.08597997138769665,0.053367431679706,0.9923283261802576,0.09358905579399138,0.07666156251175826,0.992489270386266,0.08621244635193129,0.07337326746914805,0.992489270386266,0.992489270386266,0.992489270386266,559,559.0,0,0,0,10,0.0,,0.0,0.0,0.0,PFN-v2,False,False,False,False,False,False,False,559.5,3.6684791029325856,3.04883008652835,0.4914163090128755,0.09248927038626598,0.0,-1.1102230246251565e-16,0.00607186090018709
synthetic_baseline_015,C_synthetic40,False,binclass,True,2,4675,38,38,0,0.0,2618,1122,935,synthetic_baseline_015,synthetic_baseline_015,1,False,False,2,,baseline,synthetic_datasets_baseline/synthetic_baseline_015.csv,2.0,0.0,0,0,4675.0,0,0,38,0.5005347593582887,0.4994652406417112,1.0021413276231264,0.999999174871849,1.999998856129824,467,2,True,0.5010695187165776,2,0,37.0,1.0,0.0,0.5883653981205829,15.63835030084405,0.0591902811001875,0.1725223736397857,0.3776773219241121,0.849100427863617,0.1930381616799427,0.9950765985507206,22,22,13,3,4,2,,0.9935828877005349,LogReg,0.9935828877005349,0.993475935828877,0.00010695187165787878,0.03839198497378238,1.0,0.08728245017015065,0.0987165775401069,1.0,False,0.9127175498298492,0.9067185221195917,0.993582887700535,0.09068696009872476,0.040033222037304646,0.9935828877005349,0.08249554367201423,0.04674131380189587,0.9935561497326204,0.08553475935828872,0.05738546940720546,0.9935828877005349,0.07582887700534754,0.05765177032507214,0.9935828877005349,0.9935828877005349,0.9935828877005349,560,560.0,0,0,0,10,0.0,,0.0,0.0,0.0,PFN-v2,False,False,False,False,False,False,False,561.0,3.6697816152085365,3.0499928569201424,0.4930481283422462,0.09358288770053491,0.0,1.1102230246251565e-16,0.008191416426710535
synthetic_baseline_016,C_synthetic40,False,binclass,True,2,4813,31,31,0,0.0,2695,1156,962,synthetic_baseline_016,synthetic_baseline_016,1,False,False,2,,baseline,synthetic_datasets_baseline/synthetic_baseline_016.csv,2.0,0.0,0,0,4813.0,0,0,31,0.5,0.5,1.0,1.0,2.0,481,2,True,0.5001298364061283,2,0,30.0,1.0,0.0,0.3368622889625705,12.412774832853206,0.0457686122853865,0.2675008773386053,0.2600930000460183,0.8035167284452043,0.1434175123009468,0.995001176502034,22,22,13,3,4,2,,0.9968814968814967,LogReg,0.9968814968814967,0.995010395010395,0.0018711018711017324,0.02292572604164988,1.0,0.10283500283500278,0.12079002079002077,1.0,False,0.8971649971649973,0.8941220941220943,0.9968814968814965,0.10766831920678073,0.025047522464975304,0.9962231462231461,0.09653499653499649,0.027407357393344073,0.9957640332640333,0.09760914760914757,0.03920666487753452,0.9968814968814967,0.09132016632016629,0.042508743217483755,0.9964864864864864,0.9968814968814967,0.9968814968814967,578,578.0,0,0,0,10,0.0,,0.0,0.0,0.0,PFN-v2,False,False,False,False,False,False,False,578.0,3.6824158616773586,3.0629578340845103,0.49688149688149674,0.09688149688149672,0.0,0.000658350658350404,0.01113332267178424
synthetic_baseline_017,C_synthetic40,False,binclass,True,2,1865,31,31,0,0.0,1044,448,373,synthetic_baseline_017,synthetic_baseline_017,1,False,False,2,,baseline,synthetic_datasets_baseline/synthetic_baseline_017.csv,2.0,0.0,0,0,1865.0,0,0,31,0.5013404825737265,0.4986595174262734,1.0053763440860215,0.999994815255018,1.999992812430183,186,2,True,0.5026809651474531,2,0,30.0,1.0,0.0,0.5792418783148424,15.30088997884723,0.075255595736644,0.2707186353468474,0.37433929145149,0.7896108140186362,0.2100158451267544,0.7122910772228542,22,22,13,3,4,2,,0.9919571045576407,LogReg,0.9919571045576407,0.9882037533512065,0.0037533512064342744,0.04617506556055889,1.0,0.09144528393858148,0.10428954423592489,1.0,False,0.9085547160614186,0.9018279307823547,0.9919571045576405,0.09282326252835629,0.04835740307118894,0.9915996425379804,0.09472743521000891,0.06290387506495508,0.9898793565683646,0.0869973190348525,0.07611858496365727,0.9919571045576407,0.08646112600536189,0.0997547287162341,0.9917426273458446,0.9919571045576407,0.9919571045576407,223,223.0,0,0,0,10,0.0,,0.0,0.0,0.0,PFN-v2,False,False,False,False,False,False,False,224.0,3.2706788361447066,2.651278013998144,0.4906166219839142,0.09195710455764072,0.0,0.00035746201966013746,-0.0019041726816526189
synthetic_baseline_018,C_synthetic40,False,binclass,True,2,2976,36,36,0,0.0,1666,715,595,synthetic_baseline_018,synthetic_baseline_018,1,False,False,2,,baseline,synthetic_datasets_baseline/synthetic_baseline_018.csv,2.0,0.0,0,0,2976.0,0,0,36,0.5025210084033613,0.4974789915966386,1.010135135135135,0.9999816618736208,1.9999745781203768,296,2,True,0.50314993700126,2,0,35.0,1.0,0.0,0.5852417608169376,15.067073131544412,0.0670397455681298,0.2187403894322539,0.353495994105674,0.6748927342556468,0.2403326344860397,0.9950185964724796,22,22,13,3,4,2,,0.984873949579832,PFN-v2,0.984873949579832,0.9836974789915967,0.0011764705882353343,0.0832517486822461,1.0,0.08690603514132922,0.09714285714285711,1.0,False,0.9130939648586708,0.898716577540107,0.984873949579832,0.09073044602456362,0.08968569179387167,0.984873949579832,0.08117647058823524,0.09586407416450025,0.984201680672269,0.08588235294117644,0.09458462450619495,0.9847899159663867,0.07268907563025206,0.16085520652945318,0.9848403361344538,0.9847058823529412,0.984873949579832,355,355.0,0,0,0,10,0.0,,0.0,0.0,0.0,PFN-v2,False,False,False,False,False,False,False,357.5,3.473632926873841,2.8543060418010806,0.48235294117647065,0.08487394957983196,0.0001680672268907779,0.0,0.009553975436328382
synthetic_baseline_019,C_synthetic40,False,binclass,True,2,1657,29,29,0,0.0,928,398,331,synthetic_baseline_019,synthetic_baseline_019,1,False,False,2,,baseline,synthetic_datasets_baseline/synthetic_baseline_019.csv,2.0,0.0,0,0,1657.0,0,0,29,0.5015105740181269,0.4984894259818731,1.006060606060606,0.999993416009184,1.9999908726714857,165,2,True,0.5015082956259427,2,0,28.0,1.0,0.0,0.7384227591478845,19.923930691749025,0.0508386914298065,0.1344310727970315,0.4496437168207017,0.984102712096087,0.2075204482794352,0.7924625549097498,22,22,13,3,4,2,,0.9969788519637464,LogReg,0.9969788519637464,0.9945619335347432,0.0024169184290031565,0.02142185312076643,1.0,0.07874210381763248,0.08942598187311174,1.0,False,0.9212578961823676,0.9183054106014832,0.9969788519637462,0.08087380897048567,0.02323468819558831,0.9968781470292045,0.07401812688821748,0.027492504194139386,0.9962235649546829,0.08429003021148031,0.06771271949281271,0.9969788519637464,0.06087613293051356,0.04672813420200157,0.9969184290030213,0.9969788519637464,0.9969788519637464,198,198.0,0,0,0,10,0.0,,0.0,0.0,0.0,PFN-v2,False,False,False,False,False,False,False,199.0,3.219322508419337,2.5998830720736876,0.49546827794561943,0.09697885196374634,0.0,0.0001007049345417288,0.006855682082268194
synthetic_gbdt_favorable_000,C_synthetic40,False,binclass,True,2,1689,28,28,0,0.0,945,406,338,synthetic_gbdt_favorable_000,synthetic_gbdt_favorable_000,1,False,False,2,,gbdt_favorable,synthetic_datasets_gbdt_favorable/synthetic_gbdt_favorable_000.csv,2.0,0.0,0,0,1689.0,0,0,28,0.5088757396449705,0.4911242603550296,1.036144578313253,0.9997726806243432,1.999684893257026,166,2,True,0.5085122131754256,2,0,9.0,12.0,7.0,0.0334659108763997,0.8132439286909878,0.3931439571149415,1.3520655321903765,2.098642278931861,7.039538323015195,0.3245849171435652,0.9951398516550244,22,22,13,3,4,2,,0.9284023668639054,tabfm,0.897189349112426,0.8281065088757396,0.10029585798816587,0.23772733726058687,0.2727272727272727,0.021073157611619125,0.08224852071005914,0.8636363636363636,False,1.0120360408821947,0.8853146853146853,0.9031861629494765,0.03379608557123347,0.31521197900564435,0.8648915187376726,0.00433925049309664,0.5224586711358625,0.8559171597633137,0.0022928994082840205,0.48149700302010856,0.8463017751479289,0.00103550295857988,0.5450037461110144,0.8574556213017752,0.8281065088757396,0.8644970414201184,200,200.0,0,0,0,10,0.0,,0.0,0.0,0.0088757396449703,tabpfn3,False,False,False,False,False,False,False,203.0,3.227629649571009,2.6085260335771943,0.41952662721893497,0.028402366863905404,0.10029585798816587,0.03829464421180395,0.029456835078136828
synthetic_gbdt_favorable_001,C_synthetic40,False,binclass,True,2,4325,27,27,0,0.0,2422,1038,865,synthetic_gbdt_favorable_001,synthetic_gbdt_favorable_001,1,False,False,2,,gbdt_favorable,synthetic_datasets_gbdt_favorable/synthetic_gbdt_favorable_001.csv,2.0,0.0,0,0,4325.0,0,0,27,0.5063583815028901,0.4936416184971098,1.02576112412178,0.9998833433758056,1.9998382861178896,427,2,True,0.5060693641618497,2,0,9.0,10.0,8.0,0.0374465620767908,0.3793759806178953,0.195744307118185,0.9834157356092968,0.8196713891830654,2.364346991352308,0.2923200003701606,0.9934152979739064,22,22,13,3,4,2,,0.9328323699421965,tabfm,0.8869364161849711,0.7433526011560694,0.18947976878612716,0.2374692274380791,0.36363636363636365,0.0038465580662112304,0.043236994219653116,0.36363636363636365,False,1.1174776668418287,0.909863373620599,0.9035571365051134,0.006509559804357467,0.2905467817365478,0.8397687861271675,0.0,0.49379478640832986,0.7973699421965318,0.0,0.45175521869128454,0.7830057803468209,0.0,0.6134693584310551,0.817063583815029,0.7433526011560694,0.8226589595375723,513,513.0,0,0,0,10,0.0,,0.0,0.0,0.0141040462427745,tabpfn3,False,False,False,False,False,False,False,519.0,3.635986111800833,3.016197353512439,0.4264739884393064,0.032832369942196515,0.18947976878612716,0.06378835037794583,0.006509559804357467
synthetic_gbdt_favorable_002,C_synthetic40,False,binclass,True,2,4937,31,31,0,0.0,2765,1185,987,synthetic_gbdt_favorable_002,synthetic_gbdt_favorable_002,1,False,False,2,,gbdt_favorable,synthetic_datasets_gbdt_favorable/synthetic_gbdt_favorable_002.csv,2.0,0.0,0,0,4937.0,0,0,31,0.502532928064843,0.497467071935157,1.010183299389002,0.999981488052746,1.999974337156555,491,2,True,0.5025316455696203,2,0,15.0,7.0,9.0,0.032487977976654,0.3025508676946314,0.4683902283055841,0.8984314635389528,1.4504023486367672,3.4158484379403147,0.1677516435290006,0.9246667375552492,22,22,13,3,4,2,,0.8108409321175278,tabfm,0.7793313069908814,0.703242147922999,0.10759878419452884,0.43400470532843,0.0,0.0,0.0,0.0,True,1.270198949986184,0.8870360136317583,0.7907489673447119,0.0,0.45935709610176634,0.7695373184734886,0.0,0.5187384063019307,0.7516717325227964,0.0,0.5476263157267064,0.7245187436676799,0.0,0.5473715260264651,0.7515298885511651,0.703242147922999,0.7457953394123608,589,589.5,0,0,0,10,0.0,,0.0,0.0,0.0097264437689968,mitra@v2,False,False,False,False,False,False,False,592.5,3.6934631272195313,3.0737183503461227,0.3083080040526849,-0.08915906788247219,0.10759878419452884,0.021211648871223288,0.0
synthetic_gbdt_favorable_003,C_synthetic40,False,binclass,True,2,3501,38,38,0,0.0,1960,841,700,synthetic_gbdt_favorable_003,synthetic_gbdt_favorable_003,1,False,False,2,,gbdt_favorable,synthetic_datasets_gbdt_favorable/synthetic_gbdt_favorable_003.csv,2.0,0.0,0,0,3501.0,0,0,38,0.5057142857142857,0.4942857142857143,1.023121387283237,0.9999057811299176,1.999869389176676,346,2,True,0.5062477686540521,2,0,18.0,11.0,9.0,0.04305763877881,0.7064224225535704,0.5177628301838979,1.1453182809355729,1.1751525497436688,2.696133405348773,0.1229330625455574,0.93454748160505,22,22,13,3,4,2,,0.8804285714285716,mitra@v2,0.849,0.7961428571428572,0.08428571428571441,0.32652592009532366,0.0,0.0,0.0,0.0,True,1.1353831168831165,0.8989805194805196,0.857868131868132,0.0,0.3606828209452709,0.8411904761904762,0.0,0.46020080884782105,0.8251428571428572,0.0,0.44470959951296296,0.8095714285714286,0.0,0.4557108835941305,0.8285428571428571,0.7961428571428572,0.8230000000000001,415,415.0,0,0,0,10,0.0,,0.0,0.0,0.006857142857143,tabfm,False,False,False,False,False,False,False,420.5,3.5441921107650325,2.924795995797912,0.3747142857142859,-0.019571428571428462,0.08428571428571441,0.01667765567765589,0.0
synthetic_gbdt_favorable_004,C_synthetic40,False,binclass,True,2,4444,28,28,0,0.0,2489,1067,888,synthetic_gbdt_favorable_004,synthetic_gbdt_favorable_004,1,False,False,2,,gbdt_favorable,synthetic_datasets_gbdt_favorable/synthetic_gbdt_favorable_004.csv,2.0,0.0,0,0,4444.0,0,0,28,0.5022522522522522,0.4977477477477477,1.009049773755656,0.9999853634047584,1.9999797094734777,442,2,True,0.5022497187851519,2,0,8.0,12.0,8.0,0.0465807754531768,0.3876214718536293,0.3302550907154046,1.065928274075887,1.2341985119422112,5.273932784997454,0.3338510166056866,0.9951398266915812,22,22,13,3,4,2,,0.9344594594594595,tabfm,0.8679617117117118,0.7552927927927928,0.1791666666666667,0.22957697025248391,0.3181818181818182,0.0023187960687960623,0.0308558558558558,0.2727272727272727,False,1.1195945945945946,0.9088605651105651,0.8957986832986833,0.003924116424116413,0.29980348415076896,0.81006006006006,0.0,0.47656752263904006,0.8249718468468468,0.0,0.404394385593251,0.7740427927927929,0.0,0.5107054049483202,0.7956531531531532,0.7552927927927928,0.7927927927927928,531,531.0,0,0,0,10,0.0,,0.0,0.0,0.0126126126126125,mitra@v2,False,False,False,False,False,False,False,533.5,3.64777405026883,3.0281644194244697,0.4322072072072073,0.034459459459459496,0.1791666666666667,0.08573862323862325,0.003924116424116413
synthetic_gbdt_favorable_005,C_synthetic40,False,binclass,True,2,2478,27,27,0,0.0,1387,595,496,synthetic_gbdt_favorable_005,synthetic_gbdt_favorable_005,1,False,False,2,,gbdt_favorable,synthetic_datasets_gbdt_favorable/synthetic_gbdt_favorable_005.csv,2.0,0.0,0,0,2478.0,0,0,27,0.5,0.5,1.0,1.0,2.0,248,2,True,0.5005045408678103,2,0,16.0,5.0,6.0,0.0369176934695616,0.6222396960945117,0.3489146107509447,0.9550928218838876,1.0839658608282343,5.074820613155319,0.2009206990440906,0.9942053461764586,22,22,13,3,4,2,,0.9175403225806452,tabfm,0.8825604838709677,0.7491935483870968,0.16834677419354838,0.2992358022545477,0.22727272727272727,0.02149926686217006,0.051814516129032206,0.6818181818181818,False,1.0237628299120234,0.8741385630498534,0.8979528535980149,0.03611972704714636,0.3479474970460478,0.8454973118279568,0.0,0.6056638834207496,0.8273689516129032,0.0008568548387096726,0.4868417323245238,0.7953629032258065,0.0,0.7302307635082022,0.8254435483870968,0.7491935483870968,0.8415322580645161,297,297.0,0,0,0,10,0.0,,0.0,0.0,0.0046370967741936,tabiclv2,False,False,False,False,False,False,False,297.5,3.3941013020400446,2.7745169657285498,0.4175403225806452,0.017540322580645196,0.16834677419354838,0.05245554177005807,0.03611972704714636
synthetic_gbdt_favorable_006,C_synthetic40,False,binclass,True,2,2305,23,23,0,0.0,1290,554,461,synthetic_gbdt_favorable_006,synthetic_gbdt_favorable_006,1,False,False,2,,gbdt_favorable,synthetic_datasets_gbdt_favorable/synthetic_gbdt_favorable_006.csv,2.0,0.0,0,0,2305.0,0,0,23,0.5075921908893709,0.4924078091106291,1.0308370044052864,0.9998336757925608,1.9997694389797267,227,2,True,0.5086767895878525,2,0,10.0,10.0,3.0,0.0094460719550318,0.1900351729307727,0.2799186247809886,1.1280127375632896,1.0879999294607663,4.3908227146986665,0.3811790307202676,0.995330135797395,22,22,13,3,4,2,,0.9212581344902386,tabfm,0.8599783080260304,0.6603036876355748,0.26095444685466385,0.2742821414522088,0.09090909090909091,0.0033030960362847484,0.03383947939262469,0.4090909090909091,False,1.1309505028593967,0.8917767698678759,0.8814116469214084,0.005589854830635728,0.35146980095252844,0.798409255242227,0.0,0.5606767323080041,0.8047722342733188,0.0,0.49758669841597003,0.7274403470715836,0.0,0.6460909754664348,0.7700216919739695,0.6603036876355748,0.7945770065075922,272,272.0,0,0,0,10,0.0,,0.0,0.0,0.020824295010846,tabpfn3,False,False,False,False,False,False,False,277.0,3.362670929725667,2.74350976472843,0.4136659436008677,0.02125813449023861,0.26095444685466385,0.08300239167918144,0.005589854830635728
synthetic_gbdt_favorable_007,C_synthetic40,False,binclass,True,2,1948,29,29,0,0.0,1091,468,389,synthetic_gbdt_favorable_007,synthetic_gbdt_favorable_007,1,False,False,2,,gbdt_favorable,synthetic_datasets_gbdt_favorable/synthetic_gbdt_favorable_007.csv,2.0,0.0,0,0,1948.0,0,0,29,0.5012853470437018,0.4987146529562982,1.0051546391752575,0.9999952329926782,1.9999933915355483,194,2,True,0.50096215522771,2,0,13.0,8.0,8.0,0.0203892150575898,0.435419032645824,0.254140664433776,0.9625512671922906,0.720743390577411,4.009598303538223,0.1991322845903906,0.995199847759366,22,22,13,3,4,2,,0.9390745501285347,tabfm,0.8703084832904884,0.7347043701799485,0.2043701799485862,0.22666721849159294,0.36363636363636365,0.001355456882449164,0.02365038560411302,0.18181818181818182,False,1.155889226454779,0.9140803926150969,0.8994067629029068,0.002293850108760124,0.30388486685614136,0.7994858611825193,0.0,0.5694953251592527,0.8017994858611825,0.0,0.5127629205238992,0.7547557840616966,0.0,0.5628611307174096,0.7815938303341902,0.7347043701799485,0.7748071979434448,234,234.0,0,0,0,10,0.0,,0.0,0.0,0.0215938303341902,tabiclv2,False,False,False,False,False,False,False,234.0,3.2895889525425965,2.670245853074124,0.43778920308483293,0.03907455012853467,0.2043701799485862,0.09992090172038748,0.002293850108760124
synthetic_gbdt_favorable_008,C_synthetic40,False,binclass,True,2,2605,29,29,0,0.0,1458,626,521,synthetic_gbdt_favorable_008,synthetic_gbdt_favorable_008,1,False,False,2,,gbdt_favorable,synthetic_datasets_gbdt_favorable/synthetic_gbdt_favorable_008.csv,2.0,0.0,0,0,2605.0,0,0,29,0.5067178502879078,0.4932821497120921,1.027237354085603,0.9998697798342504,1.9998194846654536,257,2,True,0.5071976967370442,2,0,18.0,6.0,5.0,0.0415703279043352,1.221291682306384,0.2466433307589248,1.0688562125740568,1.0580721993095112,6.196828286363667,0.1769418028761892,0.9858597721201382,22,22,13,3,4,2,,0.9362763915547025,tabfm,0.9096928982725527,0.8558541266794626,0.08042226487523996,0.23674737673453672,0.5909090909090909,0.03828302216018144,0.06833013435700572,0.9545454545454546,False,0.9669865642994242,0.8777002268365032,0.923505093754614,0.054303853536099185,0.28379986137406227,0.879910428662828,0.014907229686500293,0.4915377818179099,0.8770633397312861,0.018234165067178478,0.3797094301916706,0.8766794625719769,0.00930902111324374,0.46030541468385,0.8786180422264875,0.8558541266794626,0.8975047984644913,308,308.0,0,0,0,10,0.0,,0.0,0.0,0.0030710172744722,tabpfn3,False,False,False,False,False,False,False,313.0,3.4158077276355434,2.7965743332104296,0.4295585412667947,0.036276391554702525,0.08042226487523996,0.043594665091786,0.03939662384959889
synthetic_gbdt_favorable_009,C_synthetic40,False,binclass,True,2,4404,36,36,0,0.0,2466,1057,881,synthetic_gbdt_favorable_009,synthetic_gbdt_favorable_009,1,False,False,2,,gbdt_favorable,synthetic_datasets_gbdt_favorable/synthetic_gbdt_favorable_009.csv,2.0,0.0,0,0,4404.0,0,0,36,0.5028376844494892,0.4971623155505107,1.0114155251141552,0.999976765407148,1.999967790274316,438,2,True,0.5024127164348566,2,0,18.0,9.0,9.0,0.0210405684020797,0.4085073815684797,0.3473777745663465,1.1008524251602172,1.2069208835053151,6.331190672289141,0.1916273942420677,0.9949511104879412,22,22,13,3,4,2,,0.9517593643586834,tabfm,0.918955732122588,0.7519863791146425,0.19977298524404086,0.1885995950740917,0.5454545454545454,0.013558972242286636,0.04415437003405217,0.5454545454545454,False,1.0601176349189971,0.9170415849757507,0.9298175150615559,0.022945953025408153,0.2474522247008937,0.8641695043511163,0.0,0.4509331538848282,0.8630817253121453,0.0,0.35814828274271804,0.8029511918274688,0.0,0.49026589656127995,0.8396821793416572,0.7519863791146425,0.8539160045402951,526,526.0,0,0,0,10,0.0,,0.0,0.0,0.0105561861520998,tabpfn3,False,False,False,False,False,False,False,528.5,3.643847310299714,3.024074987307426,0.4489216799091942,0.051759364358683335,0.19977298524404086,0.06564801071043957,0.022945953025408153
synthetic_gbdt_favorable_010,C_synthetic40,False,binclass,True,2,1613,29,29,0,0.0,903,387,323,synthetic_gbdt_favorable_010,synthetic_gbdt_favorable_010,1,False,False,2,,gbdt_favorable,synthetic_datasets_gbdt_favorable/synthetic_gbdt_favorable_010.csv,2.0,0.0,0,0,1613.0,0,0,29,0.5015479876160991,0.4984520123839009,1.0062111801242235,0.999993085827787,1.9999904149450176,161,2,True,0.5007751937984496,2,0,10.0,10.0,9.0,0.0288888829319186,1.01262933634499,0.2598429949563296,1.1504094981414303,0.7276537610499795,10.42375520058562,0.2946853457208904,0.9947633658564764,22,22,13,3,4,2,,0.9535603715170279,tabfm,0.9379256965944274,0.848297213622291,0.10526315789473684,0.18917744280940116,0.7272727272727273,0.02597804672108074,0.05263157894736836,0.9545454545454546,False,0.9962707571066702,0.9117224880382776,0.9445582281495594,0.039961895689449814,0.20485274508832177,0.8929824561403509,0.00402476780185758,0.38350975786552194,0.9061145510835913,0.009520123839009268,0.27859571782543074,0.8484520123839009,0.00092879256965944,0.5088045330743061,0.8751702786377707,0.8486068111455107,0.848297213622291,193,193.0,0,0,0,10,0.0,,0.0,0.0,0.0018575851393188,mitra@v2,False,False,False,False,False,False,False,193.5,3.2076343673889616,2.5877109650189114,0.4520123839009288,0.05356037151702786,0.10495356037151715,0.05157577200920849,0.035937127887592235
synthetic_gbdt_favorable_011,C_synthetic40,False,binclass,True,2,3122,20,20,0,0.0,1748,750,624,synthetic_gbdt_favorable_011,synthetic_gbdt_favorable_011,1,False,False,2,,gbdt_favorable,synthetic_datasets_gbdt_favorable/synthetic_gbdt_favorable_011.csv,2.0,0.0,0,0,3122.0,0,0,20,0.5016025641025641,0.4983974358974359,1.0064308681672025,0.9999925896947374,1.999989727161983,311,2,True,0.5016012810248198,2,0,9.0,8.0,3.0,0.0203603425390849,0.304724446047581,0.3728833094220169,1.098312019244715,1.7676344425654942,4.663333420668116,0.3278378945748235,0.9798227346487502,22,22,13,3,4,2,,0.9285256410256411,tabfm,0.8795673076923076,0.715224358974359,0.21330128205128207,0.2454209498311472,0.36363636363636365,0.007247960372960361,0.05288461538461531,0.5,False,1.0884105477855475,0.9014423076923076,0.9015409270216963,0.012265779092702149,0.2953422037322061,0.8172008547008547,0.0,0.5150023071686803,0.8470753205128204,0.0,0.4013846620158611,0.7556089743589745,0.0,0.6614015754579488,0.7925641025641026,0.715224358974359,0.7959935897435898,374,374.0,0,0,0,10,0.0,,0.0,0.0,0.011378205128205,tabpfn3,False,False,False,False,False,False,False,375.0,3.494432898726399,2.8750612633917,0.42692307692307696,0.028525641025641035,0.21330128205128207,0.08434007232084162,0.012265779092702149
synthetic_gbdt_favorable_012,C_synthetic40,False,binclass,True,2,2899,33,33,0,0.0,1623,696,580,synthetic_gbdt_favorable_012,synthetic_gbdt_favorable_012,1,False,False,2,,gbdt_favorable,synthetic_datasets_gbdt_favorable/synthetic_gbdt_favorable_012.csv,2.0,0.0,0,0,2899.0,0,0,33,0.5,0.5,1.0,1.0,2.0,290,2,True,0.500646830530401,2,0,10.0,14.0,9.0,0.0221988204638538,0.2448559422107122,0.2927265759784023,1.0972054647264238,1.120352643731654,4.946525962114209,0.2856583070620772,0.9951076656256352,22,22,13,3,4,2,,0.9489655172413792,tabfm,0.8800000000000001,0.7162068965517242,0.23275862068965503,0.18685698233270337,0.2727272727272727,0.0015673981191222546,0.033620689655172356,0.09090909090909091,False,1.1515595611285265,0.9232680250783698,0.903050397877984,0.0026525198938991998,0.29198702832434187,0.8268390804597701,0.0,0.5140703015932009,0.8326724137931034,0.0,0.4240131891699706,0.764396551724138,0.0,0.6706810980036771,0.8018620689655173,0.7162068965517242,0.8125862068965517,348,348.0,0,0,0,10,0.0,,0.0,0.0,0.026551724137931,tabpfn3,False,False,False,False,False,False,False,348.0,3.4622482153549976,2.842609239610562,0.44896551724137923,0.04896551724137921,0.23275862068965503,0.07621131741821396,0.0026525198938991998
synthetic_gbdt_favorable_013,C_synthetic40,False,binclass,True,2,1925,33,33,0,0.0,1078,462,385,synthetic_gbdt_favorable_013,synthetic_gbdt_favorable_013,1,False,False,2,,gbdt_favorable,synthetic_datasets_gbdt_favorable/synthetic_gbdt_favorable_013.csv,2.0,0.0,0,0,1925.0,0,0,33,0.5038961038961038,0.4961038961038961,1.0157068062827226,0.9999562004156904,1.9999392818049455,191,2,True,0.5038961038961038,2,0,16.0,12.0,5.0,0.0199387352947748,0.3233126208664973,0.2812126171656166,1.5310847256875912,1.0932180774996152,5.535818601781116,0.2372988417875093,0.9685204929955664,22,22,13,3,4,2,,0.8851948051948051,tabfm,0.8216883116883118,0.6548051948051948,0.23038961038961026,0.3266113017608777,0.0,0.0011452184179456875,0.02389610389610384,0.09090909090909091,False,1.1924203069657615,0.8825501770956314,0.8431368631368633,0.0019380619380619329,0.39205626996484083,0.7598268398268399,0.0,0.6768166315503708,0.7455194805194806,0.0,0.6189422694480587,0.7062337662337663,0.0,0.584285287314128,0.7383896103896104,0.6548051948051948,0.7576623376623377,229,229.0,0,0,0,10,0.0,,0.0,0.0,0.023116883116883,tabiclv2,False,False,False,False,False,False,False,231.0,3.2844307338445193,2.6646419755561257,0.38129870129870125,-0.014805194805194932,0.23038961038961026,0.08331002331002346,0.0019380619380619329
synthetic_gbdt_favorable_014,C_synthetic40,False,binclass,True,2,2026,37,37,0,0.0,1134,487,405,synthetic_gbdt_favorable_014,synthetic_gbdt_favorable_014,1,False,False,2,,gbdt_favorable,synthetic_datasets_gbdt_favorable/synthetic_gbdt_favorable_014.csv,2.0,0.0,0,0,2026.0,0,0,37,0.5012345679012346,0.4987654320987654,1.004950495049505,0.9999956022054356,1.9999939033714864,202,2,True,0.500308451573103,2,0,18.0,13.0,6.0,0.0146639900736507,0.2848530265963956,0.2613516306250035,1.1472581010399725,0.9611200692446062,5.736451355843995,0.2112105573095636,0.9950045529287388,22,22,13,3,4,2,,0.9123456790123458,tabfm,0.8511111111111112,0.6730864197530864,0.2392592592592594,0.28936030544109564,0.045454545454545456,0.0014365881032547658,0.022716049382716,0.3181818181818182,False,1.1668237934904602,0.9004377104377105,0.8759924026590693,0.002431149097815758,0.3627708257823148,0.7902880658436214,0.0,0.618783066258529,0.7918518518518519,0.0,0.5785901184144668,0.7175308641975309,0.0,0.5870355614616554,0.7611851851851851,0.6730864197530864,0.7619753086419754,243,243.0,0,0,0,10,0.0,,0.0,0.0,0.0123456790123457,tabiclv2,False,False,False,False,False,False,False,243.5,3.3066394410242617,2.6875289612146345,0.4111111111111112,0.012345679012345734,0.2392592592592594,0.08570433681544787,0.002431149097815758
synthetic_gbdt_favorable_015,C_synthetic40,False,binclass,True,2,4928,34,34,0,0.0,2760,1183,985,synthetic_gbdt_favorable_015,synthetic_gbdt_favorable_015,1,False,False,2,,gbdt_favorable,synthetic_datasets_gbdt_favorable/synthetic_gbdt_favorable_015.csv,2.0,0.0,0,0,4928.0,0,0,34,0.5045685279187817,0.4954314720812183,1.0184426229508197,0.9999397768948608,1.9999165147914295,488,2,True,0.5046918589906163,2,0,17.0,13.0,4.0,0.0258286847573967,0.4308940121187472,0.315113088496156,0.9479040815806384,1.212334433459846,5.868427560382326,0.2380024615861866,0.995110658169906,22,22,13,3,4,2,,0.9318781725888325,tabfm,0.893756345177665,0.7436548223350254,0.1882233502538071,0.24567804790452613,0.45454545454545453,0.017743424088601727,0.056954314720812124,0.6363636363636364,False,1.041988924780803,0.8933825565297646,0.907098789535338,0.02972276454509953,0.29847944016274247,0.8420981387478849,0.0,0.4871860052499069,0.8646446700507614,0.000989847715736035,0.42336240724568147,0.7903045685279189,0.0,0.5298157801080619,0.8213807106598985,0.7436548223350254,0.8369543147208122,586,586.0,0,0,0,10,0.0,,0.0,0.0,0.0107614213197969,tabpfn3,False,False,False,False,False,False,False,591.5,3.692670699156369,3.0729847446279304,0.42730964467005084,0.03187817258883252,0.1882233502538071,0.0650006507874531,0.02972276454509953
synthetic_gbdt_favorable_016,C_synthetic40,False,binclass,True,2,3390,31,31,0,0.0,1898,814,678,synthetic_gbdt_favorable_016,synthetic_gbdt_favorable_016,1,False,False,2,,gbdt_favorable,synthetic_datasets_gbdt_favorable/synthetic_gbdt_favorable_016.csv,2.0,0.0,0,0,3390.0,0,0,31,0.5,0.5,1.0,1.0,2.0,339,2,True,0.5,2,0,13.0,12.0,6.0,0.0292953646405572,0.4893978081825755,0.3779875706865038,1.2205299672113303,1.2683121397074155,5.133361742045539,0.2994502800036192,0.9948245128436036,22,21,13,3,3,2,tabm,0.9281710914454276,tabfm,0.8713864306784661,0.7699115044247787,0.1582595870206489,0.24517948470693707,0.14285714285714285,0.009706419440932696,0.05604719764011795,0.47619047619047616,False,1.0682890855457225,0.8914173338952102,0.8901633764465622,0.015679600635352817,0.3152024609532653,0.8335791543756145,0.0,0.48930854568512866,0.8461160275319567,0.0,0.4775412323414778,0.796976401179941,0.0,0.5166396317364197,0.818938053097345,0.7699115044247787,0.8240412979351033,407,407.0,0,0,0,10,0.0,,0.0,0.0,0.0227138643067846,tabpfn3,False,False,False,False,False,False,False,407.0,3.530199698203082,2.910624404889201,0.42817109144542764,0.02817109144542762,0.1582595870206489,0.05658422207094771,0.015679600635352817
synthetic_gbdt_favorable_017,C_synthetic40,False,binclass,True,2,3055,32,32,0,0.0,1710,734,611,synthetic_gbdt_favorable_017,synthetic_gbdt_favorable_017,1,False,False,2,,gbdt_favorable,synthetic_datasets_gbdt_favorable/synthetic_gbdt_favorable_017.csv,2.0,0.0,0,0,3055.0,0,0,32,0.5008183306055647,0.4991816693944353,1.00327868852459,0.999998067754446,1.999997321340678,305,2,True,0.5008183306055647,2,0,17.0,10.0,5.0,0.0335867714366323,0.5371025309426165,0.2618575080974566,0.8801368227991846,1.019008579595268,6.516741911444075,0.2108709431489414,0.9950080403986828,22,22,13,3,4,2,,0.9571194762684124,tabfm,0.9310147299509002,0.7687397708674304,0.18837970540098203,0.17820644834545757,0.6818181818181818,0.022868620740961142,0.05024549918166933,0.7272727272727273,False,1.0100877845558698,0.912728760601101,0.9414201183431954,0.03690041546015355,0.23202080070895922,0.8858701582105836,0.0004909983633387833,0.4646383150797608,0.8999590834697216,0.0054828150572831325,0.33301033648917366,0.8283960720130933,0.0,0.5115198570710319,0.8628805237315873,0.7687397708674304,0.8880523731587562,366,366.0,0,0,0,10,0.0,,0.0,0.0,0.0032733224222586,mitra@v2,False,False,False,False,False,False,False,367.0,3.485011214578573,2.8656960599160706,0.45630114566284774,0.057119476268412406,0.18837970540098203,0.05554996013261182,0.03640941709681477
synthetic_gbdt_favorable_018,C_synthetic40,False,binclass,True,2,4834,25,25,0,0.0,2706,1161,967,synthetic_gbdt_favorable_018,synthetic_gbdt_favorable_018,1,False,False,2,,gbdt_favorable,synthetic_datasets_gbdt_favorable/synthetic_gbdt_favorable_018.csv,2.0,0.0,0,0,4834.0,0,0,25,0.5036194415718718,0.4963805584281282,1.0145833333333334,0.9999622000288686,1.9999475987996531,480,2,True,0.5037496767520041,2,0,11.0,5.0,9.0,0.0324919122125888,0.6321306478361047,0.2628558643696909,1.0480307250792589,1.1634452357926122,4.982657734384878,0.1916423917652521,0.9762310383667784,22,22,13,3,4,2,,0.9479834539813858,tabfm,0.9218200620475698,0.7845915201654602,0.16339193381592565,0.20939023129723178,0.8181818181818182,0.03884083858230701,0.07135470527404339,0.9545454545454546,False,0.9766052458399923,0.891548368901006,0.931874950282396,0.057720149550552824,0.2428485668253268,0.8972078593588417,0.007411237504308841,0.3956555220500748,0.9061271975180972,0.019648397104446703,0.3068428806031652,0.8361944157187176,0.001654601861427085,0.504288603600579,0.8728024819027921,0.7845915201654602,0.887797311271975,576,576.0,0,0,0,10,0.0,,0.0,0.0,0.0044467425025853,mitra@v2,False,False,False,False,False,False,False,580.5,3.6843066460716316,3.064832219738574,0.44436401240951406,0.047983453981385815,0.16339193381592565,0.034667090923554245,0.050308912046243985
synthetic_gbdt_favorable_019,C_synthetic40,False,binclass,True,2,1503,32,32,0,0.0,842,361,300,synthetic_gbdt_favorable_019,synthetic_gbdt_favorable_019,1,False,False,2,,gbdt_favorable,synthetic_datasets_gbdt_favorable/synthetic_gbdt_favorable_019.csv,2.0,0.0,0,0,1503.0,0,0,32,0.5066666666666667,0.4933333333333333,1.027027027027027,0.9998717566408488,1.9998222248558264,148,2,True,0.5062344139650873,2,0,16.0,12.0,4.0,0.0295549982308107,0.5236202910208853,0.2157113350629052,0.8788920147207491,0.8391358881838175,6.411306509403504,0.1734019186112803,0.9908099769567498,22,22,13,3,4,2,,0.9393333333333335,tabfm,0.8818333333333332,0.794,0.14533333333333343,0.21374465160392525,0.45454545454545453,0.0018333333333333307,0.03066666666666664,0.22727272727272727,False,1.1108030303030303,0.9187727272727273,0.9064871794871797,0.003102564102564098,0.2808290993799819,0.8375555555555555,0.0,0.4676455241516437,0.839,0.0,0.42412932669280257,0.8245,0.0,0.48561325754627244,0.8323333333333333,0.794,0.8550000000000001,178,178.0,0,0,0,10,0.0,,0.0,0.0,0.0113333333333335,tabpfn3,False,False,False,False,False,False,False,180.5,3.176958980586908,2.5575072019056577,0.43266666666666675,0.03933333333333344,0.14533333333333343,0.06893162393162422,0.003102564102564098
taiwanese_bankruptcy_prediction,A_published112,True,binclass,True,2,6819,95,95,0,0.0,3818,1637,1364,taiwanese_bankruptcy_prediction,taiwan-bankruptcy,2,True,False,2,,,https://archive.ics.uci.edu/dataset/572/taiwanese+bankruptcy+prediction,2.0,0.0,2,2,5518.0,0,0,95,0.967741935483871,0.032258064516129,30.0,0.205592508185083,1.1531598469792317,44,2,True,0.9677360219981668,2,0,,,,,,,,,,,,22,22,13,3,4,2,,0.973533724340176,exaone,0.9707478005865104,0.9653225806451612,0.008211143695014855,0.08386181730517997,1.0,0.08711010397227402,0.09318181818181816,1.0,False,0.9128898960277259,0.9019928019194882,0.9713625084592827,0.08942589668396117,0.08791776376277292,0.9706256109481917,0.08795210166177904,0.10736260021024928,0.9663306451612903,0.082532991202346,0.15817000419634167,0.967741935483871,0.07994868035190611,0.24759214188483325,0.9694721407624634,0.9678885630498535,0.9675953079178885,53,53.0,0,0,1,10,0.0,,0.0,0.0,0.0002932551319648,tabfm,False,False,False,False,True,False,False,818.5,3.833720690444633,3.2140486794119414,0.005791788856305047,0.07353372434017602,0.005645161290322553,0.0007368975110910725,0.001473795022182131
telco-customer-churn,A_published112,True,binclass,True,2,7043,18,3,15,0.8333333333333334,3943,1691,1409,churn,churn,5,True,False,2,42178.0,,https://www.openml.org/search?type=data&status=active&id=42178&sort=runs,2.0,0.0,1,1,73.0,41,4,44,0.7345635202271115,0.2654364797728886,2.767379679144385,0.8348397804698937,1.7836589423203524,374,2,True,0.7346467873624423,2,0,,,,,,,,,,,,22,22,13,3,4,2,,0.8088715400993612,tabldm,0.8032647267565649,0.7721788502484032,0.03669268985095808,0.40830059534140367,0.0,0.0,0.0,0.0,True,1.2489676753338923,0.9027324343506034,0.8053120052410327,0.0,0.4124166993659783,0.7990537023894014,0.0,0.43291249689166805,0.7947480482611782,0.0,0.4277048194838108,0.7837118523775728,0.0,0.4542006504165312,0.79291696238467,0.7952448545067423,0.7721788502484032,449,449.0,0,0,0,10,0.0120652945351313,0.5294117647058824,0.0095846645367412,0.0021409455842997,0.0014904187366927,tabiclv2,False,False,False,False,True,False,False,845.5,3.8477576883923312,3.2281436075977417,0.07430801987224978,-0.09112845990063878,0.013626685592618926,0.006258302851631314,0.0
texture,D_new62,True,multiclass,False,11,5500,40,40,0,0.0,3080,1320,1100,texture,texture,1,False,True,11,40499.0,,https://www.openml.org/search?type=data&status=active&id=40499&sort=runs,11.0,0.0,0,0,972.0,0,0,40,0.0909090909090909,0.0909090909090909,1.0,1.0,11.000000000000002,100,11,True,0.0909090909090909,11,0,,,,,,,,,,,,11,11,2,3,4,2,tabpfn;PFN-v2;tabpfn25;tabpfn25b;tabpfn26;tabicl;mitra;mitra@v2;tabldm;tabfm;exaone,1.0,tabiclv2,0.9959090909090909,0.9826363636363636,0.01736363636363636,0.00019707592703634697,1.0,0.09043801652892558,0.10036363636363632,1.0,False,0.9095619834710743,0.9090743801652892,1.0,0.09068181818181813,0.0003405084050620385,0.985060606060606,0.09633333333333331,0.04732545382245499,0.9963636363636363,0.09340909090909087,0.012329205734164485,0.9905909090909091,0.07540909090909087,0.09785198823092263,0.9872727272727273,0.9959090909090909,0.9852727272727273,120,120.0,0,0,0,10,0.0109090909090909,1.0,0.0068181818181818,0.0,0.0,tabpfn3,True,False,False,True,True,False,False,120.0,3.7403626894942437,3.12057393120585,0.9090909090909091,0.09999999999999998,0.004090909090909145,0.01493939393939403,-0.005651515151515185
thyroid,A_published112,True,multiclass,False,3,7200,21,21,0,0.0,4032,1728,1440,thyroid-uci,thyroid-uci,6,True,False,3,,,https://archive.ics.uci.edu/dataset/102/thyroid+disease,3.0,0.0,0,15,4.0,0,0,21,0.9256944444444444,0.0229166666666666,40.39393939393939,0.2826693690011141,1.3641670770348555,33,3,True,0.9258680555555556,3,0,,,,,,,,,,,,22,22,13,3,4,2,,0.9972916666666667,mitra@v2,0.9940625,0.9477777777777778,0.04951388888888886,0.008455318970163,1.0,0.09662878787878783,0.10284722222222217,1.0,False,0.9033712121212122,0.901439393939394,0.99383547008547,0.09799679487179483,0.015323461005497866,0.9951851851851852,0.09854166666666662,0.05296025729965276,0.9864409722222223,0.09987847222222218,0.050608865475415835,0.9538888888888889,0.07836805555555551,0.4785893154082115,0.9786666666666667,0.96,0.9477777777777778,40,40.0,0,0,2,10,0.0111111111111111,1.0,0.0147569444444444,0.0,0.0004861111111111,tabfm,False,False,False,False,True,False,False,576.0,3.8573324964312685,3.2375437381428744,0.07159722222222231,0.09729166666666667,0.03729166666666672,-0.0013497150997151541,-0.0005448717948717957
thyroid-ann,A_published112,True,multiclass,False,3,3772,21,21,0,0.0,2111,906,755,thyroid-uci,thyroid-uci,6,True,False,3,40497.0,,https://www.openml.org/search?type=data&status=active&id=40497&sort=runs,3.0,0.0,15,15,2.0,0,0,21,0.924503311258278,0.0251655629139072,36.73684210526316,0.2873490839904387,1.371198582108689,19,3,True,0.9247596950613192,3,0,,,,,,,,,,,,22,22,13,3,4,2,,0.9968211920529801,mitra@v2,0.9921192052980132,0.9451655629139072,0.051655629139072956,0.00893776308646286,1.0,0.09101745936183017,0.0996026490066225,1.0,False,0.9089825406381699,0.9063214930764599,0.992124299541518,0.09471217524197653,0.018700468311335393,0.9936423841059603,0.08754966887417215,0.030016746431442736,0.9819205298013245,0.0918211920529801,0.09647952799141375,0.9563576158940397,0.07059602649006619,0.49341431269243685,0.9787284768211922,0.9675496688741723,0.9451655629139072,22,22.0,0,0,2,10,0.0185430463576158,1.0,0.0248591315876698,0.0,0.0011920529801323,catboost,False,False,False,False,False,False,False,302.0,3.5765716840652906,2.957128197676813,0.07231788079470214,0.09682119205298012,0.02927152317880788,-0.0015180845644422458,0.007162506367804383
thyroid-dis,A_published112,True,multiclass,False,5,2800,26,6,20,0.7692307692307693,1568,672,560,thyroid-uci,thyroid-uci,6,True,False,5,40478.0,,https://www.openml.org/search?type=data&status=active&id=40478&sort=runs,5.0,0.0,0,0,174.5,40,2,46,0.5839285714285715,0.0107142857142857,54.5,0.6562365922228018,2.8753432287881533,6,5,True,0.5825892857142857,5,0,,,,,,,,,,,,22,22,13,3,4,2,,0.7042857142857143,tabfm,0.6938392857142857,0.6719642857142858,0.0323214285714285,0.6936980177547074,0.0,0.0,0.0,0.0,True,1.700137987012987,0.9031655844155846,0.6951236263736263,0.0,0.7093265472471543,0.6866071428571429,0.0,0.9374073403778803,0.6932589285714286,0.0,0.771126558606354,0.6817857142857143,0.0,0.8442852832155319,0.6846785714285715,0.6916071428571429,0.6719642857142858,7,7.5,1,1,3,10,0.0285714285714285,1.0,0.0232142857142857,0.0,0.0064285714285714,mlp,False,False,False,False,False,False,False,134.4,3.4471580313422194,2.8273692730538253,0.12035714285714283,-0.19571428571428573,0.012678571428571428,0.008516483516483486,0.0
turiye_student_evaluation,A_published112,True,multiclass,False,5,5820,32,30,2,0.0625,3259,1397,1164,turiye_student_evaluation,turiye_student_evaluation,1,True,False,5,,,https://archive.ics.uci.edu/dataset/262/turkiye+student+evaluation,5.0,0.0,0,30,5.0,16,13,46,0.3049828178694158,0.0945017182130584,3.227272727272727,0.9406453760603218,4.544466460853151,110,5,True,0.3047680412371134,5,0,,,,,,,,,,,,22,22,13,3,4,2,,0.5269759450171821,tabldm,0.5133591065292096,0.47706185567010306,0.04991408934707908,1.1818054454289566,0.0,0.0,0.0,0.0,True,3.177319587628866,0.9055334270540456,0.5167327517842982,0.0,1.2018990236516573,0.5108247422680412,0.0,1.2650985588837758,0.502856529209622,0.0,1.2945993792008221,0.47998281786941577,0.0,2.4169048705261242,0.49848797250859106,0.47706185567010306,0.48290378006872847,132,132.0,0,0,0,10,0.4716494845360824,0.5355191256830601,0.4896907216494845,0.1062109518559353,0.0024914089347078,tabpfn25,False,False,False,False,True,False,False,279.4,3.7649229846498886,3.1451964061141817,0.22199312714776637,-0.3730240549828179,0.04991408934707908,0.005908009516257029,0.0
twonorm,A_published112,True,binclass,True,2,7400,20,20,0,0.0,4144,1776,1480,twonorm,twonorm,1,True,False,2,1507.0,,https://www.openml.org/search?type=data&status=active&id=1507&sort=runs,2.0,0.0,0,0,6754.0,0,0,20,0.5006756756756757,0.4993243243243243,1.0027063599458728,0.999998682710482,1.999998173849803,739,2,True,0.5003378378378378,2,0,,,,,,,,,,,,22,22,13,3,4,2,,0.9800000000000001,LogReg,0.979222972972973,0.9718243243243243,0.008175675675675786,0.050704503256218315,1.0,0.09518427518427514,0.09945945945945942,1.0,False,0.9048157248157249,0.9025,0.9793035343035343,0.09591995841995839,0.05273304564459714,0.9734684684684685,0.09369369369369367,0.10660029157076541,0.9782094594594595,0.09540540540540537,0.09430571741863014,0.9800000000000001,0.0921959459459459,0.2043152453711494,0.9760810810810812,0.9800000000000001,0.9800000000000001,887,887.0,0,0,0,10,0.0,,0.0,0.0,0.0,knn,False,False,False,False,True,False,False,888.0,3.8692317197309762,3.249442961442582,0.47932432432432437,0.08000000000000007,0.0,0.005835065835065878,0.0022262647262647206
vehicle,A_published112,True,multiclass,False,4,846,18,18,0,0.0,473,203,170,vehicle,vehicle,1,True,False,4,54.0,,https://www.openml.org/search?type=data&status=active&id=54&sort=runs,4.0,0.0,0,0,40.0,0,0,18,0.2588235294117647,0.2352941176470588,1.1,0.9994471210327196,3.996935362621385,40,4,True,0.257396449704142,4,0,,,,,,,,,,,,22,22,13,3,4,2,,0.8876470588235295,tabfm,0.8311764705882352,0.7129411764705882,0.17470588235294127,0.2620084252997777,0.0,0.0027540106951871525,0.021176470588235262,0.6818181818181818,False,1.2276470588235293,0.9077272727272727,0.8531221719457014,0.004343891402714911,0.28675462797201706,0.7560784313725492,0.0,0.7012062779709686,0.7933823529411764,0.0008823529411764675,0.49089161184745866,0.7688235294117647,0.00029411764705882003,1.1230183920713943,0.7611764705882352,0.8247058823529411,0.7129411764705882,48,48.0,0,0,4,10,0.0,,0.0,0.0,0.0135294117647057,tabpfn3,False,False,False,False,False,False,False,50.75,2.9273703630390235,2.307496037913213,0.6288235294117648,-0.012352941176470567,0.06294117647058839,0.09704374057315224,0.004343891402714911
walking-activity,D_new62,True,multiclass,False,22,149332,4,4,0,0.0,83625,35840,29867,walking-activity,walking-activity,1,False,True,22,1509.0,,https://www.openml.org/search?type=data&status=active&id=1509&sort=runs,22.0,0.0,0,0,744.5,0,0,4,0.1472528208390531,0.0060936819901563,24.164835164835164,0.8950892867109909,15.906995559619835,182,22,True,0.1472648892981208,22,0,,,,,,,,,,,,1,0,0,0,0,0,tabpfn;PFN-v2;tabpfn25;tabpfn25b;tabpfn26;tabpfn3;tabicl;tabiclv2;mitra;mitra@v2;tabldm;tabfm;exaone;catboost;lightgbm;xgboost;mlp;resnet;ftt;tabm;LogReg;knn,,,,,,,,,,,,,,,,,,,,,,,,,,,,,219,219.0,0,0,0,1,0.0035155857635517,1.0,0.0039425773239023,0.0,,,True,True,False,True,True,True,True,1629.090909090909,5.174152881631868,4.554368000990087,,,,,
wall-robot-navigation,A_published112,True,multiclass,False,4,5456,24,24,0,0.0,3054,1310,1092,wall-robot-navigation,wall-robot-navigation,1,True,False,4,1497.0,,https://www.openml.org/search?type=data&status=active&id=1497&sort=runs,4.0,0.0,0,0,1762.5,0,0,24,0.4038461538461538,0.0604395604395604,6.681818181818182,0.8575597693890216,3.2832384664362624,66,4,True,0.4042163153070577,4,0,,,,,,,,,,,,22,22,13,3,4,2,,0.9978021978021978,xgboost,0.9890109890109892,0.7023809523809523,0.2954212454212455,0.00797895474862848,0.9090909090909091,0.08111888111888105,0.10897435897435892,0.9545454545454546,False,0.9739260739260739,0.9028721278721278,0.9873062834601296,0.09660467737390808,0.031606468820118354,0.964010989010989,0.09539072039072037,1.1936523935010206,0.9493818681318681,0.05892857142857138,0.1544272521662782,0.8067307692307693,0.0034340659340659206,1.3098674421393814,0.9010989010989011,0.7023809523809523,0.9110805860805862,79,79.0,0,0,1,10,0.0,,0.0,0.0,0.0005494505494505,mitra@v2,False,False,False,False,True,False,False,327.5,3.7368743616484226,3.1172712956557644,0.5939560439560441,0.09780219780219779,0.2954212454212455,0.02329529444914058,0.001213956983187714
water_quality,A_published112,True,binclass,True,2,7996,20,20,0,0.0,4477,1919,1600,water-quality,water-quality,2,True,False,2,,,https://www.kaggle.com/datasets/mssmartypants/water-quality,2.0,0.0,20,20,2.0,0,0,20,0.88625,0.11375,7.791208791208791,0.5111244889236018,1.425160584733542,182,2,True,0.8858661663539712,2,0,,,,,,,,,,,,22,22,13,3,4,2,,0.9088125,tabiclv2,0.90478125,0.8911250000000001,0.017687499999999967,0.21427241325020757,0.7272727272727273,0.0023068181818181824,0.0049375,0.7272727272727273,False,1.0081619318181818,0.906715909090909,0.9049471153846155,0.003480769230769231,0.22362624497323236,0.9004166666666666,0.0007500000000000001,0.2660186852902016,0.902203125,0.0008125,0.25278166885836656,0.8939375,0.0,0.3312672952086805,0.8978250000000001,0.8939375,0.8939375,219,219.0,0,0,0,10,0.83125,0.9015037593984964,0.8483427141963727,0.1522988505747126,0.0003124999999999,tabfm,False,False,False,False,True,False,False,959.5,3.902872785446079,3.2830749747354715,0.02256250000000004,0.008812500000000001,0.014874999999999972,0.004530448717948832,0.0027307692307692306
waveform-5000,A_published112,True,multiclass,False,3,5000,40,40,0,0.0,2800,1200,1000,waveform,waveform,2,True,False,3,60.0,,https://www.openml.org/search?type=data&status=active&id=60&sort=runs,3.0,0.0,0,0,536.0,0,0,40,0.338,0.331,1.0211480362537764,0.9999555012634094,2.999853343008283,331,3,True,0.3385,3,0,,,,,,,,,,,,22,22,13,3,4,2,,0.8703,tabfm,0.86475,0.8497999999999999,0.020500000000000074,0.2588555467020095,0.0,0.00040909090909090913,0.004,0.2727272727272727,False,1.081704545454545,0.9005636363636366,0.8667230769230768,0.0,0.2638727875407875,0.8519666666666668,0.0006333333333333333,0.43496452419295517,0.8572500000000001,0.001,0.3323089998954006,0.8557999999999999,0.0015500000000000002,0.38851919001850443,0.8535,0.8614,0.8501999999999998,397,397.0,0,0,0,10,0.0,,0.0,0.0,9.9999999999989e-05,tabiclv2,False,False,False,False,False,False,False,400.0,3.6989700043360187,3.0791812460476247,0.5323,-0.02970000000000006,0.008899999999999908,0.014756410256410057,-0.0006333333333333333
waveform_database_generator_version_1,A_published112,True,multiclass,False,3,5000,21,21,0,0.0,2800,1200,1000,waveform,waveform,2,True,False,3,,,https://archive.ics.uci.edu/dataset/107/waveform+database+generator+version+1,3.0,0.0,0,0,762.0,0,0,21,0.339,0.329,1.0303951367781157,0.9999282223848756,2.999763442017023,329,3,True,0.33925,3,0,,,,,,,,,,,,22,22,13,3,4,2,,0.8707,tabfm,0.86385,0.8323,0.03839999999999999,0.2882284354859152,0.0,1.8181818181818182e-05,0.0002,0.09090909090909091,False,1.072990909090909,0.89095,0.8665153846153846,0.0,0.2967310130053337,0.8371,6.666666666666667e-05,0.453735487959202,0.8607,0.0,0.3408796025332803,0.8513999999999999,0.0001,0.38020805559435,0.84282,0.8656,0.8371999999999999,395,395.0,0,0,0,10,0.0,,0.0,0.0,0.0015,mitra@v2,False,False,False,False,False,False,False,400.0,3.6989700043360187,3.0791812460476247,0.5317000000000001,-0.029299999999999993,0.005099999999999993,0.02941538461538462,-6.666666666666667e-05
website_phishing,A_published112,True,multiclass,False,3,1353,9,0,9,1.0,757,325,271,website_phishing,website_phishing,1,True,False,3,,,https://archive.ics.uci.edu/dataset/379/website+phishing,3.0,0.0,0,0,,25,3,25,0.5166051660516605,0.077490774907749,6.666666666666667,0.8241072515567375,2.4728574732504853,21,3,True,0.5194085027726433,3,0,,,,,,,,,,,,22,22,13,3,4,2,,0.9243542435424354,tabpfn25b,0.905719557195572,0.8442804428044279,0.08007380073800752,0.21586530238209023,0.5454545454545454,0.010902381751090227,0.029151291512915102,0.9090909090909091,False,1.0282958738678296,0.9073633009057364,0.9139086006244678,0.01691739994323018,0.24414711573706072,0.8960639606396064,0.0034440344403444,0.381316652136466,0.8775830258302584,0.002306273062730625,0.4619560892980917,0.8599630996309963,0.00018450184501845002,1.1903976713965334,0.8816236162361625,0.8442804428044279,0.8756457564575646,25,25.0,0,0,1,10,0.7047970479704797,0.8795811518324608,0.6608133086876156,0.0548172757475083,0.000369003690037,tabfm,False,False,False,False,False,False,False,108.33333333333333,3.131297796597623,2.5118833609788744,0.40774907749077494,0.024354243542435428,0.08007380073800752,0.01784463998486141,0.013473365502885781
wine,A_published112,True,binclass,True,2,2554,4,4,0,0.0,1430,613,511,wine,wine-quality,3,True,False,2,44091.0,,https://www.openml.org/search?type=data&status=active&id=44091&sort=runs,2.0,0.0,0,0,95.0,0,0,4,0.5009784735812133,0.4990215264187866,1.003921568627451,0.9999972374953342,1.9999961703590257,255,2,True,0.5002447381302007,2,0,,,,,,,,,,,,22,22,13,3,4,2,,0.7710371819960861,tabldm,0.7398238747553816,0.7062622309197651,0.06477495107632092,0.4584369050373443,0.0,0.0,0.0,0.0,True,1.3622753958370397,0.8848870307774418,0.7529278940237845,0.0,0.49849993325196873,0.7332681017612525,0.0,0.6717041420325268,0.7108610567514677,0.0,0.596260235190135,0.7332681017612523,0.0,0.5431116608109039,0.7332681017612523,0.7062622309197651,0.7602739726027397,306,306.0,0,0,0,10,0.1819960861056751,1.0,0.1997063142437591,0.0,0.0050880626223092,tabicl,False,False,False,False,False,False,False,306.5,3.4072208929273966,2.787460474518415,0.2700587084148728,-0.12896281800391396,0.06477495107632092,0.019659792262532005,0.0
wine-quality-red,A_published112,True,multiclass,False,6,1599,4,4,0,0.0,895,384,320,wine-quality,wine-quality,3,True,False,6,40691.0,,https://www.openml.org/search?type=data&status=active&id=40691&sort=runs,6.0,0.0,0,0,92.5,0,0,4,0.425,0.00625,68.0,0.6593861186321309,3.2591333677915526,2,6,True,0.4261141516810008,6,0,,,,,,,,,,,,22,22,13,3,4,2,,0.6559375000000001,tabfm,0.5931249999999999,0.55375,0.1021875000000001,0.8384009625021553,0.0,0.0,0.0,0.0,True,2.0154403409090906,0.8957954545454545,0.6169471153846153,0.0,0.9128174948178083,0.6007291666666666,0.0,1.3226467565408273,0.5637500000000001,0.0,1.067000922461319,0.590625,0.0,1.2216658406088774,0.5966875,0.55375,0.6275000000000001,2,2.0,2,3,4,10,0.25,0.975,0.2478498827208756,0.0,0.0025,tabldm,False,False,False,False,False,False,False,64.0,3.2038484637462346,2.584331224367531,0.23093750000000007,-0.24406249999999996,0.1021875000000001,0.016217948717948683,0.0
wine-quality-white,A_published112,True,multiclass,False,7,4898,11,11,0,0.0,2742,1176,980,wine-quality,wine-quality,3,True,False,7,40498.0,,https://www.openml.org/search?type=data&status=active&id=40498&sort=runs,7.0,0.0,0,0,125.0,0,0,11,0.4489795918367347,0.0010204081632653,440.0,0.663511600033811,3.636908314265538,1,7,True,0.448698315467075,7,0,,,,,,,,,,,,22,22,13,3,4,2,,0.6522448979591837,tabiclv2,0.623673469387755,0.5352040816326531,0.11704081632653063,0.8258278014849936,0.0,0.0,0.0,0.0,True,1.9926159554730984,0.8932328385899813,0.628712715855573,0.0,0.8803258007334711,0.6182993197278911,0.0,1.13275550317098,0.5469387755102041,0.0,1.1052622317859249,0.5810204081632653,0.0,1.227685827079163,0.6033877551020408,0.5352040816326531,0.6268367346938776,1,1.0,2,2,4,10,0.2775510204081632,1.0,0.295048494129658,0.0,0.0028571428571428,tabfm,False,False,False,False,False,False,False,168.0,3.6900187807886953,3.0704073217401198,0.20326530612244903,-0.2477551020408163,0.11704081632653063,0.010413396127681884,0.0
