block,score,alpha,dataset,model,family,acc_cal,eps
F1,lac,0.1,BLE_RSSI_dataset_for_Indoor_localization,LogReg,classic,0.7367125573633709,0.0
F1,lac,0.1,BLE_RSSI_dataset_for_Indoor_localization,PFN-v2,TFM,0.7411764705882353,0.0
F1,lac,0.1,BLE_RSSI_dataset_for_Indoor_localization,catboost,GBDT,0.7439716312056738,0.0
F1,lac,0.1,BLE_RSSI_dataset_for_Indoor_localization,exaone,TFM,0.7477263245723822,0.0
F1,lac,0.1,BLE_RSSI_dataset_for_Indoor_localization,ftt,deep,0.7371297455152274,0.0
F1,lac,0.1,BLE_RSSI_dataset_for_Indoor_localization,knn,classic,0.7540258656654151,0.0
F1,lac,0.1,BLE_RSSI_dataset_for_Indoor_localization,lightgbm,GBDT,0.7370880267000417,0.0
F1,lac,0.1,BLE_RSSI_dataset_for_Indoor_localization,mitra,TFM,0.7365874009178139,0.0
F1,lac,0.1,BLE_RSSI_dataset_for_Indoor_localization,mitra@v2,TFM,0.740967876512307,0.0
F1,lac,0.1,BLE_RSSI_dataset_for_Indoor_localization,mlp,deep,0.7392156862745098,0.0
F1,lac,0.1,BLE_RSSI_dataset_for_Indoor_localization,resnet,deep,0.7408844388819358,0.0
F1,lac,0.1,BLE_RSSI_dataset_for_Indoor_localization,tabfm,TFM,0.7743846474760117,0.0
F1,lac,0.1,BLE_RSSI_dataset_for_Indoor_localization,tabicl,TFM,0.7430120984564038,0.0
F1,lac,0.1,BLE_RSSI_dataset_for_Indoor_localization,tabiclv2,TFM,0.7398414685022946,0.0
F1,lac,0.1,BLE_RSSI_dataset_for_Indoor_localization,tabldm,TFM,0.7475594493116395,0.0
F1,lac,0.1,BLE_RSSI_dataset_for_Indoor_localization,tabm,deep,0.7353775552774302,0.0
F1,lac,0.1,BLE_RSSI_dataset_for_Indoor_localization,tabpfn,TFM,0.7399249061326658,0.0
F1,lac,0.1,BLE_RSSI_dataset_for_Indoor_localization,tabpfn25,TFM,0.7414267834793492,0.0
F1,lac,0.1,BLE_RSSI_dataset_for_Indoor_localization,tabpfn25b,TFM,0.741093032957864,0.0
F1,lac,0.1,BLE_RSSI_dataset_for_Indoor_localization,tabpfn26,TFM,0.7491864831038798,0.0
F1,lac,0.1,BLE_RSSI_dataset_for_Indoor_localization,tabpfn3,TFM,0.7411347517730495,0.0
F1,lac,0.1,BLE_RSSI_dataset_for_Indoor_localization,xgboost,GBDT,0.7405506883604506,0.0
F1,lac,0.1,Bank_Customer_Churn_Dataset,LogReg,classic,0.8065833333333334,0.0
F1,lac,0.1,Bank_Customer_Churn_Dataset,PFN-v2,TFM,0.8679166666666667,0.0
F1,lac,0.1,Bank_Customer_Churn_Dataset,catboost,GBDT,0.858125,0.0
F1,lac,0.1,Bank_Customer_Churn_Dataset,exaone,TFM,0.8679166666666667,0.0
F1,lac,0.1,Bank_Customer_Churn_Dataset,ftt,deep,0.8619166666666667,0.0
F1,lac,0.1,Bank_Customer_Churn_Dataset,knn,classic,0.8360416666666666,0.0
F1,lac,0.1,Bank_Customer_Churn_Dataset,lightgbm,GBDT,0.8630833333333333,0.0
F1,lac,0.1,Bank_Customer_Churn_Dataset,mitra,TFM,0.8616666666666667,0.0
F1,lac,0.1,Bank_Customer_Churn_Dataset,mitra@v2,TFM,0.8686666666666667,0.0
F1,lac,0.1,Bank_Customer_Churn_Dataset,mlp,deep,0.8554166666666667,0.0
F1,lac,0.1,Bank_Customer_Churn_Dataset,resnet,deep,0.8556666666666667,0.0
F1,lac,0.1,Bank_Customer_Churn_Dataset,tabfm,TFM,0.8671666666666666,0.0
F1,lac,0.1,Bank_Customer_Churn_Dataset,tabicl,TFM,0.8649583333333333,0.0
F1,lac,0.1,Bank_Customer_Churn_Dataset,tabiclv2,TFM,0.8663333333333334,0.0
F1,lac,0.1,Bank_Customer_Churn_Dataset,tabldm,TFM,0.8672083333333334,0.0
F1,lac,0.1,Bank_Customer_Churn_Dataset,tabm,deep,0.8604166666666666,0.0
F1,lac,0.1,Bank_Customer_Churn_Dataset,tabpfn,TFM,0.8543749999999999,0.0
F1,lac,0.1,Bank_Customer_Churn_Dataset,tabpfn25,TFM,0.8680416666666666,0.0
F1,lac,0.1,Bank_Customer_Churn_Dataset,tabpfn25b,TFM,0.8677083333333334,0.0
F1,lac,0.1,Bank_Customer_Churn_Dataset,tabpfn26,TFM,0.8654999999999999,0.0
F1,lac,0.1,Bank_Customer_Churn_Dataset,tabpfn3,TFM,0.8678333333333332,0.0
F1,lac,0.1,Bank_Customer_Churn_Dataset,xgboost,GBDT,0.8637083333333333,0.0
F1,lac,0.1,Basketball_c,LogReg,classic,0.6996894409937888,0.0
F1,lac,0.1,Basketball_c,PFN-v2,TFM,0.7043478260869566,0.0
F1,lac,0.1,Basketball_c,catboost,GBDT,0.6822981366459627,0.0
F1,lac,0.1,Basketball_c,exaone,TFM,0.7071428571428571,0.0
F1,lac,0.1,Basketball_c,ftt,deep,0.6990683229813665,0.0
F1,lac,0.1,Basketball_c,knn,classic,0.6959627329192546,0.0
F1,lac,0.1,Basketball_c,lightgbm,GBDT,0.686024844720497,0.0
F1,lac,0.1,Basketball_c,mitra,TFM,0.6993788819875777,0.0
F1,lac,0.1,Basketball_c,mitra@v2,TFM,0.7037267080745341,0.0
F1,lac,0.1,Basketball_c,mlp,deep,0.6925465838509317,0.0
F1,lac,0.1,Basketball_c,resnet,deep,0.7034161490683231,0.0
F1,lac,0.1,Basketball_c,tabfm,TFM,0.7043478260869566,0.0
F1,lac,0.1,Basketball_c,tabicl,TFM,0.7024844720496894,0.0
F1,lac,0.1,Basketball_c,tabiclv2,TFM,0.7049689440993789,0.0
F1,lac,0.1,Basketball_c,tabldm,TFM,0.7012422360248447,0.0
F1,lac,0.1,Basketball_c,tabm,deep,0.7003105590062112,0.0
F1,lac,0.1,Basketball_c,tabpfn,TFM,0.6996894409937888,0.0
F1,lac,0.1,Basketball_c,tabpfn25,TFM,0.7083850931677018,0.0
F1,lac,0.1,Basketball_c,tabpfn25b,TFM,0.7062111801242236,0.0
F1,lac,0.1,Basketball_c,tabpfn26,TFM,0.7031055900621117,0.0
F1,lac,0.1,Basketball_c,tabpfn3,TFM,0.7,0.0
F1,lac,0.1,Basketball_c,xgboost,GBDT,0.6590062111801243,0.0
F1,lac,0.1,Contaminant-detection-in-packaged-cocoa-hazelnut-spread-jars-using-Microwaves-Sensing-and-Machine-Learning-10.0GHz(Urbinati),LogReg,classic,0.8881944444444445,0.0
F1,lac,0.1,Contaminant-detection-in-packaged-cocoa-hazelnut-spread-jars-using-Microwaves-Sensing-and-Machine-Learning-10.0GHz(Urbinati),PFN-v2,TFM,0.9494791666666667,0.06624999999999996
F1,lac,0.1,Contaminant-detection-in-packaged-cocoa-hazelnut-spread-jars-using-Microwaves-Sensing-and-Machine-Learning-10.0GHz(Urbinati),catboost,GBDT,0.9102430555555555,0.01374999999999998
F1,lac,0.1,Contaminant-detection-in-packaged-cocoa-hazelnut-spread-jars-using-Microwaves-Sensing-and-Machine-Learning-10.0GHz(Urbinati),exaone,TFM,0.9612847222222222,0.08458333333333329
F1,lac,0.1,Contaminant-detection-in-packaged-cocoa-hazelnut-spread-jars-using-Microwaves-Sensing-and-Machine-Learning-10.0GHz(Urbinati),ftt,deep,0.9034722222222221,0.01166666666666665
F1,lac,0.1,Contaminant-detection-in-packaged-cocoa-hazelnut-spread-jars-using-Microwaves-Sensing-and-Machine-Learning-10.0GHz(Urbinati),knn,classic,0.8677083333333334,0.0
F1,lac,0.1,Contaminant-detection-in-packaged-cocoa-hazelnut-spread-jars-using-Microwaves-Sensing-and-Machine-Learning-10.0GHz(Urbinati),lightgbm,GBDT,0.9149305555555556,0.025416666666666636
F1,lac,0.1,Contaminant-detection-in-packaged-cocoa-hazelnut-spread-jars-using-Microwaves-Sensing-and-Machine-Learning-10.0GHz(Urbinati),mitra,TFM,0.9387152777777779,0.060208333333333273
F1,lac,0.1,Contaminant-detection-in-packaged-cocoa-hazelnut-spread-jars-using-Microwaves-Sensing-and-Machine-Learning-10.0GHz(Urbinati),mitra@v2,TFM,0.9609375,0.08312499999999995
F1,lac,0.1,Contaminant-detection-in-packaged-cocoa-hazelnut-spread-jars-using-Microwaves-Sensing-and-Machine-Learning-10.0GHz(Urbinati),mlp,deep,0.9270833333333334,0.0358333333333333
F1,lac,0.1,Contaminant-detection-in-packaged-cocoa-hazelnut-spread-jars-using-Microwaves-Sensing-and-Machine-Learning-10.0GHz(Urbinati),resnet,deep,0.9215277777777778,0.02999999999999997
F1,lac,0.1,Contaminant-detection-in-packaged-cocoa-hazelnut-spread-jars-using-Microwaves-Sensing-and-Machine-Learning-10.0GHz(Urbinati),tabfm,TFM,0.978298611111111,0.08874999999999997
F1,lac,0.1,Contaminant-detection-in-packaged-cocoa-hazelnut-spread-jars-using-Microwaves-Sensing-and-Machine-Learning-10.0GHz(Urbinati),tabicl,TFM,0.9602430555555556,0.07979166666666664
F1,lac,0.1,Contaminant-detection-in-packaged-cocoa-hazelnut-spread-jars-using-Microwaves-Sensing-and-Machine-Learning-10.0GHz(Urbinati),tabiclv2,TFM,0.967013888888889,0.08749999999999995
F1,lac,0.1,Contaminant-detection-in-packaged-cocoa-hazelnut-spread-jars-using-Microwaves-Sensing-and-Machine-Learning-10.0GHz(Urbinati),tabldm,TFM,0.9651041666666667,0.08166666666666664
F1,lac,0.1,Contaminant-detection-in-packaged-cocoa-hazelnut-spread-jars-using-Microwaves-Sensing-and-Machine-Learning-10.0GHz(Urbinati),tabm,deep,0.8994791666666666,0.010208333333333321
F1,lac,0.1,Contaminant-detection-in-packaged-cocoa-hazelnut-spread-jars-using-Microwaves-Sensing-and-Machine-Learning-10.0GHz(Urbinati),tabpfn,TFM,0.9482638888888889,0.0720833333333333
F1,lac,0.1,Contaminant-detection-in-packaged-cocoa-hazelnut-spread-jars-using-Microwaves-Sensing-and-Machine-Learning-10.0GHz(Urbinati),tabpfn25,TFM,0.9585069444444445,0.06916666666666663
F1,lac,0.1,Contaminant-detection-in-packaged-cocoa-hazelnut-spread-jars-using-Microwaves-Sensing-and-Machine-Learning-10.0GHz(Urbinati),tabpfn25b,TFM,0.9564236111111111,0.06874999999999995
F1,lac,0.1,Contaminant-detection-in-packaged-cocoa-hazelnut-spread-jars-using-Microwaves-Sensing-and-Machine-Learning-10.0GHz(Urbinati),tabpfn26,TFM,0.9559027777777779,0.0683333333333333
F1,lac,0.1,Contaminant-detection-in-packaged-cocoa-hazelnut-spread-jars-using-Microwaves-Sensing-and-Machine-Learning-10.0GHz(Urbinati),tabpfn3,TFM,0.9663194444444445,0.0808333333333333
F1,lac,0.1,Contaminant-detection-in-packaged-cocoa-hazelnut-spread-jars-using-Microwaves-Sensing-and-Machine-Learning-10.0GHz(Urbinati),xgboost,GBDT,0.9052083333333334,0.012916666666666651
F1,lac,0.1,Contaminant-detection-in-packaged-cocoa-hazelnut-spread-jars-using-Microwaves-Sensing-and-Machine-Learning-10.5GHz(Urbinati),LogReg,classic,0.8777777777777779,0.00125
F1,lac,0.1,Contaminant-detection-in-packaged-cocoa-hazelnut-spread-jars-using-Microwaves-Sensing-and-Machine-Learning-10.5GHz(Urbinati),PFN-v2,TFM,0.9390625,0.051249999999999976
F1,lac,0.1,Contaminant-detection-in-packaged-cocoa-hazelnut-spread-jars-using-Microwaves-Sensing-and-Machine-Learning-10.5GHz(Urbinati),catboost,GBDT,0.8946180555555555,0.00395833333333333
F1,lac,0.1,Contaminant-detection-in-packaged-cocoa-hazelnut-spread-jars-using-Microwaves-Sensing-and-Machine-Learning-10.5GHz(Urbinati),exaone,TFM,0.9539930555555556,0.0708333333333333
F1,lac,0.1,Contaminant-detection-in-packaged-cocoa-hazelnut-spread-jars-using-Microwaves-Sensing-and-Machine-Learning-10.5GHz(Urbinati),ftt,deep,0.8730902777777778,0.0020833333333333303
F1,lac,0.1,Contaminant-detection-in-packaged-cocoa-hazelnut-spread-jars-using-Microwaves-Sensing-and-Machine-Learning-10.5GHz(Urbinati),knn,classic,0.8666666666666666,0.0
F1,lac,0.1,Contaminant-detection-in-packaged-cocoa-hazelnut-spread-jars-using-Microwaves-Sensing-and-Machine-Learning-10.5GHz(Urbinati),lightgbm,GBDT,0.9,0.007083333333333319
F1,lac,0.1,Contaminant-detection-in-packaged-cocoa-hazelnut-spread-jars-using-Microwaves-Sensing-and-Machine-Learning-10.5GHz(Urbinati),mitra,TFM,0.9284722222222221,0.03854166666666664
F1,lac,0.1,Contaminant-detection-in-packaged-cocoa-hazelnut-spread-jars-using-Microwaves-Sensing-and-Machine-Learning-10.5GHz(Urbinati),mitra@v2,TFM,0.9552083333333334,0.08187499999999996
F1,lac,0.1,Contaminant-detection-in-packaged-cocoa-hazelnut-spread-jars-using-Microwaves-Sensing-and-Machine-Learning-10.5GHz(Urbinati),mlp,deep,0.9088541666666666,0.01687499999999998
F1,lac,0.1,Contaminant-detection-in-packaged-cocoa-hazelnut-spread-jars-using-Microwaves-Sensing-and-Machine-Learning-10.5GHz(Urbinati),resnet,deep,0.9112847222222221,0.01937499999999997
F1,lac,0.1,Contaminant-detection-in-packaged-cocoa-hazelnut-spread-jars-using-Microwaves-Sensing-and-Machine-Learning-10.5GHz(Urbinati),tabfm,TFM,0.971875,0.08895833333333329
F1,lac,0.1,Contaminant-detection-in-packaged-cocoa-hazelnut-spread-jars-using-Microwaves-Sensing-and-Machine-Learning-10.5GHz(Urbinati),tabicl,TFM,0.9456597222222222,0.0614583333333333
F1,lac,0.1,Contaminant-detection-in-packaged-cocoa-hazelnut-spread-jars-using-Microwaves-Sensing-and-Machine-Learning-10.5GHz(Urbinati),tabiclv2,TFM,0.960763888888889,0.07229166666666663
F1,lac,0.1,Contaminant-detection-in-packaged-cocoa-hazelnut-spread-jars-using-Microwaves-Sensing-and-Machine-Learning-10.5GHz(Urbinati),tabldm,TFM,0.961111111111111,0.08083333333333331
F1,lac,0.1,Contaminant-detection-in-packaged-cocoa-hazelnut-spread-jars-using-Microwaves-Sensing-and-Machine-Learning-10.5GHz(Urbinati),tabm,deep,0.8788194444444445,0.0025
F1,lac,0.1,Contaminant-detection-in-packaged-cocoa-hazelnut-spread-jars-using-Microwaves-Sensing-and-Machine-Learning-10.5GHz(Urbinati),tabpfn,TFM,0.9322916666666666,0.03937499999999998
F1,lac,0.1,Contaminant-detection-in-packaged-cocoa-hazelnut-spread-jars-using-Microwaves-Sensing-and-Machine-Learning-10.5GHz(Urbinati),tabpfn25,TFM,0.9486111111111111,0.0614583333333333
F1,lac,0.1,Contaminant-detection-in-packaged-cocoa-hazelnut-spread-jars-using-Microwaves-Sensing-and-Machine-Learning-10.5GHz(Urbinati),tabpfn25b,TFM,0.9489583333333333,0.0595833333333333
F1,lac,0.1,Contaminant-detection-in-packaged-cocoa-hazelnut-spread-jars-using-Microwaves-Sensing-and-Machine-Learning-10.5GHz(Urbinati),tabpfn26,TFM,0.9467013888888889,0.06624999999999996
F1,lac,0.1,Contaminant-detection-in-packaged-cocoa-hazelnut-spread-jars-using-Microwaves-Sensing-and-Machine-Learning-10.5GHz(Urbinati),tabpfn3,TFM,0.959201388888889,0.07791666666666662
F1,lac,0.1,Contaminant-detection-in-packaged-cocoa-hazelnut-spread-jars-using-Microwaves-Sensing-and-Machine-Learning-10.5GHz(Urbinati),xgboost,GBDT,0.8960069444444445,0.00479166666666666
F1,lac,0.1,Contaminant-detection-in-packaged-cocoa-hazelnut-spread-jars-using-Microwaves-Sensing-and-Machine-Learning-11.0GHz(Urbinati),LogReg,classic,0.8756944444444444,0.0
F1,lac,0.1,Contaminant-detection-in-packaged-cocoa-hazelnut-spread-jars-using-Microwaves-Sensing-and-Machine-Learning-11.0GHz(Urbinati),PFN-v2,TFM,0.9402777777777779,0.07229166666666663
F1,lac,0.1,Contaminant-detection-in-packaged-cocoa-hazelnut-spread-jars-using-Microwaves-Sensing-and-Machine-Learning-11.0GHz(Urbinati),catboost,GBDT,0.9036458333333334,0.008541666666666638
F1,lac,0.1,Contaminant-detection-in-packaged-cocoa-hazelnut-spread-jars-using-Microwaves-Sensing-and-Machine-Learning-11.0GHz(Urbinati),exaone,TFM,0.9581597222222221,0.07229166666666663
F1,lac,0.1,Contaminant-detection-in-packaged-cocoa-hazelnut-spread-jars-using-Microwaves-Sensing-and-Machine-Learning-11.0GHz(Urbinati),ftt,deep,0.8840277777777779,0.0037499999999999903
F1,lac,0.1,Contaminant-detection-in-packaged-cocoa-hazelnut-spread-jars-using-Microwaves-Sensing-and-Machine-Learning-11.0GHz(Urbinati),knn,classic,0.8524305555555556,0.0
F1,lac,0.1,Contaminant-detection-in-packaged-cocoa-hazelnut-spread-jars-using-Microwaves-Sensing-and-Machine-Learning-11.0GHz(Urbinati),lightgbm,GBDT,0.9053819444444444,0.01083333333333332
F1,lac,0.1,Contaminant-detection-in-packaged-cocoa-hazelnut-spread-jars-using-Microwaves-Sensing-and-Machine-Learning-11.0GHz(Urbinati),mitra,TFM,0.9267361111111111,0.03854166666666662
F1,lac,0.1,Contaminant-detection-in-packaged-cocoa-hazelnut-spread-jars-using-Microwaves-Sensing-and-Machine-Learning-11.0GHz(Urbinati),mitra@v2,TFM,0.9565972222222221,0.07291666666666662
F1,lac,0.1,Contaminant-detection-in-packaged-cocoa-hazelnut-spread-jars-using-Microwaves-Sensing-and-Machine-Learning-11.0GHz(Urbinati),mlp,deep,0.9086805555555555,0.021666666666666647
F1,lac,0.1,Contaminant-detection-in-packaged-cocoa-hazelnut-spread-jars-using-Microwaves-Sensing-and-Machine-Learning-11.0GHz(Urbinati),resnet,deep,0.9227430555555556,0.035624999999999976
F1,lac,0.1,Contaminant-detection-in-packaged-cocoa-hazelnut-spread-jars-using-Microwaves-Sensing-and-Machine-Learning-11.0GHz(Urbinati),tabfm,TFM,0.9713541666666666,0.08624999999999998
F1,lac,0.1,Contaminant-detection-in-packaged-cocoa-hazelnut-spread-jars-using-Microwaves-Sensing-and-Machine-Learning-11.0GHz(Urbinati),tabicl,TFM,0.9538194444444444,0.0714583333333333
F1,lac,0.1,Contaminant-detection-in-packaged-cocoa-hazelnut-spread-jars-using-Microwaves-Sensing-and-Machine-Learning-11.0GHz(Urbinati),tabiclv2,TFM,0.9590277777777778,0.0789583333333333
F1,lac,0.1,Contaminant-detection-in-packaged-cocoa-hazelnut-spread-jars-using-Microwaves-Sensing-and-Machine-Learning-11.0GHz(Urbinati),tabldm,TFM,0.9586805555555555,0.07874999999999999
F1,lac,0.1,Contaminant-detection-in-packaged-cocoa-hazelnut-spread-jars-using-Microwaves-Sensing-and-Machine-Learning-11.0GHz(Urbinati),tabm,deep,0.8782986111111111,0.00083333333333333
F1,lac,0.1,Contaminant-detection-in-packaged-cocoa-hazelnut-spread-jars-using-Microwaves-Sensing-and-Machine-Learning-11.0GHz(Urbinati),tabpfn,TFM,0.9326388888888889,0.053124999999999964
F1,lac,0.1,Contaminant-detection-in-packaged-cocoa-hazelnut-spread-jars-using-Microwaves-Sensing-and-Machine-Learning-11.0GHz(Urbinati),tabpfn25,TFM,0.9541666666666666,0.0770833333333333
F1,lac,0.1,Contaminant-detection-in-packaged-cocoa-hazelnut-spread-jars-using-Microwaves-Sensing-and-Machine-Learning-11.0GHz(Urbinati),tabpfn25b,TFM,0.9520833333333334,0.07270833333333329
F1,lac,0.1,Contaminant-detection-in-packaged-cocoa-hazelnut-spread-jars-using-Microwaves-Sensing-and-Machine-Learning-11.0GHz(Urbinati),tabpfn26,TFM,0.9482638888888889,0.07541666666666665
F1,lac,0.1,Contaminant-detection-in-packaged-cocoa-hazelnut-spread-jars-using-Microwaves-Sensing-and-Machine-Learning-11.0GHz(Urbinati),tabpfn3,TFM,0.9595486111111111,0.0808333333333333
F1,lac,0.1,Contaminant-detection-in-packaged-cocoa-hazelnut-spread-jars-using-Microwaves-Sensing-and-Machine-Learning-11.0GHz(Urbinati),xgboost,GBDT,0.8984375,0.005624999999999989
F1,lac,0.1,Contaminant-detection-in-packaged-cocoa-hazelnut-spread-jars-using-Microwaves-Sensing-and-Machine-Learning-9.0GHz(Urbinati),LogReg,classic,0.857638888888889,0.0
F1,lac,0.1,Contaminant-detection-in-packaged-cocoa-hazelnut-spread-jars-using-Microwaves-Sensing-and-Machine-Learning-9.0GHz(Urbinati),PFN-v2,TFM,0.9362847222222221,0.05291666666666663
F1,lac,0.1,Contaminant-detection-in-packaged-cocoa-hazelnut-spread-jars-using-Microwaves-Sensing-and-Machine-Learning-9.0GHz(Urbinati),catboost,GBDT,0.9017361111111111,0.00687499999999998
F1,lac,0.1,Contaminant-detection-in-packaged-cocoa-hazelnut-spread-jars-using-Microwaves-Sensing-and-Machine-Learning-9.0GHz(Urbinati),exaone,TFM,0.9590277777777778,0.08437499999999996
F1,lac,0.1,Contaminant-detection-in-packaged-cocoa-hazelnut-spread-jars-using-Microwaves-Sensing-and-Machine-Learning-9.0GHz(Urbinati),ftt,deep,0.86875,0.0
F1,lac,0.1,Contaminant-detection-in-packaged-cocoa-hazelnut-spread-jars-using-Microwaves-Sensing-and-Machine-Learning-9.0GHz(Urbinati),knn,classic,0.8496527777777778,0.0
F1,lac,0.1,Contaminant-detection-in-packaged-cocoa-hazelnut-spread-jars-using-Microwaves-Sensing-and-Machine-Learning-9.0GHz(Urbinati),lightgbm,GBDT,0.8980902777777778,0.00354166666666665
F1,lac,0.1,Contaminant-detection-in-packaged-cocoa-hazelnut-spread-jars-using-Microwaves-Sensing-and-Machine-Learning-9.0GHz(Urbinati),mitra,TFM,0.9274305555555555,0.04124999999999997
F1,lac,0.1,Contaminant-detection-in-packaged-cocoa-hazelnut-spread-jars-using-Microwaves-Sensing-and-Machine-Learning-9.0GHz(Urbinati),mitra@v2,TFM,0.9527777777777778,0.06833333333333332
F1,lac,0.1,Contaminant-detection-in-packaged-cocoa-hazelnut-spread-jars-using-Microwaves-Sensing-and-Machine-Learning-9.0GHz(Urbinati),mlp,deep,0.9112847222222221,0.0233333333333333
F1,lac,0.1,Contaminant-detection-in-packaged-cocoa-hazelnut-spread-jars-using-Microwaves-Sensing-and-Machine-Learning-9.0GHz(Urbinati),resnet,deep,0.9208333333333334,0.0370833333333333
F1,lac,0.1,Contaminant-detection-in-packaged-cocoa-hazelnut-spread-jars-using-Microwaves-Sensing-and-Machine-Learning-9.0GHz(Urbinati),tabfm,TFM,0.9807291666666667,0.09312499999999994
F1,lac,0.1,Contaminant-detection-in-packaged-cocoa-hazelnut-spread-jars-using-Microwaves-Sensing-and-Machine-Learning-9.0GHz(Urbinati),tabicl,TFM,0.9543402777777779,0.07791666666666663
F1,lac,0.1,Contaminant-detection-in-packaged-cocoa-hazelnut-spread-jars-using-Microwaves-Sensing-and-Machine-Learning-9.0GHz(Urbinati),tabiclv2,TFM,0.9642361111111111,0.08979166666666663
F1,lac,0.1,Contaminant-detection-in-packaged-cocoa-hazelnut-spread-jars-using-Microwaves-Sensing-and-Machine-Learning-9.0GHz(Urbinati),tabldm,TFM,0.9600694444444444,0.08958333333333329
F1,lac,0.1,Contaminant-detection-in-packaged-cocoa-hazelnut-spread-jars-using-Microwaves-Sensing-and-Machine-Learning-9.0GHz(Urbinati),tabm,deep,0.8758680555555556,0.00041666666666665997
F1,lac,0.1,Contaminant-detection-in-packaged-cocoa-hazelnut-spread-jars-using-Microwaves-Sensing-and-Machine-Learning-9.0GHz(Urbinati),tabpfn,TFM,0.9397569444444445,0.0533333333333333
F1,lac,0.1,Contaminant-detection-in-packaged-cocoa-hazelnut-spread-jars-using-Microwaves-Sensing-and-Machine-Learning-9.0GHz(Urbinati),tabpfn25,TFM,0.9517361111111111,0.07937499999999996
F1,lac,0.1,Contaminant-detection-in-packaged-cocoa-hazelnut-spread-jars-using-Microwaves-Sensing-and-Machine-Learning-9.0GHz(Urbinati),tabpfn25b,TFM,0.9496527777777779,0.07749999999999997
F1,lac,0.1,Contaminant-detection-in-packaged-cocoa-hazelnut-spread-jars-using-Microwaves-Sensing-and-Machine-Learning-9.0GHz(Urbinati),tabpfn26,TFM,0.9467013888888889,0.06999999999999998
F1,lac,0.1,Contaminant-detection-in-packaged-cocoa-hazelnut-spread-jars-using-Microwaves-Sensing-and-Machine-Learning-9.0GHz(Urbinati),tabpfn3,TFM,0.9647569444444445,0.08979166666666663
F1,lac,0.1,Contaminant-detection-in-packaged-cocoa-hazelnut-spread-jars-using-Microwaves-Sensing-and-Machine-Learning-9.0GHz(Urbinati),xgboost,GBDT,0.8984375,0.0029166666666666603
F1,lac,0.1,Contaminant-detection-in-packaged-cocoa-hazelnut-spread-jars-using-Microwaves-Sensing-and-Machine-Learning-9.5GHz(Urbinati),LogReg,classic,0.8675347222222222,0.0
F1,lac,0.1,Contaminant-detection-in-packaged-cocoa-hazelnut-spread-jars-using-Microwaves-Sensing-and-Machine-Learning-9.5GHz(Urbinati),PFN-v2,TFM,0.9164930555555555,0.03062499999999998
F1,lac,0.1,Contaminant-detection-in-packaged-cocoa-hazelnut-spread-jars-using-Microwaves-Sensing-and-Machine-Learning-9.5GHz(Urbinati),catboost,GBDT,0.8973958333333334,0.00666666666666665
F1,lac,0.1,Contaminant-detection-in-packaged-cocoa-hazelnut-spread-jars-using-Microwaves-Sensing-and-Machine-Learning-9.5GHz(Urbinati),exaone,TFM,0.9399305555555555,0.06999999999999998
F1,lac,0.1,Contaminant-detection-in-packaged-cocoa-hazelnut-spread-jars-using-Microwaves-Sensing-and-Machine-Learning-9.5GHz(Urbinati),ftt,deep,0.8815972222222221,0.00083333333333333
F1,lac,0.1,Contaminant-detection-in-packaged-cocoa-hazelnut-spread-jars-using-Microwaves-Sensing-and-Machine-Learning-9.5GHz(Urbinati),knn,classic,0.8550347222222221,0.0
F1,lac,0.1,Contaminant-detection-in-packaged-cocoa-hazelnut-spread-jars-using-Microwaves-Sensing-and-Machine-Learning-9.5GHz(Urbinati),lightgbm,GBDT,0.8975694444444444,0.00833333333333332
F1,lac,0.1,Contaminant-detection-in-packaged-cocoa-hazelnut-spread-jars-using-Microwaves-Sensing-and-Machine-Learning-9.5GHz(Urbinati),mitra,TFM,0.9152777777777779,0.029166666666666653
F1,lac,0.1,Contaminant-detection-in-packaged-cocoa-hazelnut-spread-jars-using-Microwaves-Sensing-and-Machine-Learning-9.5GHz(Urbinati),mitra@v2,TFM,0.9366319444444444,0.05604166666666664
F1,lac,0.1,Contaminant-detection-in-packaged-cocoa-hazelnut-spread-jars-using-Microwaves-Sensing-and-Machine-Learning-9.5GHz(Urbinati),mlp,deep,0.8991319444444444,0.010416666666666661
F1,lac,0.1,Contaminant-detection-in-packaged-cocoa-hazelnut-spread-jars-using-Microwaves-Sensing-and-Machine-Learning-9.5GHz(Urbinati),resnet,deep,0.9027777777777779,0.013333333333333319
F1,lac,0.1,Contaminant-detection-in-packaged-cocoa-hazelnut-spread-jars-using-Microwaves-Sensing-and-Machine-Learning-9.5GHz(Urbinati),tabfm,TFM,0.9602430555555556,0.08416666666666664
F1,lac,0.1,Contaminant-detection-in-packaged-cocoa-hazelnut-spread-jars-using-Microwaves-Sensing-and-Machine-Learning-9.5GHz(Urbinati),tabicl,TFM,0.9362847222222221,0.05354166666666664
F1,lac,0.1,Contaminant-detection-in-packaged-cocoa-hazelnut-spread-jars-using-Microwaves-Sensing-and-Machine-Learning-9.5GHz(Urbinati),tabiclv2,TFM,0.9442708333333334,0.0652083333333333
F1,lac,0.1,Contaminant-detection-in-packaged-cocoa-hazelnut-spread-jars-using-Microwaves-Sensing-and-Machine-Learning-9.5GHz(Urbinati),tabldm,TFM,0.9399305555555555,0.05999999999999996
F1,lac,0.1,Contaminant-detection-in-packaged-cocoa-hazelnut-spread-jars-using-Microwaves-Sensing-and-Machine-Learning-9.5GHz(Urbinati),tabm,deep,0.8638888888888889,0.0
F1,lac,0.1,Contaminant-detection-in-packaged-cocoa-hazelnut-spread-jars-using-Microwaves-Sensing-and-Machine-Learning-9.5GHz(Urbinati),tabpfn,TFM,0.9256944444444445,0.033958333333333326
F1,lac,0.1,Contaminant-detection-in-packaged-cocoa-hazelnut-spread-jars-using-Microwaves-Sensing-and-Machine-Learning-9.5GHz(Urbinati),tabpfn25,TFM,0.9366319444444444,0.04833333333333331
F1,lac,0.1,Contaminant-detection-in-packaged-cocoa-hazelnut-spread-jars-using-Microwaves-Sensing-and-Machine-Learning-9.5GHz(Urbinati),tabpfn25b,TFM,0.9355902777777778,0.04979166666666663
F1,lac,0.1,Contaminant-detection-in-packaged-cocoa-hazelnut-spread-jars-using-Microwaves-Sensing-and-Machine-Learning-9.5GHz(Urbinati),tabpfn26,TFM,0.9375,0.0589583333333333
F1,lac,0.1,Contaminant-detection-in-packaged-cocoa-hazelnut-spread-jars-using-Microwaves-Sensing-and-Machine-Learning-9.5GHz(Urbinati),tabpfn3,TFM,0.9428819444444445,0.06229166666666665
F1,lac,0.1,Contaminant-detection-in-packaged-cocoa-hazelnut-spread-jars-using-Microwaves-Sensing-and-Machine-Learning-9.5GHz(Urbinati),xgboost,GBDT,0.8836805555555556,0.0052083333333333304
F1,lac,0.1,Customer_Personality_Analysis,LogReg,classic,0.874907063197026,0.0
F1,lac,0.1,Customer_Personality_Analysis,PFN-v2,TFM,0.883085501858736,0.0
F1,lac,0.1,Customer_Personality_Analysis,catboost,GBDT,0.8743494423791821,0.0
F1,lac,0.1,Customer_Personality_Analysis,exaone,TFM,0.8877323420074349,0.00022321428571428002
F1,lac,0.1,Customer_Personality_Analysis,ftt,deep,0.8711895910780669,0.0
F1,lac,0.1,Customer_Personality_Analysis,knn,classic,0.8671003717472118,0.0
F1,lac,0.1,Customer_Personality_Analysis,lightgbm,GBDT,0.874907063197026,0.0
F1,lac,0.1,Customer_Personality_Analysis,mitra,TFM,0.8849442379182155,0.0
F1,lac,0.1,Customer_Personality_Analysis,mitra@v2,TFM,0.8868029739776953,0.0
F1,lac,0.1,Customer_Personality_Analysis,mlp,deep,0.8678438661710037,0.0
F1,lac,0.1,Customer_Personality_Analysis,resnet,deep,0.8615241635687733,0.0
F1,lac,0.1,Customer_Personality_Analysis,tabfm,TFM,0.8888475836431227,0.00066964285714285
F1,lac,0.1,Customer_Personality_Analysis,tabicl,TFM,0.883085501858736,0.0
F1,lac,0.1,Customer_Personality_Analysis,tabiclv2,TFM,0.8858736059479554,0.0
F1,lac,0.1,Customer_Personality_Analysis,tabldm,TFM,0.8845724907063197,0.0
F1,lac,0.1,Customer_Personality_Analysis,tabm,deep,0.8767657992565056,0.0
F1,lac,0.1,Customer_Personality_Analysis,tabpfn,TFM,0.8788104089219331,0.0
F1,lac,0.1,Customer_Personality_Analysis,tabpfn25,TFM,0.883457249070632,0.0
F1,lac,0.1,Customer_Personality_Analysis,tabpfn25b,TFM,0.88364312267658,0.0
F1,lac,0.1,Customer_Personality_Analysis,tabpfn26,TFM,0.8862453531598513,0.0
F1,lac,0.1,Customer_Personality_Analysis,tabpfn3,TFM,0.8871747211895912,0.0
F1,lac,0.1,Customer_Personality_Analysis,xgboost,GBDT,0.8728624535315985,0.0
F1,lac,0.1,Diabetic_Retinopathy_Debrecen,LogReg,classic,0.7413043478260869,0.0
F1,lac,0.1,Diabetic_Retinopathy_Debrecen,PFN-v2,TFM,0.7695652173913043,0.0
F1,lac,0.1,Diabetic_Retinopathy_Debrecen,catboost,GBDT,0.6677536231884058,0.0
F1,lac,0.1,Diabetic_Retinopathy_Debrecen,exaone,TFM,0.7760869565217391,0.0
F1,lac,0.1,Diabetic_Retinopathy_Debrecen,ftt,deep,0.6739130434782609,0.0
F1,lac,0.1,Diabetic_Retinopathy_Debrecen,knn,classic,0.636231884057971,0.0
F1,lac,0.1,Diabetic_Retinopathy_Debrecen,lightgbm,GBDT,0.6615942028985506,0.0
F1,lac,0.1,Diabetic_Retinopathy_Debrecen,mitra,TFM,0.760144927536232,0.0
F1,lac,0.1,Diabetic_Retinopathy_Debrecen,mitra@v2,TFM,0.7681159420289855,0.0
F1,lac,0.1,Diabetic_Retinopathy_Debrecen,mlp,deep,0.6822463768115943,0.0
F1,lac,0.1,Diabetic_Retinopathy_Debrecen,resnet,deep,0.7097826086956521,0.0
F1,lac,0.1,Diabetic_Retinopathy_Debrecen,tabfm,TFM,0.7764492753623189,0.0
F1,lac,0.1,Diabetic_Retinopathy_Debrecen,tabicl,TFM,0.7576086956521739,0.0
F1,lac,0.1,Diabetic_Retinopathy_Debrecen,tabiclv2,TFM,0.7710144927536231,0.0
F1,lac,0.1,Diabetic_Retinopathy_Debrecen,tabldm,TFM,0.7728260869565218,0.0
F1,lac,0.1,Diabetic_Retinopathy_Debrecen,tabm,deep,0.7221014492753624,0.0
F1,lac,0.1,Diabetic_Retinopathy_Debrecen,tabpfn,TFM,0.7384057971014493,0.0
F1,lac,0.1,Diabetic_Retinopathy_Debrecen,tabpfn25,TFM,0.7753623188405797,0.0
F1,lac,0.1,Diabetic_Retinopathy_Debrecen,tabpfn25b,TFM,0.7713768115942029,0.0
F1,lac,0.1,Diabetic_Retinopathy_Debrecen,tabpfn26,TFM,0.7655797101449275,0.0
F1,lac,0.1,Diabetic_Retinopathy_Debrecen,tabpfn3,TFM,0.7663043478260869,0.0
F1,lac,0.1,Diabetic_Retinopathy_Debrecen,xgboost,GBDT,0.6702898550724637,0.0
F1,lac,0.1,Employee,LogReg,classic,0.7043867502238138,0.0
F1,lac,0.1,Employee,PFN-v2,TFM,0.8565801253357208,0.0
F1,lac,0.1,Employee,catboost,GBDT,0.8401074306177261,0.0
F1,lac,0.1,Employee,exaone,TFM,0.8581020590868397,0.0
F1,lac,0.1,Employee,ftt,deep,0.8504028648164728,0.0
F1,lac,0.1,Employee,knn,classic,0.8212175470008953,0.0
F1,lac,0.1,Employee,lightgbm,GBDT,0.8375111906893465,0.0
F1,lac,0.1,Employee,mitra,TFM,0.8480752014324082,0.0
F1,lac,0.1,Employee,mitra@v2,TFM,0.8561324977618622,0.0
F1,lac,0.1,Employee,mlp,deep,0.8393912264995524,0.0
F1,lac,0.1,Employee,resnet,deep,0.8414503133393018,0.0
F1,lac,0.1,Employee,tabfm,TFM,0.8609668755595343,0.0
F1,lac,0.1,Employee,tabicl,TFM,0.8566696508504924,0.0
F1,lac,0.1,Employee,tabiclv2,TFM,0.8547896150402865,0.0
F1,lac,0.1,Employee,tabldm,TFM,0.8577439570277529,0.0
F1,lac,0.1,Employee,tabm,deep,0.8431512981199643,0.0
F1,lac,0.1,Employee,tabpfn,TFM,0.8457475380483437,0.0
F1,lac,0.1,Employee,tabpfn25,TFM,0.8557743957027754,0.0
F1,lac,0.1,Employee,tabpfn25b,TFM,0.8537153088630258,0.0
F1,lac,0.1,Employee,tabpfn26,TFM,0.855863921217547,0.0
F1,lac,0.1,Employee,tabpfn3,TFM,0.8554162936436885,0.0
F1,lac,0.1,Employee,xgboost,GBDT,0.8502238137869293,0.0
F1,lac,0.1,FICO-HELOC-cleaned,LogReg,classic,0.7282397636133389,0.0
F1,lac,0.1,FICO-HELOC-cleaned,PFN-v2,TFM,0.7380329252849304,0.0
F1,lac,0.1,FICO-HELOC-cleaned,catboost,GBDT,0.7289151540734486,0.0
F1,lac,0.1,FICO-HELOC-cleaned,exaone,TFM,0.7391304347826086,0.0
F1,lac,0.1,FICO-HELOC-cleaned,ftt,deep,0.7343182777543267,0.0
F1,lac,0.1,FICO-HELOC-cleaned,knn,classic,0.7273533136344449,0.0
F1,lac,0.1,FICO-HELOC-cleaned,lightgbm,GBDT,0.7320810468552132,0.0
F1,lac,0.1,FICO-HELOC-cleaned,mitra,TFM,0.7354579991557619,0.0
F1,lac,0.1,FICO-HELOC-cleaned,mitra@v2,TFM,0.7377374419586323,0.0
F1,lac,0.1,FICO-HELOC-cleaned,mlp,deep,0.7296749683410721,0.0
F1,lac,0.1,FICO-HELOC-cleaned,resnet,deep,0.7265512874630645,0.0
F1,lac,0.1,FICO-HELOC-cleaned,tabfm,TFM,0.7375685943436049,0.0
F1,lac,0.1,FICO-HELOC-cleaned,tabicl,TFM,0.7359645420008443,0.0
F1,lac,0.1,FICO-HELOC-cleaned,tabiclv2,TFM,0.7380751371886872,0.0
F1,lac,0.1,FICO-HELOC-cleaned,tabldm,TFM,0.7390460109750949,0.0
F1,lac,0.1,FICO-HELOC-cleaned,tabm,deep,0.7341072182355425,0.0
F1,lac,0.1,FICO-HELOC-cleaned,tabpfn,TFM,0.7310679611650486,0.0
F1,lac,0.1,FICO-HELOC-cleaned,tabpfn25,TFM,0.73723089911355,0.0
F1,lac,0.1,FICO-HELOC-cleaned,tabpfn25b,TFM,0.7383284086112284,0.0
F1,lac,0.1,FICO-HELOC-cleaned,tabpfn26,TFM,0.7384972562262557,0.0
F1,lac,0.1,FICO-HELOC-cleaned,tabpfn3,TFM,0.7381173490924441,0.0
F1,lac,0.1,FICO-HELOC-cleaned,xgboost,GBDT,0.7311523849725623,0.0
F1,lac,0.1,FOREX_audcad-day-High,LogReg,classic,0.7229024943310658,0.0
F1,lac,0.1,FOREX_audcad-day-High,PFN-v2,TFM,0.7315192743764173,0.0
F1,lac,0.1,FOREX_audcad-day-High,catboost,GBDT,0.6206349206349207,0.0
F1,lac,0.1,FOREX_audcad-day-High,exaone,TFM,0.7290249433106576,0.0
F1,lac,0.1,FOREX_audcad-day-High,ftt,deep,0.6485260770975056,0.0
F1,lac,0.1,FOREX_audcad-day-High,knn,classic,0.5489795918367347,0.0
F1,lac,0.1,FOREX_audcad-day-High,lightgbm,GBDT,0.6317460317460317,0.0
F1,lac,0.1,FOREX_audcad-day-High,mitra,TFM,0.7188208616780045,0.0
F1,lac,0.1,FOREX_audcad-day-High,mitra@v2,TFM,0.7283446712018141,0.0
F1,lac,0.1,FOREX_audcad-day-High,mlp,deep,0.7036281179138322,0.0
F1,lac,0.1,FOREX_audcad-day-High,resnet,deep,0.6984126984126984,0.0
F1,lac,0.1,FOREX_audcad-day-High,tabfm,TFM,0.7294784580498866,0.0
F1,lac,0.1,FOREX_audcad-day-High,tabicl,TFM,0.7242630385487528,0.0
F1,lac,0.1,FOREX_audcad-day-High,tabiclv2,TFM,0.7315192743764173,0.0
F1,lac,0.1,FOREX_audcad-day-High,tabldm,TFM,0.7326530612244898,0.0
F1,lac,0.1,FOREX_audcad-day-High,tabm,deep,0.608390022675737,0.0
F1,lac,0.1,FOREX_audcad-day-High,tabpfn,TFM,0.7253968253968254,0.0
F1,lac,0.1,FOREX_audcad-day-High,tabpfn25,TFM,0.7328798185941043,0.0
F1,lac,0.1,FOREX_audcad-day-High,tabpfn25b,TFM,0.7317460317460317,0.0
F1,lac,0.1,FOREX_audcad-day-High,tabpfn26,TFM,0.7272108843537415,0.0
F1,lac,0.1,FOREX_audcad-day-High,tabpfn3,TFM,0.7351473922902494,0.0
F1,lac,0.1,FOREX_audcad-day-High,xgboost,GBDT,0.6188208616780045,0.0
F1,lac,0.1,FOREX_audchf-day-High,LogReg,classic,0.7268181818181818,0.0
F1,lac,0.1,FOREX_audchf-day-High,PFN-v2,TFM,0.7325,0.0
F1,lac,0.1,FOREX_audchf-day-High,catboost,GBDT,0.5959090909090909,0.0
F1,lac,0.1,FOREX_audchf-day-High,exaone,TFM,0.7306818181818182,0.0
F1,lac,0.1,FOREX_audchf-day-High,ftt,deep,0.5293181818181818,0.0
F1,lac,0.1,FOREX_audchf-day-High,knn,classic,0.49749999999999994,0.0
F1,lac,0.1,FOREX_audchf-day-High,lightgbm,GBDT,0.6034090909090909,0.0
F1,lac,0.1,FOREX_audchf-day-High,mitra,TFM,0.7197727272727272,0.0
F1,lac,0.1,FOREX_audchf-day-High,mitra@v2,TFM,0.7193181818181819,0.0
F1,lac,0.1,FOREX_audchf-day-High,mlp,deep,0.6079545454545454,0.0
F1,lac,0.1,FOREX_audchf-day-High,resnet,deep,0.6511363636363636,0.0
F1,lac,0.1,FOREX_audchf-day-High,tabfm,TFM,0.7311363636363637,0.0
F1,lac,0.1,FOREX_audchf-day-High,tabicl,TFM,0.719090909090909,0.0
F1,lac,0.1,FOREX_audchf-day-High,tabiclv2,TFM,0.7311363636363637,0.0
F1,lac,0.1,FOREX_audchf-day-High,tabldm,TFM,0.7274999999999999,0.0
F1,lac,0.1,FOREX_audchf-day-High,tabm,deep,0.5668181818181818,0.0
F1,lac,0.1,FOREX_audchf-day-High,tabpfn,TFM,0.7195454545454545,0.0
F1,lac,0.1,FOREX_audchf-day-High,tabpfn25,TFM,0.7340909090909091,0.0
F1,lac,0.1,FOREX_audchf-day-High,tabpfn25b,TFM,0.7343181818181818,0.0
F1,lac,0.1,FOREX_audchf-day-High,tabpfn26,TFM,0.7263636363636363,0.0
F1,lac,0.1,FOREX_audchf-day-High,tabpfn3,TFM,0.7313636363636363,0.0
F1,lac,0.1,FOREX_audchf-day-High,xgboost,GBDT,0.5893181818181819,0.0
F1,lac,0.1,FOREX_audjpy-day-High,LogReg,classic,0.7247727272727273,0.0
F1,lac,0.1,FOREX_audjpy-day-High,PFN-v2,TFM,0.7309090909090908,0.0
F1,lac,0.1,FOREX_audjpy-day-High,catboost,GBDT,0.635,0.0
F1,lac,0.1,FOREX_audjpy-day-High,exaone,TFM,0.7329545454545454,0.0
F1,lac,0.1,FOREX_audjpy-day-High,ftt,deep,0.6263636363636363,0.0
F1,lac,0.1,FOREX_audjpy-day-High,knn,classic,0.5293181818181818,0.0
F1,lac,0.1,FOREX_audjpy-day-High,lightgbm,GBDT,0.6206818181818182,0.0
F1,lac,0.1,FOREX_audjpy-day-High,mitra,TFM,0.725,0.0
F1,lac,0.1,FOREX_audjpy-day-High,mitra@v2,TFM,0.7309090909090908,0.0
F1,lac,0.1,FOREX_audjpy-day-High,mlp,deep,0.6934090909090909,0.0
F1,lac,0.1,FOREX_audjpy-day-High,resnet,deep,0.6788636363636364,0.0
F1,lac,0.1,FOREX_audjpy-day-High,tabfm,TFM,0.7309090909090908,0.0
F1,lac,0.1,FOREX_audjpy-day-High,tabicl,TFM,0.7279545454545454,0.0
F1,lac,0.1,FOREX_audjpy-day-High,tabiclv2,TFM,0.7313636363636363,0.0
F1,lac,0.1,FOREX_audjpy-day-High,tabldm,TFM,0.7279545454545454,0.0
F1,lac,0.1,FOREX_audjpy-day-High,tabm,deep,0.6347727272727273,0.0
F1,lac,0.1,FOREX_audjpy-day-High,tabpfn,TFM,0.7211363636363636,0.0
F1,lac,0.1,FOREX_audjpy-day-High,tabpfn25,TFM,0.7302272727272727,0.0
F1,lac,0.1,FOREX_audjpy-day-High,tabpfn25b,TFM,0.7313636363636363,0.0
F1,lac,0.1,FOREX_audjpy-day-High,tabpfn26,TFM,0.7277272727272728,0.0
F1,lac,0.1,FOREX_audjpy-day-High,tabpfn3,TFM,0.7329545454545454,0.0
F1,lac,0.1,FOREX_audjpy-day-High,xgboost,GBDT,0.6104545454545455,0.0
F1,lac,0.1,FOREX_cadjpy-day-High,LogReg,classic,0.7219954648526077,0.0
F1,lac,0.1,FOREX_cadjpy-day-High,PFN-v2,TFM,0.7253968253968254,0.0
F1,lac,0.1,FOREX_cadjpy-day-High,catboost,GBDT,0.5984126984126984,0.0
F1,lac,0.1,FOREX_cadjpy-day-High,exaone,TFM,0.7256235827664399,0.0
F1,lac,0.1,FOREX_cadjpy-day-High,ftt,deep,0.6061224489795919,0.0
F1,lac,0.1,FOREX_cadjpy-day-High,knn,classic,0.5476190476190477,0.0
F1,lac,0.1,FOREX_cadjpy-day-High,lightgbm,GBDT,0.5950113378684807,0.0
F1,lac,0.1,FOREX_cadjpy-day-High,mitra,TFM,0.7113378684807257,0.0
F1,lac,0.1,FOREX_cadjpy-day-High,mitra@v2,TFM,0.7201814058956917,0.0
F1,lac,0.1,FOREX_cadjpy-day-High,mlp,deep,0.6655328798185941,0.0
F1,lac,0.1,FOREX_cadjpy-day-High,resnet,deep,0.6852607709750567,0.0
F1,lac,0.1,FOREX_cadjpy-day-High,tabfm,TFM,0.7283446712018141,0.0
F1,lac,0.1,FOREX_cadjpy-day-High,tabicl,TFM,0.7104308390022676,0.0
F1,lac,0.1,FOREX_cadjpy-day-High,tabiclv2,TFM,0.7233560090702948,0.0
F1,lac,0.1,FOREX_cadjpy-day-High,tabldm,TFM,0.7229024943310658,0.0
F1,lac,0.1,FOREX_cadjpy-day-High,tabm,deep,0.6038548752834467,0.0
F1,lac,0.1,FOREX_cadjpy-day-High,tabpfn,TFM,0.7099773242630386,0.0
F1,lac,0.1,FOREX_cadjpy-day-High,tabpfn25,TFM,0.7244897959183673,0.0
F1,lac,0.1,FOREX_cadjpy-day-High,tabpfn25b,TFM,0.7258503401360544,0.0
F1,lac,0.1,FOREX_cadjpy-day-High,tabpfn26,TFM,0.7179138321995465,0.0
F1,lac,0.1,FOREX_cadjpy-day-High,tabpfn3,TFM,0.7256235827664399,0.0
F1,lac,0.1,FOREX_cadjpy-day-High,xgboost,GBDT,0.6043083900226758,0.0
F1,lac,0.1,Firm-Teacher_Clave-Direction_Classification,LogReg,classic,0.7964506172839506,0.0
F1,lac,0.1,Firm-Teacher_Clave-Direction_Classification,PFN-v2,TFM,0.8431712962962964,0.00092592592592587
F1,lac,0.1,Firm-Teacher_Clave-Direction_Classification,catboost,GBDT,0.8533564814814815,0.00171296296296293
F1,lac,0.1,Firm-Teacher_Clave-Direction_Classification,exaone,TFM,0.858101851851852,0.0040277777777777395
F1,lac,0.1,Firm-Teacher_Clave-Direction_Classification,ftt,deep,0.8419367283950617,4.629629629629e-05
F1,lac,0.1,Firm-Teacher_Clave-Direction_Classification,knn,classic,0.7854166666666667,0.0
F1,lac,0.1,Firm-Teacher_Clave-Direction_Classification,lightgbm,GBDT,0.8484567901234568,0.0015277777777777401
F1,lac,0.1,Firm-Teacher_Clave-Direction_Classification,mitra,TFM,0.8130401234567902,0.0
F1,lac,0.1,Firm-Teacher_Clave-Direction_Classification,mitra@v2,TFM,0.861304012345679,0.00277777777777772
F1,lac,0.1,Firm-Teacher_Clave-Direction_Classification,mlp,deep,0.8547839506172841,0.00148148148148145
F1,lac,0.1,Firm-Teacher_Clave-Direction_Classification,resnet,deep,0.8496527777777778,0.00032407407407406
F1,lac,0.1,Firm-Teacher_Clave-Direction_Classification,tabfm,TFM,0.8743441358024692,0.00421296296296291
F1,lac,0.1,Firm-Teacher_Clave-Direction_Classification,tabicl,TFM,0.8670524691358026,0.00365740740740736
F1,lac,0.1,Firm-Teacher_Clave-Direction_Classification,tabiclv2,TFM,0.8660493827160494,0.00273148148148144
F1,lac,0.1,Firm-Teacher_Clave-Direction_Classification,tabldm,TFM,0.8667052469135802,0.0037962962962962503
F1,lac,0.1,Firm-Teacher_Clave-Direction_Classification,tabm,deep,0.8479166666666667,0.00120370370370366
F1,lac,0.1,Firm-Teacher_Clave-Direction_Classification,tabpfn,TFM,0.8350694444444444,0.0
F1,lac,0.1,Firm-Teacher_Clave-Direction_Classification,tabpfn25,TFM,0.8646604938271605,0.00416666666666662
F1,lac,0.1,Firm-Teacher_Clave-Direction_Classification,tabpfn25b,TFM,0.8615354938271604,0.004212962962962899
F1,lac,0.1,Firm-Teacher_Clave-Direction_Classification,tabpfn26,TFM,0.8622685185185185,0.00435185185185179
F1,lac,0.1,Firm-Teacher_Clave-Direction_Classification,tabpfn3,TFM,0.8728780864197532,0.00518518518518513
F1,lac,0.1,Firm-Teacher_Clave-Direction_Classification,xgboost,GBDT,0.8515046296296296,0.0015740740740740299
F1,lac,0.1,GAMETES_Epistasis_2-Way_20atts_0.1H_EDM-1_1,LogReg,classic,0.5002604166666667,0.0
F1,lac,0.1,GAMETES_Epistasis_2-Way_20atts_0.1H_EDM-1_1,PFN-v2,TFM,0.6736979166666667,0.0
F1,lac,0.1,GAMETES_Epistasis_2-Way_20atts_0.1H_EDM-1_1,catboost,GBDT,0.65625,0.0
F1,lac,0.1,GAMETES_Epistasis_2-Way_20atts_0.1H_EDM-1_1,exaone,TFM,0.67578125,0.0
F1,lac,0.1,GAMETES_Epistasis_2-Way_20atts_0.1H_EDM-1_1,ftt,deep,0.5364583333333333,0.0
F1,lac,0.1,GAMETES_Epistasis_2-Way_20atts_0.1H_EDM-1_1,knn,classic,0.5533854166666666,0.0
F1,lac,0.1,GAMETES_Epistasis_2-Way_20atts_0.1H_EDM-1_1,lightgbm,GBDT,0.6015625,0.0
F1,lac,0.1,GAMETES_Epistasis_2-Way_20atts_0.1H_EDM-1_1,mitra,TFM,0.6270833333333333,0.0
F1,lac,0.1,GAMETES_Epistasis_2-Way_20atts_0.1H_EDM-1_1,mitra@v2,TFM,0.66796875,0.0
F1,lac,0.1,GAMETES_Epistasis_2-Way_20atts_0.1H_EDM-1_1,mlp,deep,0.559375,0.0
F1,lac,0.1,GAMETES_Epistasis_2-Way_20atts_0.1H_EDM-1_1,resnet,deep,0.5729166666666667,0.0
F1,lac,0.1,GAMETES_Epistasis_2-Way_20atts_0.1H_EDM-1_1,tabfm,TFM,0.6736979166666667,0.0
F1,lac,0.1,GAMETES_Epistasis_2-Way_20atts_0.1H_EDM-1_1,tabicl,TFM,0.6776041666666667,0.0
F1,lac,0.1,GAMETES_Epistasis_2-Way_20atts_0.1H_EDM-1_1,tabiclv2,TFM,0.64609375,0.0
F1,lac,0.1,GAMETES_Epistasis_2-Way_20atts_0.1H_EDM-1_1,tabldm,TFM,0.6638020833333333,0.0
F1,lac,0.1,GAMETES_Epistasis_2-Way_20atts_0.1H_EDM-1_1,tabm,deep,0.5234375,0.0
F1,lac,0.1,GAMETES_Epistasis_2-Way_20atts_0.1H_EDM-1_1,tabpfn,TFM,0.5997395833333333,0.0
F1,lac,0.1,GAMETES_Epistasis_2-Way_20atts_0.1H_EDM-1_1,tabpfn25,TFM,0.6783854166666667,0.0
F1,lac,0.1,GAMETES_Epistasis_2-Way_20atts_0.1H_EDM-1_1,tabpfn25b,TFM,0.6770833333333333,0.0
F1,lac,0.1,GAMETES_Epistasis_2-Way_20atts_0.1H_EDM-1_1,tabpfn26,TFM,0.6776041666666667,0.0
F1,lac,0.1,GAMETES_Epistasis_2-Way_20atts_0.1H_EDM-1_1,tabpfn3,TFM,0.6776041666666667,0.0
F1,lac,0.1,GAMETES_Epistasis_2-Way_20atts_0.1H_EDM-1_1,xgboost,GBDT,0.59453125,0.0
F1,lac,0.1,GAMETES_Heterogeneity_20atts_1600_Het_0.4_0.2_50_EDM-2_001,LogReg,classic,0.4838541666666667,0.0
F1,lac,0.1,GAMETES_Heterogeneity_20atts_1600_Het_0.4_0.2_50_EDM-2_001,PFN-v2,TFM,0.7127604166666667,0.0
F1,lac,0.1,GAMETES_Heterogeneity_20atts_1600_Het_0.4_0.2_50_EDM-2_001,catboost,GBDT,0.6958333333333333,0.0
F1,lac,0.1,GAMETES_Heterogeneity_20atts_1600_Het_0.4_0.2_50_EDM-2_001,exaone,TFM,0.725,0.0
F1,lac,0.1,GAMETES_Heterogeneity_20atts_1600_Het_0.4_0.2_50_EDM-2_001,ftt,deep,0.5453125,0.0
F1,lac,0.1,GAMETES_Heterogeneity_20atts_1600_Het_0.4_0.2_50_EDM-2_001,knn,classic,0.6020833333333333,0.0
F1,lac,0.1,GAMETES_Heterogeneity_20atts_1600_Het_0.4_0.2_50_EDM-2_001,lightgbm,GBDT,0.6822916666666667,0.0
F1,lac,0.1,GAMETES_Heterogeneity_20atts_1600_Het_0.4_0.2_50_EDM-2_001,mitra,TFM,0.5567708333333333,0.0
F1,lac,0.1,GAMETES_Heterogeneity_20atts_1600_Het_0.4_0.2_50_EDM-2_001,mitra@v2,TFM,0.7158854166666667,0.0
F1,lac,0.1,GAMETES_Heterogeneity_20atts_1600_Het_0.4_0.2_50_EDM-2_001,mlp,deep,0.6216145833333333,0.0
F1,lac,0.1,GAMETES_Heterogeneity_20atts_1600_Het_0.4_0.2_50_EDM-2_001,resnet,deep,0.6401041666666667,0.0
F1,lac,0.1,GAMETES_Heterogeneity_20atts_1600_Het_0.4_0.2_50_EDM-2_001,tabfm,TFM,0.7294270833333333,0.0
F1,lac,0.1,GAMETES_Heterogeneity_20atts_1600_Het_0.4_0.2_50_EDM-2_001,tabicl,TFM,0.7302083333333333,0.0
F1,lac,0.1,GAMETES_Heterogeneity_20atts_1600_Het_0.4_0.2_50_EDM-2_001,tabiclv2,TFM,0.7255208333333333,0.0
F1,lac,0.1,GAMETES_Heterogeneity_20atts_1600_Het_0.4_0.2_50_EDM-2_001,tabldm,TFM,0.7221354166666667,0.0
F1,lac,0.1,GAMETES_Heterogeneity_20atts_1600_Het_0.4_0.2_50_EDM-2_001,tabm,deep,0.56015625,0.0
F1,lac,0.1,GAMETES_Heterogeneity_20atts_1600_Het_0.4_0.2_50_EDM-2_001,tabpfn,TFM,0.6572916666666667,0.0
F1,lac,0.1,GAMETES_Heterogeneity_20atts_1600_Het_0.4_0.2_50_EDM-2_001,tabpfn25,TFM,0.7286458333333333,0.0
F1,lac,0.1,GAMETES_Heterogeneity_20atts_1600_Het_0.4_0.2_50_EDM-2_001,tabpfn25b,TFM,0.728125,0.0
F1,lac,0.1,GAMETES_Heterogeneity_20atts_1600_Het_0.4_0.2_50_EDM-2_001,tabpfn26,TFM,0.73203125,0.0
F1,lac,0.1,GAMETES_Heterogeneity_20atts_1600_Het_0.4_0.2_50_EDM-2_001,tabpfn3,TFM,0.73125,0.0
F1,lac,0.1,GAMETES_Heterogeneity_20atts_1600_Het_0.4_0.2_50_EDM-2_001,xgboost,GBDT,0.6682291666666667,0.0
F1,lac,0.1,Gender_Gap_in_Spanish_WP,LogReg,classic,0.5878841088674276,0.0
F1,lac,0.1,Gender_Gap_in_Spanish_WP,PFN-v2,TFM,0.6090430201931519,0.0
F1,lac,0.1,Gender_Gap_in_Spanish_WP,catboost,GBDT,0.5842844600526778,0.0
F1,lac,0.1,Gender_Gap_in_Spanish_WP,exaone,TFM,0.6100965759438104,0.0
F1,lac,0.1,Gender_Gap_in_Spanish_WP,ftt,deep,0.5927129060579455,0.0
F1,lac,0.1,Gender_Gap_in_Spanish_WP,knn,classic,0.5957857769973661,0.0
F1,lac,0.1,Gender_Gap_in_Spanish_WP,lightgbm,GBDT,0.6020193151887621,0.0
F1,lac,0.1,Gender_Gap_in_Spanish_WP,mitra,TFM,0.5907813871817383,0.0
F1,lac,0.1,Gender_Gap_in_Spanish_WP,mitra@v2,TFM,0.6026338893766462,0.0
F1,lac,0.1,Gender_Gap_in_Spanish_WP,mlp,deep,0.5897278314310799,0.0
F1,lac,0.1,Gender_Gap_in_Spanish_WP,resnet,deep,0.5928884986830554,0.0
F1,lac,0.1,Gender_Gap_in_Spanish_WP,tabfm,TFM,0.6101843722563652,0.0
F1,lac,0.1,Gender_Gap_in_Spanish_WP,tabicl,TFM,0.6125548726953468,0.0
F1,lac,0.1,Gender_Gap_in_Spanish_WP,tabiclv2,TFM,0.6127304653204566,0.0
F1,lac,0.1,Gender_Gap_in_Spanish_WP,tabldm,TFM,0.6141352063213346,0.0
F1,lac,0.1,Gender_Gap_in_Spanish_WP,tabm,deep,0.5943810359964882,0.0
F1,lac,0.1,Gender_Gap_in_Spanish_WP,tabpfn,TFM,0.5907813871817383,0.0
F1,lac,0.1,Gender_Gap_in_Spanish_WP,tabpfn25,TFM,0.6078138718173837,0.0
F1,lac,0.1,Gender_Gap_in_Spanish_WP,tabpfn25b,TFM,0.6043020193151888,0.0
F1,lac,0.1,Gender_Gap_in_Spanish_WP,tabpfn26,TFM,0.6054433713784021,0.0
F1,lac,0.1,Gender_Gap_in_Spanish_WP,tabpfn3,TFM,0.6072870939420544,0.0
F1,lac,0.1,Gender_Gap_in_Spanish_WP,xgboost,GBDT,0.604126426690079,0.0
F1,lac,0.1,GesturePhaseSegmentationProcessed,LogReg,classic,0.4765400843881856,0.0
F1,lac,0.1,GesturePhaseSegmentationProcessed,PFN-v2,TFM,0.6978059071729958,0.0
F1,lac,0.1,GesturePhaseSegmentationProcessed,catboost,GBDT,0.6770886075949367,0.0
F1,lac,0.1,GesturePhaseSegmentationProcessed,exaone,TFM,0.7957383966244727,0.0
F1,lac,0.1,GesturePhaseSegmentationProcessed,ftt,deep,0.6054852320675106,0.0
F1,lac,0.1,GesturePhaseSegmentationProcessed,knn,classic,0.6083966244725738,0.0
F1,lac,0.1,GesturePhaseSegmentationProcessed,lightgbm,GBDT,0.6666244725738396,0.0
F1,lac,0.1,GesturePhaseSegmentationProcessed,mitra,TFM,0.5258649789029536,0.0
F1,lac,0.1,GesturePhaseSegmentationProcessed,mitra@v2,TFM,0.7718987341772152,0.0
F1,lac,0.1,GesturePhaseSegmentationProcessed,mlp,deep,0.5881856540084388,0.0
F1,lac,0.1,GesturePhaseSegmentationProcessed,resnet,deep,0.5945147679324895,0.0
F1,lac,0.1,GesturePhaseSegmentationProcessed,tabfm,TFM,0.8408016877637131,0.00020253164556961
F1,lac,0.1,GesturePhaseSegmentationProcessed,tabicl,TFM,0.7378481012658228,0.0
F1,lac,0.1,GesturePhaseSegmentationProcessed,tabiclv2,TFM,0.7754430379746835,0.0
F1,lac,0.1,GesturePhaseSegmentationProcessed,tabldm,TFM,0.7635443037974683,0.0
F1,lac,0.1,GesturePhaseSegmentationProcessed,tabm,deep,0.5445569620253164,0.0
F1,lac,0.1,GesturePhaseSegmentationProcessed,tabpfn,TFM,0.5633333333333332,0.0
F1,lac,0.1,GesturePhaseSegmentationProcessed,tabpfn25,TFM,0.7459915611814345,0.0
F1,lac,0.1,GesturePhaseSegmentationProcessed,tabpfn25b,TFM,0.7472151898734177,0.0
F1,lac,0.1,GesturePhaseSegmentationProcessed,tabpfn26,TFM,0.7618143459915612,0.0
F1,lac,0.1,GesturePhaseSegmentationProcessed,tabpfn3,TFM,0.7685232067510548,0.0
F1,lac,0.1,GesturePhaseSegmentationProcessed,xgboost,GBDT,0.6721518987341772,0.0
F1,lac,0.1,Heart-Disease-Dataset-(Comprehensive),LogReg,classic,0.8174825174825175,0.0
F1,lac,0.1,Heart-Disease-Dataset-(Comprehensive),PFN-v2,TFM,0.8828671328671328,0.0
F1,lac,0.1,Heart-Disease-Dataset-(Comprehensive),catboost,GBDT,0.8958041958041958,0.01092436974789915
F1,lac,0.1,Heart-Disease-Dataset-(Comprehensive),exaone,TFM,0.9034965034965035,0.00840336134453781
F1,lac,0.1,Heart-Disease-Dataset-(Comprehensive),ftt,deep,0.8248251748251748,0.0
F1,lac,0.1,Heart-Disease-Dataset-(Comprehensive),knn,classic,0.8926573426573426,0.00798319327731092
F1,lac,0.1,Heart-Disease-Dataset-(Comprehensive),lightgbm,GBDT,0.8853146853146854,0.0021008403361344502
F1,lac,0.1,Heart-Disease-Dataset-(Comprehensive),mitra,TFM,0.8821678321678321,0.00126050420168067
F1,lac,0.1,Heart-Disease-Dataset-(Comprehensive),mitra@v2,TFM,0.8975524475524475,0.00840336134453781
F1,lac,0.1,Heart-Disease-Dataset-(Comprehensive),mlp,deep,0.8423076923076923,0.0
F1,lac,0.1,Heart-Disease-Dataset-(Comprehensive),resnet,deep,0.8447552447552449,0.0
F1,lac,0.1,Heart-Disease-Dataset-(Comprehensive),tabfm,TFM,0.9132867132867133,0.01806722689075628
F1,lac,0.1,Heart-Disease-Dataset-(Comprehensive),tabicl,TFM,0.9013986013986013,0.011344537815126041
F1,lac,0.1,Heart-Disease-Dataset-(Comprehensive),tabiclv2,TFM,0.9073426573426573,0.01092436974789915
F1,lac,0.1,Heart-Disease-Dataset-(Comprehensive),tabldm,TFM,0.9045454545454545,0.014285714285714271
F1,lac,0.1,Heart-Disease-Dataset-(Comprehensive),tabm,deep,0.8493006993006993,0.0
F1,lac,0.1,Heart-Disease-Dataset-(Comprehensive),tabpfn,TFM,0.8814685314685315,0.00126050420168067
F1,lac,0.1,Heart-Disease-Dataset-(Comprehensive),tabpfn25,TFM,0.8905594405594405,0.0042016806722689004
F1,lac,0.1,Heart-Disease-Dataset-(Comprehensive),tabpfn25b,TFM,0.8818181818181818,0.0
F1,lac,0.1,Heart-Disease-Dataset-(Comprehensive),tabpfn26,TFM,0.905944055944056,0.01806722689075628
F1,lac,0.1,Heart-Disease-Dataset-(Comprehensive),tabpfn3,TFM,0.9038461538461539,0.013865546218487379
F1,lac,0.1,Heart-Disease-Dataset-(Comprehensive),xgboost,GBDT,0.8965034965034965,0.004621848739495791
F1,lac,0.1,Is-this-a-good-customer,LogReg,classic,0.8859903381642512,0.0
F1,lac,0.1,Is-this-a-good-customer,PFN-v2,TFM,0.886473429951691,0.0
F1,lac,0.1,Is-this-a-good-customer,catboost,GBDT,0.8731884057971013,0.0
F1,lac,0.1,Is-this-a-good-customer,exaone,TFM,0.8857487922705314,0.0
F1,lac,0.1,Is-this-a-good-customer,ftt,deep,0.8809178743961352,0.0
F1,lac,0.1,Is-this-a-good-customer,knn,classic,0.886473429951691,0.0
F1,lac,0.1,Is-this-a-good-customer,lightgbm,GBDT,0.8797101449275363,0.0
F1,lac,0.1,Is-this-a-good-customer,mitra,TFM,0.886231884057971,0.0
F1,lac,0.1,Is-this-a-good-customer,mitra@v2,TFM,0.8840579710144928,0.0
F1,lac,0.1,Is-this-a-good-customer,mlp,deep,0.8785024154589373,0.0
F1,lac,0.1,Is-this-a-good-customer,resnet,deep,0.8760869565217391,0.0
F1,lac,0.1,Is-this-a-good-customer,tabfm,TFM,0.8842995169082126,0.0
F1,lac,0.1,Is-this-a-good-customer,tabicl,TFM,0.886473429951691,0.0
F1,lac,0.1,Is-this-a-good-customer,tabiclv2,TFM,0.8852657004830918,0.0
F1,lac,0.1,Is-this-a-good-customer,tabldm,TFM,0.8855072463768117,0.0
F1,lac,0.1,Is-this-a-good-customer,tabm,deep,0.8818840579710144,0.0
F1,lac,0.1,Is-this-a-good-customer,tabpfn,TFM,0.8847826086956522,0.0
F1,lac,0.1,Is-this-a-good-customer,tabpfn25,TFM,0.886473429951691,0.0
F1,lac,0.1,Is-this-a-good-customer,tabpfn25b,TFM,0.886231884057971,0.0
F1,lac,0.1,Is-this-a-good-customer,tabpfn26,TFM,0.886473429951691,0.0
F1,lac,0.1,Is-this-a-good-customer,tabpfn3,TFM,0.8859903381642512,0.0
F1,lac,0.1,Is-this-a-good-customer,xgboost,GBDT,0.8840579710144928,0.0
F1,lac,0.1,JapaneseVowels,LogReg,classic,0.9422417398578,0.06547917711991968
F1,lac,0.1,JapaneseVowels,PFN-v2,TFM,0.9944374738603095,0.10010035122930253
F1,lac,0.1,JapaneseVowels,catboost,GBDT,0.984776244249268,0.1033115905669844
F1,lac,0.1,JapaneseVowels,exaone,TFM,0.9975324132162274,0.10030105368790762
F1,lac,0.1,JapaneseVowels,ftt,deep,0.9807193642827269,0.10005017561465124
F1,lac,0.1,JapaneseVowels,knn,classic,0.9831869510664994,0.04666332162568988
F1,lac,0.1,JapaneseVowels,lightgbm,GBDT,0.9806775407779172,0.10326141495233314
F1,lac,0.1,JapaneseVowels,mitra,TFM,0.9761606022584692,0.09177119919719012
F1,lac,0.1,JapaneseVowels,mitra@v2,TFM,0.9967377666248431,0.09819367787255388
F1,lac,0.1,JapaneseVowels,mlp,deep,0.9841907151819322,0.09397892624184642
F1,lac,0.1,JapaneseVowels,resnet,deep,0.989000418235048,0.09372804816859001
F1,lac,0.1,JapaneseVowels,tabfm,TFM,0.999707235466332,0.07175112895132961
F1,lac,0.1,JapaneseVowels,tabicl,TFM,0.9962358845671266,0.10135474159558451
F1,lac,0.1,JapaneseVowels,tabiclv2,TFM,0.9970305311585111,0.10045158053186147
F1,lac,0.1,JapaneseVowels,tabldm,TFM,0.9965704726056043,0.09914701455092821
F1,lac,0.1,JapaneseVowels,tabm,deep,0.9870765370138017,0.09708981435022575
F1,lac,0.1,JapaneseVowels,tabpfn,TFM,0.9765370138017566,0.09302558956347212
F1,lac,0.1,JapaneseVowels,tabpfn25,TFM,0.9965286491007946,0.10120421475163063
F1,lac,0.1,JapaneseVowels,tabpfn25b,TFM,0.9963613550815559,0.10035122930255891
F1,lac,0.1,JapaneseVowels,tabpfn26,TFM,0.9960685905478879,0.10145509282488704
F1,lac,0.1,JapaneseVowels,tabpfn3,TFM,0.9971141781681304,0.09814350225790261
F1,lac,0.1,JapaneseVowels,xgboost,GBDT,0.9780426599749059,0.09683893627696934
F1,lac,0.1,KDD,LogReg,classic,0.7485099337748344,0.0
F1,lac,0.1,KDD,PFN-v2,TFM,0.7990894039735099,0.0
F1,lac,0.1,KDD,catboost,GBDT,0.7841887417218543,0.0
F1,lac,0.1,KDD,exaone,TFM,0.8005794701986755,0.0
F1,lac,0.1,KDD,ftt,deep,0.7964403973509934,0.0
F1,lac,0.1,KDD,knn,classic,0.7128311258278146,0.0
F1,lac,0.1,KDD,lightgbm,GBDT,0.8009105960264901,0.0
F1,lac,0.1,KDD,mitra,TFM,0.7958609271523179,0.0
F1,lac,0.1,KDD,mitra@v2,TFM,0.8053807947019868,0.0
F1,lac,0.1,KDD,mlp,deep,0.7514900662251656,0.0
F1,lac,0.1,KDD,resnet,deep,0.7494205298013246,0.0
F1,lac,0.1,KDD,tabfm,TFM,0.8071192052980132,0.0
F1,lac,0.1,KDD,tabicl,TFM,0.7956953642384106,0.0
F1,lac,0.1,KDD,tabiclv2,TFM,0.8006622516556291,0.0
F1,lac,0.1,KDD,tabldm,TFM,0.8000827814569537,0.0
F1,lac,0.1,KDD,tabm,deep,0.7904801324503311,0.0
F1,lac,0.1,KDD,tabpfn,TFM,0.7636589403973509,0.0
F1,lac,0.1,KDD,tabpfn25,TFM,0.7985927152317881,0.0
F1,lac,0.1,KDD,tabpfn25b,TFM,0.7986754966887417,0.0
F1,lac,0.1,KDD,tabpfn26,TFM,0.7999172185430463,0.0
F1,lac,0.1,KDD,tabpfn3,TFM,0.8012417218543046,0.0
F1,lac,0.1,KDD,xgboost,GBDT,0.7933774834437086,0.0
F1,lac,0.1,KDDCup09_upselling,LogReg,classic,0.735093419983753,0.0
F1,lac,0.1,KDDCup09_upselling,PFN-v2,TFM,0.794557270511779,0.0
F1,lac,0.1,KDDCup09_upselling,catboost,GBDT,0.7913891145410236,0.0
F1,lac,0.1,KDDCup09_upselling,exaone,TFM,0.7973192526401299,0.0
F1,lac,0.1,KDDCup09_upselling,ftt,deep,0.7892770105605199,0.0
F1,lac,0.1,KDDCup09_upselling,knn,classic,0.7101543460601137,0.0
F1,lac,0.1,KDDCup09_upselling,lightgbm,GBDT,0.7905767668562145,0.0
F1,lac,0.1,KDDCup09_upselling,mitra,TFM,0.796506904955321,0.0
F1,lac,0.1,KDDCup09_upselling,mitra@v2,TFM,0.7956945572705119,0.0
F1,lac,0.1,KDDCup09_upselling,mlp,deep,0.7438667749796913,0.0
F1,lac,0.1,KDDCup09_upselling,resnet,deep,0.7492282696994313,0.0
F1,lac,0.1,KDDCup09_upselling,tabfm,TFM,0.8011372867587327,0.0
F1,lac,0.1,KDDCup09_upselling,tabicl,TFM,0.7941510966693744,0.0
F1,lac,0.1,KDDCup09_upselling,tabiclv2,TFM,0.7963444354183591,0.0
F1,lac,0.1,KDDCup09_upselling,tabldm,TFM,0.8005686433793663,0.0
F1,lac,0.1,KDDCup09_upselling,tabm,deep,0.7935824532900082,0.0
F1,lac,0.1,KDDCup09_upselling,tabpfn,TFM,0.7515028432168969,0.0
F1,lac,0.1,KDDCup09_upselling,tabpfn25,TFM,0.7970755483346872,0.0
F1,lac,0.1,KDDCup09_upselling,tabpfn25b,TFM,0.7956945572705119,0.0
F1,lac,0.1,KDDCup09_upselling,tabpfn26,TFM,0.794557270511779,0.0
F1,lac,0.1,KDDCup09_upselling,tabpfn3,TFM,0.7974817221770918,0.0
F1,lac,0.1,KDDCup09_upselling,xgboost,GBDT,0.7952071486596263,0.0
F1,lac,0.1,Long,LogReg,classic,0.9952558139534883,0.03303571428571423
F1,lac,0.1,Long,PFN-v2,TFM,0.9975813953488372,0.10379464285714282
F1,lac,0.1,Long,catboost,GBDT,0.9821395348837209,0.0938616071428571
F1,lac,0.1,Long,exaone,TFM,0.9974883720930233,0.10859374999999996
F1,lac,0.1,Long,ftt,deep,0.9831627906976743,0.09486607142857137
F1,lac,0.1,Long,knn,classic,0.871906976744186,0.0
F1,lac,0.1,Long,lightgbm,GBDT,0.9836279069767441,0.09732142857142852
F1,lac,0.1,Long,mitra,TFM,0.9957209302325583,0.1073660714285714
F1,lac,0.1,Long,mitra@v2,TFM,0.9966511627906977,0.11116071428571424
F1,lac,0.1,Long,mlp,deep,0.977953488372093,0.09374999999999996
F1,lac,0.1,Long,resnet,deep,0.9824186046511627,0.09709821428571423
F1,lac,0.1,Long,tabfm,TFM,0.9980465116279069,0.09910714285714282
F1,lac,0.1,Long,tabicl,TFM,0.9906976744186047,0.10033482142857138
F1,lac,0.1,Long,tabiclv2,TFM,0.9951627906976744,0.11160714285714282
F1,lac,0.1,Long,tabldm,TFM,0.9925581395348837,0.11093749999999995
F1,lac,0.1,Long,tabm,deep,0.994139534883721,0.09687499999999996
F1,lac,0.1,Long,tabpfn,TFM,0.9922790697674418,0.10591517857142851
F1,lac,0.1,Long,tabpfn25,TFM,0.9973023255813953,0.11372767857142854
F1,lac,0.1,Long,tabpfn25b,TFM,0.9974883720930233,0.11138392857142854
F1,lac,0.1,Long,tabpfn26,TFM,0.9954418604651163,0.10256696428571425
F1,lac,0.1,Long,tabpfn3,TFM,0.9946976744186047,0.09866071428571424
F1,lac,0.1,Long,xgboost,GBDT,0.9805581395348837,0.09185267857142852
F1,lac,0.1,Marketing_Campaign,LogReg,classic,0.882899628252788,0.0
F1,lac,0.1,Marketing_Campaign,PFN-v2,TFM,0.8973977695167287,0.0033482142857142695
F1,lac,0.1,Marketing_Campaign,catboost,GBDT,0.8879182156133829,0.0
F1,lac,0.1,Marketing_Campaign,exaone,TFM,0.8970260223048327,0.00580357142857141
F1,lac,0.1,Marketing_Campaign,ftt,deep,0.8782527881040891,0.0
F1,lac,0.1,Marketing_Campaign,knn,classic,0.8700743494423792,0.0
F1,lac,0.1,Marketing_Campaign,lightgbm,GBDT,0.8842007434944238,0.0
F1,lac,0.1,Marketing_Campaign,mitra,TFM,0.8936802973977696,0.00022321428571428002
F1,lac,0.1,Marketing_Campaign,mitra@v2,TFM,0.896282527881041,0.00468749999999998
F1,lac,0.1,Marketing_Campaign,mlp,deep,0.8763940520446096,0.0
F1,lac,0.1,Marketing_Campaign,resnet,deep,0.8691449814126393,0.0
F1,lac,0.1,Marketing_Campaign,tabfm,TFM,0.8957249070631971,0.00491071428571427
F1,lac,0.1,Marketing_Campaign,tabicl,TFM,0.8946096654275093,0.0033482142857142695
F1,lac,0.1,Marketing_Campaign,tabiclv2,TFM,0.8988847583643123,0.00558035714285713
F1,lac,0.1,Marketing_Campaign,tabldm,TFM,0.8944237918215613,0.0008928571428571299
F1,lac,0.1,Marketing_Campaign,tabm,deep,0.8819702602230484,0.0
F1,lac,0.1,Marketing_Campaign,tabpfn,TFM,0.8916356877323419,0.00200892857142857
F1,lac,0.1,Marketing_Campaign,tabpfn25,TFM,0.8977695167286246,0.00513392857142856
F1,lac,0.1,Marketing_Campaign,tabpfn25b,TFM,0.8979553903345725,0.005133928571428551
F1,lac,0.1,Marketing_Campaign,tabpfn26,TFM,0.8975836431226766,0.0035714285714285505
F1,lac,0.1,Marketing_Campaign,tabpfn3,TFM,0.8970260223048327,0.00312499999999997
F1,lac,0.1,Marketing_Campaign,xgboost,GBDT,0.8737918215613384,0.0
F1,lac,0.1,Mobile_Price_Classification,LogReg,classic,0.963125,0.0655
F1,lac,0.1,Mobile_Price_Classification,PFN-v2,TFM,0.9729166666666667,0.11199999999999999
F1,lac,0.1,Mobile_Price_Classification,catboost,GBDT,0.9304166666666667,0.042
F1,lac,0.1,Mobile_Price_Classification,exaone,TFM,0.9727083333333333,0.10474999999999998
F1,lac,0.1,Mobile_Price_Classification,ftt,deep,0.9627083333333333,0.08549999999999999
F1,lac,0.1,Mobile_Price_Classification,knn,classic,0.7264583333333333,0.0052499999999999995
F1,lac,0.1,Mobile_Price_Classification,lightgbm,GBDT,0.9025000000000001,0.007250000000000001
F1,lac,0.1,Mobile_Price_Classification,mitra,TFM,0.960625,0.10500000000000001
F1,lac,0.1,Mobile_Price_Classification,mitra@v2,TFM,0.9710416666666667,0.10575000000000001
F1,lac,0.1,Mobile_Price_Classification,mlp,deep,0.9029166666666667,0.017249999999999998
F1,lac,0.1,Mobile_Price_Classification,resnet,deep,0.9245833333333333,0.04575
F1,lac,0.1,Mobile_Price_Classification,tabfm,TFM,0.9772916666666666,0.10525
F1,lac,0.1,Mobile_Price_Classification,tabicl,TFM,0.9239583333333334,0.040499999999999994
F1,lac,0.1,Mobile_Price_Classification,tabiclv2,TFM,0.9712500000000001,0.11400000000000002
F1,lac,0.1,Mobile_Price_Classification,tabldm,TFM,0.9702083333333335,0.12125
F1,lac,0.1,Mobile_Price_Classification,tabm,deep,0.963125,0.086
F1,lac,0.1,Mobile_Price_Classification,tabpfn,TFM,0.9729166666666667,0.10275000000000001
F1,lac,0.1,Mobile_Price_Classification,tabpfn25,TFM,0.9722916666666667,0.11125
F1,lac,0.1,Mobile_Price_Classification,tabpfn25b,TFM,0.9712499999999998,0.10900000000000001
F1,lac,0.1,Mobile_Price_Classification,tabpfn26,TFM,0.9639583333333333,0.09925
F1,lac,0.1,Mobile_Price_Classification,tabpfn3,TFM,0.9714583333333333,0.11200000000000002
F1,lac,0.1,Mobile_Price_Classification,xgboost,GBDT,0.9004166666666666,0.011
F1,lac,0.1,National_Health_and_Nutrition_Health_Survey,LogReg,classic,0.8380255941499086,0.0
F1,lac,0.1,National_Health_and_Nutrition_Health_Survey,PFN-v2,TFM,0.8510054844606947,0.0
F1,lac,0.1,National_Health_and_Nutrition_Health_Survey,catboost,GBDT,0.829981718464351,0.0
F1,lac,0.1,National_Health_and_Nutrition_Health_Survey,exaone,TFM,0.8484460694698355,0.0
F1,lac,0.1,National_Health_and_Nutrition_Health_Survey,ftt,deep,0.8440585009140769,0.0
F1,lac,0.1,National_Health_and_Nutrition_Health_Survey,knn,classic,0.8444241316270567,0.0
F1,lac,0.1,National_Health_and_Nutrition_Health_Survey,lightgbm,GBDT,0.8391224862888482,0.0
F1,lac,0.1,National_Health_and_Nutrition_Health_Survey,mitra,TFM,0.8458866544789763,0.0
F1,lac,0.1,National_Health_and_Nutrition_Health_Survey,mitra@v2,TFM,0.8504570383912249,0.0
F1,lac,0.1,National_Health_and_Nutrition_Health_Survey,mlp,deep,0.8414990859232176,0.0
F1,lac,0.1,National_Health_and_Nutrition_Health_Survey,resnet,deep,0.8418647166361974,0.0
F1,lac,0.1,National_Health_and_Nutrition_Health_Survey,tabfm,TFM,0.849908592321755,0.0
F1,lac,0.1,National_Health_and_Nutrition_Health_Survey,tabicl,TFM,0.8489945155393054,0.0
F1,lac,0.1,National_Health_and_Nutrition_Health_Survey,tabiclv2,TFM,0.8497257769652651,0.0
F1,lac,0.1,National_Health_and_Nutrition_Health_Survey,tabldm,TFM,0.8506398537477148,0.0
F1,lac,0.1,National_Health_and_Nutrition_Health_Survey,tabm,deep,0.8466179159049361,0.0
F1,lac,0.1,National_Health_and_Nutrition_Health_Survey,tabpfn,TFM,0.8473491773308958,0.0
F1,lac,0.1,National_Health_and_Nutrition_Health_Survey,tabpfn25,TFM,0.8488117001828153,0.0
F1,lac,0.1,National_Health_and_Nutrition_Health_Survey,tabpfn25b,TFM,0.8500914076782449,0.0
F1,lac,0.1,National_Health_and_Nutrition_Health_Survey,tabpfn26,TFM,0.8457038391224863,0.0
F1,lac,0.1,National_Health_and_Nutrition_Health_Survey,tabpfn3,TFM,0.849908592321755,0.0
F1,lac,0.1,National_Health_and_Nutrition_Health_Survey,xgboost,GBDT,0.8409506398537477,0.0
F1,lac,0.1,Performance-Prediction,LogReg,classic,0.7052795031055901,0.0
F1,lac,0.1,Performance-Prediction,PFN-v2,TFM,0.6984472049689441,0.0
F1,lac,0.1,Performance-Prediction,catboost,GBDT,0.682608695652174,0.0
F1,lac,0.1,Performance-Prediction,exaone,TFM,0.7046583850931677,0.0
F1,lac,0.1,Performance-Prediction,ftt,deep,0.6894409937888198,0.0
F1,lac,0.1,Performance-Prediction,knn,classic,0.6950310559006211,0.0
F1,lac,0.1,Performance-Prediction,lightgbm,GBDT,0.6801242236024845,0.0
F1,lac,0.1,Performance-Prediction,mitra,TFM,0.7043478260869566,0.0
F1,lac,0.1,Performance-Prediction,mitra@v2,TFM,0.7071428571428571,0.0
F1,lac,0.1,Performance-Prediction,mlp,deep,0.6866459627329193,0.0
F1,lac,0.1,Performance-Prediction,resnet,deep,0.6931677018633541,0.0
F1,lac,0.1,Performance-Prediction,tabfm,TFM,0.7015527950310558,0.0
F1,lac,0.1,Performance-Prediction,tabicl,TFM,0.7111801242236024,0.0
F1,lac,0.1,Performance-Prediction,tabiclv2,TFM,0.7052795031055901,0.0
F1,lac,0.1,Performance-Prediction,tabldm,TFM,0.7009316770186336,0.0
F1,lac,0.1,Performance-Prediction,tabm,deep,0.6906832298136647,0.0
F1,lac,0.1,Performance-Prediction,tabpfn,TFM,0.7086956521739131,0.0
F1,lac,0.1,Performance-Prediction,tabpfn25,TFM,0.7037267080745342,0.0
F1,lac,0.1,Performance-Prediction,tabpfn25b,TFM,0.7034161490683231,0.0
F1,lac,0.1,Performance-Prediction,tabpfn26,TFM,0.7077639751552794,0.0
F1,lac,0.1,Performance-Prediction,tabpfn3,TFM,0.7009316770186336,0.0
F1,lac,0.1,Performance-Prediction,xgboost,GBDT,0.6577639751552795,0.0
F1,lac,0.1,PieChart3,LogReg,classic,0.8702702702702704,0.0
F1,lac,0.1,PieChart3,PFN-v2,TFM,0.8752895752895753,0.0
F1,lac,0.1,PieChart3,catboost,GBDT,0.8710424710424711,0.0
F1,lac,0.1,PieChart3,exaone,TFM,0.8749034749034749,0.0
F1,lac,0.1,PieChart3,ftt,deep,0.8644787644787645,0.0
F1,lac,0.1,PieChart3,knn,classic,0.8737451737451737,0.0
F1,lac,0.1,PieChart3,lightgbm,GBDT,0.8698841698841699,0.0
F1,lac,0.1,PieChart3,mitra,TFM,0.8756756756756758,0.0
F1,lac,0.1,PieChart3,mitra@v2,TFM,0.8737451737451737,0.0
F1,lac,0.1,PieChart3,mlp,deep,0.861003861003861,0.0
F1,lac,0.1,PieChart3,resnet,deep,0.8594594594594595,0.0
F1,lac,0.1,PieChart3,tabfm,TFM,0.8768339768339768,0.0
F1,lac,0.1,PieChart3,tabicl,TFM,0.8745173745173747,0.0
F1,lac,0.1,PieChart3,tabiclv2,TFM,0.8772200772200772,0.0
F1,lac,0.1,PieChart3,tabldm,TFM,0.8783783783783784,0.0
F1,lac,0.1,PieChart3,tabm,deep,0.8745173745173747,0.0
F1,lac,0.1,PieChart3,tabpfn,TFM,0.876061776061776,0.0
F1,lac,0.1,PieChart3,tabpfn25,TFM,0.8764478764478765,0.0
F1,lac,0.1,PieChart3,tabpfn25b,TFM,0.8756756756756758,0.0
F1,lac,0.1,PieChart3,tabpfn26,TFM,0.8756756756756758,0.0
F1,lac,0.1,PieChart3,tabpfn3,TFM,0.8768339768339768,0.0
F1,lac,0.1,PieChart3,xgboost,GBDT,0.867953667953668,0.0
F1,lac,0.1,Pima_Indians_Diabetes_Database,LogReg,classic,0.7648648648648649,0.0
F1,lac,0.1,Pima_Indians_Diabetes_Database,PFN-v2,TFM,0.7756756756756757,0.0
F1,lac,0.1,Pima_Indians_Diabetes_Database,catboost,GBDT,0.7524324324324325,0.0
F1,lac,0.1,Pima_Indians_Diabetes_Database,exaone,TFM,0.7708108108108108,0.0
F1,lac,0.1,Pima_Indians_Diabetes_Database,ftt,deep,0.7535135135135136,0.0
F1,lac,0.1,Pima_Indians_Diabetes_Database,knn,classic,0.7475675675675676,0.0
F1,lac,0.1,Pima_Indians_Diabetes_Database,lightgbm,GBDT,0.7594594594594595,0.0
F1,lac,0.1,Pima_Indians_Diabetes_Database,mitra,TFM,0.772972972972973,0.0
F1,lac,0.1,Pima_Indians_Diabetes_Database,mitra@v2,TFM,0.7708108108108108,0.0
F1,lac,0.1,Pima_Indians_Diabetes_Database,mlp,deep,0.7437837837837838,0.0
F1,lac,0.1,Pima_Indians_Diabetes_Database,resnet,deep,0.7448648648648649,0.0
F1,lac,0.1,Pima_Indians_Diabetes_Database,tabfm,TFM,0.7691891891891892,0.0
F1,lac,0.1,Pima_Indians_Diabetes_Database,tabicl,TFM,0.7713513513513514,0.0
F1,lac,0.1,Pima_Indians_Diabetes_Database,tabiclv2,TFM,0.7686486486486486,0.0
F1,lac,0.1,Pima_Indians_Diabetes_Database,tabldm,TFM,0.7724324324324325,0.0
F1,lac,0.1,Pima_Indians_Diabetes_Database,tabm,deep,0.7616216216216216,0.0
F1,lac,0.1,Pima_Indians_Diabetes_Database,tabpfn,TFM,0.7697297297297296,0.0
F1,lac,0.1,Pima_Indians_Diabetes_Database,tabpfn25,TFM,0.7735135135135136,0.0
F1,lac,0.1,Pima_Indians_Diabetes_Database,tabpfn25b,TFM,0.7756756756756757,0.0
F1,lac,0.1,Pima_Indians_Diabetes_Database,tabpfn26,TFM,0.7686486486486487,0.0
F1,lac,0.1,Pima_Indians_Diabetes_Database,tabpfn3,TFM,0.7708108108108108,0.0
F1,lac,0.1,Pima_Indians_Diabetes_Database,xgboost,GBDT,0.7475675675675676,0.0
F1,lac,0.1,PizzaCutter3,LogReg,classic,0.8681274900398407,0.0
F1,lac,0.1,PizzaCutter3,PFN-v2,TFM,0.8745019920318725,0.0
F1,lac,0.1,PizzaCutter3,catboost,GBDT,0.8657370517928287,0.0
F1,lac,0.1,PizzaCutter3,exaone,TFM,0.8812749003984063,0.0
F1,lac,0.1,PizzaCutter3,ftt,deep,0.8661354581673306,0.0
F1,lac,0.1,PizzaCutter3,knn,classic,0.8756972111553785,0.0
F1,lac,0.1,PizzaCutter3,lightgbm,GBDT,0.8764940239043824,0.0
F1,lac,0.1,PizzaCutter3,mitra,TFM,0.8756972111553785,0.0
F1,lac,0.1,PizzaCutter3,mitra@v2,TFM,0.8752988047808765,0.0
F1,lac,0.1,PizzaCutter3,mlp,deep,0.8641434262948208,0.0
F1,lac,0.1,PizzaCutter3,resnet,deep,0.8597609561752988,0.0
F1,lac,0.1,PizzaCutter3,tabfm,TFM,0.8784860557768924,0.0
F1,lac,0.1,PizzaCutter3,tabicl,TFM,0.8784860557768924,0.0
F1,lac,0.1,PizzaCutter3,tabiclv2,TFM,0.8816733067729083,0.0
F1,lac,0.1,PizzaCutter3,tabldm,TFM,0.8796812749003984,0.0
F1,lac,0.1,PizzaCutter3,tabm,deep,0.8673306772908367,0.0
F1,lac,0.1,PizzaCutter3,tabpfn,TFM,0.8760956175298805,0.0
F1,lac,0.1,PizzaCutter3,tabpfn25,TFM,0.8749003984063745,0.0
F1,lac,0.1,PizzaCutter3,tabpfn25b,TFM,0.8752988047808765,0.0
F1,lac,0.1,PizzaCutter3,tabpfn26,TFM,0.8745019920318725,0.0
F1,lac,0.1,PizzaCutter3,tabpfn3,TFM,0.8808764940239044,0.0
F1,lac,0.1,PizzaCutter3,xgboost,GBDT,0.8756972111553785,0.0
F1,lac,0.1,Pumpkin_Seeds,LogReg,classic,0.882,0.0
F1,lac,0.1,Pumpkin_Seeds,PFN-v2,TFM,0.89,0.0006000000000000001
F1,lac,0.1,Pumpkin_Seeds,catboost,GBDT,0.8800000000000001,0.0
F1,lac,0.1,Pumpkin_Seeds,exaone,TFM,0.8916666666666666,0.0002
F1,lac,0.1,Pumpkin_Seeds,ftt,deep,0.8833333333333334,0.0002
F1,lac,0.1,Pumpkin_Seeds,knn,classic,0.8791666666666667,0.0
F1,lac,0.1,Pumpkin_Seeds,lightgbm,GBDT,0.8785000000000001,0.0018
F1,lac,0.1,Pumpkin_Seeds,mitra,TFM,0.8891666666666668,0.001
F1,lac,0.1,Pumpkin_Seeds,mitra@v2,TFM,0.8926666666666666,0.0004
F1,lac,0.1,Pumpkin_Seeds,mlp,deep,0.8816666666666666,0.0
F1,lac,0.1,Pumpkin_Seeds,resnet,deep,0.8808333333333334,0.0
F1,lac,0.1,Pumpkin_Seeds,tabfm,TFM,0.8911666666666667,0.0006000000000000001
F1,lac,0.1,Pumpkin_Seeds,tabicl,TFM,0.8888333333333334,0.0
F1,lac,0.1,Pumpkin_Seeds,tabiclv2,TFM,0.8916666666666666,0.0012000000000000001
F1,lac,0.1,Pumpkin_Seeds,tabldm,TFM,0.8933333333333333,0.0006000000000000001
F1,lac,0.1,Pumpkin_Seeds,tabm,deep,0.8845000000000001,0.0
F1,lac,0.1,Pumpkin_Seeds,tabpfn,TFM,0.8915,0.0006000000000000001
F1,lac,0.1,Pumpkin_Seeds,tabpfn25,TFM,0.8926666666666666,0.0016
F1,lac,0.1,Pumpkin_Seeds,tabpfn25b,TFM,0.8916666666666666,0.0008
F1,lac,0.1,Pumpkin_Seeds,tabpfn26,TFM,0.8903333333333332,0.0
F1,lac,0.1,Pumpkin_Seeds,tabpfn3,TFM,0.8918333333333333,0.0
F1,lac,0.1,Pumpkin_Seeds,xgboost,GBDT,0.8818333333333334,0.0016
F1,lac,0.1,QSAR_biodegradation,LogReg,classic,0.8529644268774703,0.0
F1,lac,0.1,QSAR_biodegradation,PFN-v2,TFM,0.8636363636363636,0.00094786729857819
F1,lac,0.1,QSAR_biodegradation,catboost,GBDT,0.8513833992094861,0.0
F1,lac,0.1,QSAR_biodegradation,exaone,TFM,0.8632411067193676,0.0
F1,lac,0.1,QSAR_biodegradation,ftt,deep,0.8636363636363636,0.00142180094786729
F1,lac,0.1,QSAR_biodegradation,knn,classic,0.8387351778656127,0.0
F1,lac,0.1,QSAR_biodegradation,lightgbm,GBDT,0.842687747035573,0.0
F1,lac,0.1,QSAR_biodegradation,mitra,TFM,0.8636363636363636,0.0
F1,lac,0.1,QSAR_biodegradation,mitra@v2,TFM,0.8584980237154151,0.0
F1,lac,0.1,QSAR_biodegradation,mlp,deep,0.8422924901185771,0.0
F1,lac,0.1,QSAR_biodegradation,resnet,deep,0.8604743083003953,0.0
F1,lac,0.1,QSAR_biodegradation,tabfm,TFM,0.8636363636363636,0.0
F1,lac,0.1,QSAR_biodegradation,tabicl,TFM,0.8691699604743084,0.0
F1,lac,0.1,QSAR_biodegradation,tabiclv2,TFM,0.866798418972332,0.0
F1,lac,0.1,QSAR_biodegradation,tabldm,TFM,0.8671936758893282,0.0
F1,lac,0.1,QSAR_biodegradation,tabm,deep,0.8458498023715416,0.0
F1,lac,0.1,QSAR_biodegradation,tabpfn,TFM,0.8723320158102768,0.00094786729857819
F1,lac,0.1,QSAR_biodegradation,tabpfn25,TFM,0.866403162055336,0.0
F1,lac,0.1,QSAR_biodegradation,tabpfn25b,TFM,0.8648221343873518,0.0
F1,lac,0.1,QSAR_biodegradation,tabpfn26,TFM,0.8711462450592885,0.0
F1,lac,0.1,QSAR_biodegradation,tabpfn3,TFM,0.8699604743083004,0.0
F1,lac,0.1,QSAR_biodegradation,xgboost,GBDT,0.84901185770751,0.0
F1,lac,0.1,Telecom_Churn_Dataset,LogReg,classic,0.8568749999999999,0.0
F1,lac,0.1,Telecom_Churn_Dataset,PFN-v2,TFM,0.9490000000000001,0.0880059970014992
F1,lac,0.1,Telecom_Churn_Dataset,catboost,GBDT,0.952875,0.0910044977511244
F1,lac,0.1,Telecom_Churn_Dataset,exaone,TFM,0.967,0.08785607196401794
F1,lac,0.1,Telecom_Churn_Dataset,ftt,deep,0.9403750000000001,0.059670164917541194
F1,lac,0.1,Telecom_Churn_Dataset,knn,classic,0.889,0.0
F1,lac,0.1,Telecom_Churn_Dataset,lightgbm,GBDT,0.951875,0.08725637181409292
F1,lac,0.1,Telecom_Churn_Dataset,mitra,TFM,0.9492499999999999,0.08605697151424282
F1,lac,0.1,Telecom_Churn_Dataset,mitra@v2,TFM,0.975125,0.08395802098950522
F1,lac,0.1,Telecom_Churn_Dataset,mlp,deep,0.916375,0.03658170914542724
F1,lac,0.1,Telecom_Churn_Dataset,resnet,deep,0.929125,0.05322338830584703
F1,lac,0.1,Telecom_Churn_Dataset,tabfm,TFM,0.9738749999999999,0.09010494752623685
F1,lac,0.1,Telecom_Churn_Dataset,tabicl,TFM,0.9435,0.0847076461769115
F1,lac,0.1,Telecom_Churn_Dataset,tabiclv2,TFM,0.9625,0.09160419790104943
F1,lac,0.1,Telecom_Churn_Dataset,tabldm,TFM,0.959125,0.09160419790104943
F1,lac,0.1,Telecom_Churn_Dataset,tabm,deep,0.923,0.05037481259370315
F1,lac,0.1,Telecom_Churn_Dataset,tabpfn,TFM,0.93125,0.061319340329835034
F1,lac,0.1,Telecom_Churn_Dataset,tabpfn25,TFM,0.9616250000000001,0.08590704647676158
F1,lac,0.1,Telecom_Churn_Dataset,tabpfn25b,TFM,0.962125,0.088455772113943
F1,lac,0.1,Telecom_Churn_Dataset,tabpfn26,TFM,0.9566250000000001,0.09445277361319337
F1,lac,0.1,Telecom_Churn_Dataset,tabpfn3,TFM,0.96825,0.09055472263868061
F1,lac,0.1,Telecom_Churn_Dataset,xgboost,GBDT,0.9505000000000001,0.08155922038980505
F1,lac,0.1,Water_Quality_and_Potability,LogReg,classic,0.6094147582697201,0.0
F1,lac,0.1,Water_Quality_and_Potability,PFN-v2,TFM,0.6360050890585243,0.0
F1,lac,0.1,Water_Quality_and_Potability,catboost,GBDT,0.6221374045801527,0.0
F1,lac,0.1,Water_Quality_and_Potability,exaone,TFM,0.638295165394402,0.0
F1,lac,0.1,Water_Quality_and_Potability,ftt,deep,0.6137404580152672,0.0
F1,lac,0.1,Water_Quality_and_Potability,knn,classic,0.6110687022900764,0.0
F1,lac,0.1,Water_Quality_and_Potability,lightgbm,GBDT,0.6100508905852418,0.0
F1,lac,0.1,Water_Quality_and_Potability,mitra,TFM,0.6162849872773537,0.0
F1,lac,0.1,Water_Quality_and_Potability,mitra@v2,TFM,0.6381679389312976,0.0
F1,lac,0.1,Water_Quality_and_Potability,mlp,deep,0.6152671755725191,0.0
F1,lac,0.1,Water_Quality_and_Potability,resnet,deep,0.6099236641221374,0.0
F1,lac,0.1,Water_Quality_and_Potability,tabfm,TFM,0.6366412213740458,0.0
F1,lac,0.1,Water_Quality_and_Potability,tabicl,TFM,0.6277353689567431,0.0
F1,lac,0.1,Water_Quality_and_Potability,tabiclv2,TFM,0.6320610687022901,0.0
F1,lac,0.1,Water_Quality_and_Potability,tabldm,TFM,0.6323155216284987,0.0
F1,lac,0.1,Water_Quality_and_Potability,tabm,deep,0.6053435114503817,0.0
F1,lac,0.1,Water_Quality_and_Potability,tabpfn,TFM,0.610941475826972,0.0
F1,lac,0.1,Water_Quality_and_Potability,tabpfn25,TFM,0.6358778625954199,0.0
F1,lac,0.1,Water_Quality_and_Potability,tabpfn25b,TFM,0.6370229007633588,0.0
F1,lac,0.1,Water_Quality_and_Potability,tabpfn26,TFM,0.6286259541984733,0.0
F1,lac,0.1,Water_Quality_and_Potability,tabpfn3,TFM,0.6338422391857506,0.0
F1,lac,0.1,Water_Quality_and_Potability,xgboost,GBDT,0.6073791348600509,0.0
F1,lac,0.1,Waterstress,LogReg,classic,0.7105263157894737,0.0
F1,lac,0.1,Waterstress,PFN-v2,TFM,0.7529824561403509,0.0
F1,lac,0.1,Waterstress,catboost,GBDT,0.6652631578947369,0.0
F1,lac,0.1,Waterstress,exaone,TFM,0.7912280701754386,0.0
F1,lac,0.1,Waterstress,ftt,deep,0.667719298245614,0.0
F1,lac,0.1,Waterstress,knn,classic,0.6568421052631579,0.0
F1,lac,0.1,Waterstress,lightgbm,GBDT,0.6508771929824562,0.0
F1,lac,0.1,Waterstress,mitra,TFM,0.7519298245614034,0.0
F1,lac,0.1,Waterstress,mitra@v2,TFM,0.7564912280701754,0.0
F1,lac,0.1,Waterstress,mlp,deep,0.6785964912280702,0.0
F1,lac,0.1,Waterstress,resnet,deep,0.7228070175438597,0.0
F1,lac,0.1,Waterstress,tabfm,TFM,0.8301754385964912,0.0
F1,lac,0.1,Waterstress,tabicl,TFM,0.7722807017543859,0.0
F1,lac,0.1,Waterstress,tabiclv2,TFM,0.8192982456140351,0.0
F1,lac,0.1,Waterstress,tabldm,TFM,0.8049122807017544,0.0
F1,lac,0.1,Waterstress,tabm,deep,0.6364912280701754,0.0
F1,lac,0.1,Waterstress,tabpfn,TFM,0.7463157894736842,0.0
F1,lac,0.1,Waterstress,tabpfn25,TFM,0.784561403508772,0.0
F1,lac,0.1,Waterstress,tabpfn25b,TFM,0.7803508771929825,0.0
F1,lac,0.1,Waterstress,tabpfn26,TFM,0.7589473684210526,0.0
F1,lac,0.1,Waterstress,tabpfn3,TFM,0.78,0.0
F1,lac,0.1,Waterstress,xgboost,GBDT,0.656140350877193,0.0
F1,lac,0.1,Wilt,LogReg,classic,0.968885047536733,0.08621761658031085
F1,lac,0.1,Wilt,PFN-v2,TFM,0.9868625756266205,0.1008290155440414
F1,lac,0.1,Wilt,catboost,GBDT,0.9838375108038029,0.10031088082901549
F1,lac,0.1,Wilt,exaone,TFM,0.9878997407087293,0.09678756476683932
F1,lac,0.1,Wilt,ftt,deep,0.9859118409680206,0.09813471502590668
F1,lac,0.1,Wilt,knn,classic,0.9691443388072601,0.07430051813471497
F1,lac,0.1,Wilt,lightgbm,GBDT,0.9836646499567848,0.09865284974093261
F1,lac,0.1,Wilt,mitra,TFM,0.9865168539325844,0.09761658031088079
F1,lac,0.1,Wilt,mitra@v2,TFM,0.9878133102852203,0.0986528497409326
F1,lac,0.1,Wilt,mlp,deep,0.9843560933448574,0.0940932642487046
F1,lac,0.1,Wilt,resnet,deep,0.9848746758859118,0.09523316062176163
F1,lac,0.1,Wilt,tabfm,TFM,0.9883318928262748,0.10383419689119167
F1,lac,0.1,Wilt,tabicl,TFM,0.9863439930855661,0.09823834196891187
F1,lac,0.1,Wilt,tabiclv2,TFM,0.9879861711322386,0.10020725388601033
F1,lac,0.1,Wilt,tabldm,TFM,0.9879861711322386,0.09989637305699477
F1,lac,0.1,Wilt,tabm,deep,0.9830596369922212,0.0953367875647668
F1,lac,0.1,Wilt,tabpfn,TFM,0.9883318928262748,0.10300518134715023
F1,lac,0.1,Wilt,tabpfn25,TFM,0.9878133102852203,0.10176165803108803
F1,lac,0.1,Wilt,tabpfn25b,TFM,0.9872082973206568,0.10165803108808283
F1,lac,0.1,Wilt,tabpfn26,TFM,0.9865168539325844,0.09917098445595848
F1,lac,0.1,Wilt,tabpfn3,TFM,0.9879861711322386,0.1030051813471502
F1,lac,0.1,Wilt,xgboost,GBDT,0.9808124459809854,0.09782383419689115
F1,lac,0.1,abalone,LogReg,classic,0.651246261216351,0.0
F1,lac,0.1,abalone,PFN-v2,TFM,0.676271186440678,0.0
F1,lac,0.1,abalone,catboost,GBDT,0.6564307078763709,0.0
F1,lac,0.1,abalone,exaone,TFM,0.6827517447657029,0.0
F1,lac,0.1,abalone,ftt,deep,0.6596211365902294,0.0
F1,lac,0.1,abalone,knn,classic,0.6433698903290129,0.0
F1,lac,0.1,abalone,lightgbm,GBDT,0.6450648055832502,0.0
F1,lac,0.1,abalone,mitra,TFM,0.6781655034895314,0.0
F1,lac,0.1,abalone,mitra@v2,TFM,0.6843469591226321,0.0
F1,lac,0.1,abalone,mlp,deep,0.6563310069790628,0.0
F1,lac,0.1,abalone,resnet,deep,0.6646061814556331,0.0
F1,lac,0.1,abalone,tabfm,TFM,0.6857427716849452,0.0
F1,lac,0.1,abalone,tabicl,TFM,0.6759720837487537,0.0
F1,lac,0.1,abalone,tabiclv2,TFM,0.6826520438683948,0.0
F1,lac,0.1,abalone,tabldm,TFM,0.6830508474576271,0.0
F1,lac,0.1,abalone,tabm,deep,0.6519441674975075,0.0
F1,lac,0.1,abalone,tabpfn,TFM,0.673778664007976,0.0
F1,lac,0.1,abalone,tabpfn25,TFM,0.6780658025922233,0.0
F1,lac,0.1,abalone,tabpfn25b,TFM,0.6769690927218346,0.0
F1,lac,0.1,abalone,tabpfn26,TFM,0.6761714855433698,0.0
F1,lac,0.1,abalone,tabpfn3,TFM,0.6838484546360917,0.0
F1,lac,0.1,abalone,xgboost,GBDT,0.6449651046859421,0.0
F1,lac,0.1,ada,LogReg,classic,0.8507028112449799,0.0
F1,lac,0.1,ada,PFN-v2,TFM,0.8568273092369478,0.0
F1,lac,0.1,ada,catboost,GBDT,0.8501004016064257,0.0
F1,lac,0.1,ada,exaone,TFM,0.8650602409638555,0.0
F1,lac,0.1,ada,ftt,deep,0.8501004016064257,0.0
F1,lac,0.1,ada,knn,classic,0.8345381526104418,0.0
F1,lac,0.1,ada,lightgbm,GBDT,0.852710843373494,0.0
F1,lac,0.1,ada,mitra,TFM,0.8545180722891565,0.0
F1,lac,0.1,ada,mitra@v2,TFM,0.8590361445783132,0.0
F1,lac,0.1,ada,mlp,deep,0.8426706827309237,0.0
F1,lac,0.1,ada,resnet,deep,0.8390562248995984,0.0
F1,lac,0.1,ada,tabfm,TFM,0.8643574297188754,0.0
F1,lac,0.1,ada,tabicl,TFM,0.848293172690763,0.0
F1,lac,0.1,ada,tabiclv2,TFM,0.8592369477911646,0.0
F1,lac,0.1,ada,tabldm,TFM,0.8576305220883533,0.0
F1,lac,0.1,ada,tabm,deep,0.8496987951807229,0.0
F1,lac,0.1,ada,tabpfn,TFM,0.8485943775100402,0.0
F1,lac,0.1,ada,tabpfn25,TFM,0.8589357429718876,0.0
F1,lac,0.1,ada,tabpfn25b,TFM,0.8588353413654618,0.0
F1,lac,0.1,ada,tabpfn26,TFM,0.8573293172690762,0.0
F1,lac,0.1,ada,tabpfn3,TFM,0.8547188755020081,0.0
F1,lac,0.1,ada,xgboost,GBDT,0.8587349397590363,0.0
F1,lac,0.1,ada_agnostic,LogReg,classic,0.8412785388127855,0.0
F1,lac,0.1,ada_agnostic,PFN-v2,TFM,0.8547945205479452,0.0
F1,lac,0.1,ada_agnostic,catboost,GBDT,0.8458447488584475,0.0
F1,lac,0.1,ada_agnostic,exaone,TFM,0.8631963470319635,0.0
F1,lac,0.1,ada_agnostic,ftt,deep,0.84337899543379,0.0
F1,lac,0.1,ada_agnostic,knn,classic,0.8227397260273973,0.0
F1,lac,0.1,ada_agnostic,lightgbm,GBDT,0.8544292237442923,0.0
F1,lac,0.1,ada_agnostic,mitra,TFM,0.8458447488584475,0.0
F1,lac,0.1,ada_agnostic,mitra@v2,TFM,0.8531506849315068,0.0
F1,lac,0.1,ada_agnostic,mlp,deep,0.8348858447488585,0.0
F1,lac,0.1,ada_agnostic,resnet,deep,0.8324200913242009,0.0
F1,lac,0.1,ada_agnostic,tabfm,TFM,0.8616438356164384,0.0
F1,lac,0.1,ada_agnostic,tabicl,TFM,0.8472146118721462,0.0
F1,lac,0.1,ada_agnostic,tabiclv2,TFM,0.8532420091324202,0.0
F1,lac,0.1,ada_agnostic,tabldm,TFM,0.8541552511415524,0.0
F1,lac,0.1,ada_agnostic,tabm,deep,0.8477625570776256,0.0
F1,lac,0.1,ada_agnostic,tabpfn,TFM,0.8430136986301371,0.0
F1,lac,0.1,ada_agnostic,tabpfn25,TFM,0.8568949771689498,0.0
F1,lac,0.1,ada_agnostic,tabpfn25b,TFM,0.8564383561643835,0.0
F1,lac,0.1,ada_agnostic,tabpfn26,TFM,0.8504109589041097,0.0
F1,lac,0.1,ada_agnostic,tabpfn3,TFM,0.8515981735159818,0.0
F1,lac,0.1,ada_agnostic,xgboost,GBDT,0.854703196347032,0.0
F1,lac,0.1,ada_prior,LogReg,classic,0.8226484018264839,0.0
F1,lac,0.1,ada_prior,PFN-v2,TFM,0.8508675799086758,0.0
F1,lac,0.1,ada_prior,catboost,GBDT,0.8475799086757991,0.0
F1,lac,0.1,ada_prior,exaone,TFM,0.8608219178082193,0.0
F1,lac,0.1,ada_prior,ftt,deep,0.841917808219178,0.0
F1,lac,0.1,ada_prior,knn,classic,0.8295890410958904,0.0
F1,lac,0.1,ada_prior,lightgbm,GBDT,0.8536986301369863,0.0
F1,lac,0.1,ada_prior,mitra,TFM,0.8513242009132419,0.0
F1,lac,0.1,ada_prior,mitra@v2,TFM,0.8529680365296803,0.0
F1,lac,0.1,ada_prior,mlp,deep,0.835068493150685,0.0
F1,lac,0.1,ada_prior,resnet,deep,0.8378995433789955,0.0
F1,lac,0.1,ada_prior,tabfm,TFM,0.8599086757990868,0.0
F1,lac,0.1,ada_prior,tabicl,TFM,0.8442922374429223,0.0
F1,lac,0.1,ada_prior,tabiclv2,TFM,0.8531506849315068,0.0
F1,lac,0.1,ada_prior,tabldm,TFM,0.8523287671232878,0.0
F1,lac,0.1,ada_prior,tabm,deep,0.8452054794520547,0.0
F1,lac,0.1,ada_prior,tabpfn,TFM,0.8417351598173516,0.0
F1,lac,0.1,ada_prior,tabpfn25,TFM,0.8506849315068493,0.0
F1,lac,0.1,ada_prior,tabpfn25b,TFM,0.8514155251141553,0.0
F1,lac,0.1,ada_prior,tabpfn26,TFM,0.8492237442922373,0.0
F1,lac,0.1,ada_prior,tabpfn3,TFM,0.8489497716894977,0.0
F1,lac,0.1,ada_prior,xgboost,GBDT,0.854703196347032,0.0
F1,lac,0.1,airlines_seed_0_nrows_2000_nclasses_10_ncols_100_stratify_True,LogReg,classic,0.57875,0.0
F1,lac,0.1,airlines_seed_0_nrows_2000_nclasses_10_ncols_100_stratify_True,PFN-v2,TFM,0.6329166666666667,0.0
F1,lac,0.1,airlines_seed_0_nrows_2000_nclasses_10_ncols_100_stratify_True,catboost,GBDT,0.6185416666666667,0.0
F1,lac,0.1,airlines_seed_0_nrows_2000_nclasses_10_ncols_100_stratify_True,exaone,TFM,0.6287499999999999,0.0
F1,lac,0.1,airlines_seed_0_nrows_2000_nclasses_10_ncols_100_stratify_True,ftt,deep,0.61,0.0
F1,lac,0.1,airlines_seed_0_nrows_2000_nclasses_10_ncols_100_stratify_True,knn,classic,0.5839583333333334,0.0
F1,lac,0.1,airlines_seed_0_nrows_2000_nclasses_10_ncols_100_stratify_True,lightgbm,GBDT,0.6085416666666668,0.0
F1,lac,0.1,airlines_seed_0_nrows_2000_nclasses_10_ncols_100_stratify_True,mitra,TFM,0.6341666666666667,0.0
F1,lac,0.1,airlines_seed_0_nrows_2000_nclasses_10_ncols_100_stratify_True,mitra@v2,TFM,0.634375,0.0
F1,lac,0.1,airlines_seed_0_nrows_2000_nclasses_10_ncols_100_stratify_True,mlp,deep,0.5666666666666667,0.0
F1,lac,0.1,airlines_seed_0_nrows_2000_nclasses_10_ncols_100_stratify_True,resnet,deep,0.5583333333333333,0.0
F1,lac,0.1,airlines_seed_0_nrows_2000_nclasses_10_ncols_100_stratify_True,tabfm,TFM,0.6297916666666666,0.0
F1,lac,0.1,airlines_seed_0_nrows_2000_nclasses_10_ncols_100_stratify_True,tabicl,TFM,0.6289583333333333,0.0
F1,lac,0.1,airlines_seed_0_nrows_2000_nclasses_10_ncols_100_stratify_True,tabiclv2,TFM,0.6345833333333333,0.0
F1,lac,0.1,airlines_seed_0_nrows_2000_nclasses_10_ncols_100_stratify_True,tabldm,TFM,0.6331249999999999,0.0
F1,lac,0.1,airlines_seed_0_nrows_2000_nclasses_10_ncols_100_stratify_True,tabm,deep,0.608125,0.0
F1,lac,0.1,airlines_seed_0_nrows_2000_nclasses_10_ncols_100_stratify_True,tabpfn,TFM,0.5891666666666666,0.0
F1,lac,0.1,airlines_seed_0_nrows_2000_nclasses_10_ncols_100_stratify_True,tabpfn25,TFM,0.635,0.0
F1,lac,0.1,airlines_seed_0_nrows_2000_nclasses_10_ncols_100_stratify_True,tabpfn25b,TFM,0.6368750000000001,0.0
F1,lac,0.1,airlines_seed_0_nrows_2000_nclasses_10_ncols_100_stratify_True,tabpfn26,TFM,0.6358333333333334,0.0
F1,lac,0.1,airlines_seed_0_nrows_2000_nclasses_10_ncols_100_stratify_True,tabpfn3,TFM,0.6316666666666666,0.0
F1,lac,0.1,airlines_seed_0_nrows_2000_nclasses_10_ncols_100_stratify_True,xgboost,GBDT,0.6060416666666667,0.0
F1,lac,0.1,allbp,LogReg,classic,0.9663355408388521,0.0929801324503311
F1,lac,0.1,allbp,PFN-v2,TFM,0.9739514348785872,0.08225165562913904
F1,lac,0.1,allbp,catboost,GBDT,0.9745033112582782,0.08728476821192048
F1,lac,0.1,allbp,exaone,TFM,0.9760485651214129,0.08225165562913903
F1,lac,0.1,allbp,ftt,deep,0.9706401766004416,0.08423841059602645
F1,lac,0.1,allbp,knn,classic,0.9661147902869758,0.060529801324503266
F1,lac,0.1,allbp,lightgbm,GBDT,0.9711920529801326,0.086887417218543
F1,lac,0.1,allbp,mitra,TFM,0.9726269315673288,0.08622516556291386
F1,lac,0.1,allbp,mitra@v2,TFM,0.9756070640176601,0.08688741721854301
F1,lac,0.1,allbp,mlp,deep,0.967439293598234,0.08264900662251651
F1,lac,0.1,allbp,resnet,deep,0.9673289183222957,0.0768211920529801
F1,lac,0.1,allbp,tabfm,TFM,0.9752759381898455,0.08556291390728474
F1,lac,0.1,allbp,tabicl,TFM,0.9724061810154525,0.08529801324503308
F1,lac,0.1,allbp,tabiclv2,TFM,0.9726269315673288,0.0825165562913907
F1,lac,0.1,allbp,tabldm,TFM,0.9724061810154525,0.08463576158940393
F1,lac,0.1,allbp,tabm,deep,0.9695364238410595,0.08158940397350987
F1,lac,0.1,allbp,tabpfn,TFM,0.9740618101545253,0.08913907284768205
F1,lac,0.1,allbp,tabpfn25,TFM,0.9754966887417218,0.08225165562913903
F1,lac,0.1,allbp,tabpfn25b,TFM,0.9750551876379691,0.0834437086092715
F1,lac,0.1,allbp,tabpfn26,TFM,0.9743929359823399,0.08609271523178803
F1,lac,0.1,allbp,tabpfn3,TFM,0.9747240618101545,0.0863576158940397
F1,lac,0.1,allbp,xgboost,GBDT,0.9736203090507726,0.08675496688741718
F1,lac,0.1,allrep,LogReg,classic,0.9656732891832229,0.09761589403973507
F1,lac,0.1,allrep,PFN-v2,TFM,0.988300220750552,0.11523178807947014
F1,lac,0.1,allrep,catboost,GBDT,0.9858719646799118,0.10953642384105958
F1,lac,0.1,allrep,exaone,TFM,0.989514348785872,0.11668874172185426
F1,lac,0.1,allrep,ftt,deep,0.9786975717439294,0.10847682119205293
F1,lac,0.1,allrep,knn,classic,0.967439293598234,0.09695364238410593
F1,lac,0.1,allrep,lightgbm,GBDT,0.9847682119205299,0.11827814569536418
F1,lac,0.1,allrep,mitra,TFM,0.977924944812362,0.11099337748344366
F1,lac,0.1,allrep,mitra@v2,TFM,0.9889624724061811,0.11748344370860923
F1,lac,0.1,allrep,mlp,deep,0.9682119205298013,0.09986754966887412
F1,lac,0.1,allrep,resnet,deep,0.9716335540838852,0.10410596026490063
F1,lac,0.1,allrep,tabfm,TFM,0.9927152317880795,0.11377483443708607
F1,lac,0.1,allrep,tabicl,TFM,0.9838852097130243,0.10913907284768207
F1,lac,0.1,allrep,tabiclv2,TFM,0.9887417218543046,0.10847682119205293
F1,lac,0.1,allrep,tabldm,TFM,0.9870860927152318,0.11152317880794697
F1,lac,0.1,allrep,tabm,deep,0.9839955849889626,0.11788079470198672
F1,lac,0.1,allrep,tabpfn,TFM,0.9733995584988963,0.10331125827814562
F1,lac,0.1,allrep,tabpfn25,TFM,0.9886313465783665,0.1131125827814569
F1,lac,0.1,allrep,tabpfn25b,TFM,0.9892935982339957,0.11430463576158938
F1,lac,0.1,allrep,tabpfn26,TFM,0.9887417218543046,0.11377483443708605
F1,lac,0.1,allrep,tabpfn3,TFM,0.9862030905077264,0.11337748344370857
F1,lac,0.1,allrep,xgboost,GBDT,0.9838852097130243,0.11788079470198669
F1,lac,0.1,analcatdata_authorship,LogReg,classic,0.9950495049504952,0.08757396449704138
F1,lac,0.1,analcatdata_authorship,PFN-v2,TFM,0.9975247524752475,0.09230769230769226
F1,lac,0.1,analcatdata_authorship,catboost,GBDT,0.9836633663366336,0.08165680473372777
F1,lac,0.1,analcatdata_authorship,exaone,TFM,0.9995049504950495,0.09644970414201179
F1,lac,0.1,analcatdata_authorship,ftt,deep,0.9945544554455445,0.0917159763313609
F1,lac,0.1,analcatdata_authorship,knn,classic,0.993069306930693,0.04911242603550292
F1,lac,0.1,analcatdata_authorship,lightgbm,GBDT,0.9905940594059406,0.07869822485207095
F1,lac,0.1,analcatdata_authorship,mitra,TFM,0.993069306930693,0.0857988165680473
F1,lac,0.1,analcatdata_authorship,mitra@v2,TFM,0.9995049504950495,0.08698224852071001
F1,lac,0.1,analcatdata_authorship,mlp,deep,0.9915841584158416,0.03550295857988162
F1,lac,0.1,analcatdata_authorship,resnet,deep,0.9920792079207921,0.0994082840236686
F1,lac,0.1,analcatdata_authorship,tabfm,TFM,0.9975247524752475,0.08343195266272187
F1,lac,0.1,analcatdata_authorship,tabicl,TFM,0.9985148514851485,0.09704142011834316
F1,lac,0.1,analcatdata_authorship,tabiclv2,TFM,1.0,0.09467455621301771
F1,lac,0.1,analcatdata_authorship,tabldm,TFM,0.9995049504950495,0.08934911242603547
F1,lac,0.1,analcatdata_authorship,tabm,deep,0.9955445544554455,0.08047337278106506
F1,lac,0.1,analcatdata_authorship,tabpfn,TFM,0.9985148514851485,0.07928994082840232
F1,lac,0.1,analcatdata_authorship,tabpfn25,TFM,0.9995049504950495,0.08579881656804729
F1,lac,0.1,analcatdata_authorship,tabpfn25b,TFM,0.9995049504950495,0.08639053254437866
F1,lac,0.1,analcatdata_authorship,tabpfn26,TFM,1.0,0.08402366863905321
F1,lac,0.1,analcatdata_authorship,tabpfn3,TFM,1.0,0.08757396449704138
F1,lac,0.1,analcatdata_authorship,xgboost,GBDT,0.985148514851485,0.08461538461538458
F1,lac,0.1,autoUniv-au7-1100,LogReg,classic,0.3507575757575757,0.0
F1,lac,0.1,autoUniv-au7-1100,PFN-v2,TFM,0.47992424242424236,0.0
F1,lac,0.1,autoUniv-au7-1100,catboost,GBDT,0.4053030303030303,0.0
F1,lac,0.1,autoUniv-au7-1100,exaone,TFM,0.49696969696969695,0.0
F1,lac,0.1,autoUniv-au7-1100,ftt,deep,0.3670454545454545,0.0
F1,lac,0.1,autoUniv-au7-1100,knn,classic,0.3651515151515151,0.0
F1,lac,0.1,autoUniv-au7-1100,lightgbm,GBDT,0.3909090909090909,0.0
F1,lac,0.1,autoUniv-au7-1100,mitra,TFM,0.47007575757575754,0.0
F1,lac,0.1,autoUniv-au7-1100,mitra@v2,TFM,0.4606060606060606,0.0
F1,lac,0.1,autoUniv-au7-1100,mlp,deep,0.3503787878787879,0.0
F1,lac,0.1,autoUniv-au7-1100,resnet,deep,0.3386363636363636,0.0
F1,lac,0.1,autoUniv-au7-1100,tabfm,TFM,0.4965909090909091,0.0
F1,lac,0.1,autoUniv-au7-1100,tabicl,TFM,0.42348484848484846,0.0
F1,lac,0.1,autoUniv-au7-1100,tabiclv2,TFM,0.4696969696969697,0.0
F1,lac,0.1,autoUniv-au7-1100,tabldm,TFM,0.4647727272727272,0.0
F1,lac,0.1,autoUniv-au7-1100,tabm,deep,0.3799242424242424,0.0
F1,lac,0.1,autoUniv-au7-1100,tabpfn,TFM,0.36022727272727273,0.0
F1,lac,0.1,autoUniv-au7-1100,tabpfn25,TFM,0.47765151515151516,0.0
F1,lac,0.1,autoUniv-au7-1100,tabpfn25b,TFM,0.4833333333333333,0.0
F1,lac,0.1,autoUniv-au7-1100,tabpfn26,TFM,0.4787878787878788,0.0
F1,lac,0.1,autoUniv-au7-1100,tabpfn3,TFM,0.44886363636363635,0.0
F1,lac,0.1,autoUniv-au7-1100,xgboost,GBDT,0.40681818181818186,0.0
F1,lac,0.1,banknote_authentication,LogReg,classic,0.5599999999999999,0.0
F1,lac,0.1,banknote_authentication,PFN-v2,TFM,0.5545454545454546,0.0
F1,lac,0.1,banknote_authentication,catboost,GBDT,0.5148484848484849,0.0
F1,lac,0.1,banknote_authentication,exaone,TFM,0.5606060606060607,0.0
F1,lac,0.1,banknote_authentication,ftt,deep,0.5490909090909091,0.0
F1,lac,0.1,banknote_authentication,knn,classic,0.5545454545454546,0.0
F1,lac,0.1,banknote_authentication,lightgbm,GBDT,0.5442424242424242,0.0
F1,lac,0.1,banknote_authentication,mitra,TFM,0.5545454545454546,0.0
F1,lac,0.1,banknote_authentication,mitra@v2,TFM,0.5545454545454546,0.0
F1,lac,0.1,banknote_authentication,mlp,deep,0.5445454545454546,0.0
F1,lac,0.1,banknote_authentication,resnet,deep,0.5424242424242424,0.0
F1,lac,0.1,banknote_authentication,tabfm,TFM,0.5593939393939393,0.0
F1,lac,0.1,banknote_authentication,tabicl,TFM,0.5548484848484849,0.0
F1,lac,0.1,banknote_authentication,tabiclv2,TFM,0.5624242424242424,0.0
F1,lac,0.1,banknote_authentication,tabldm,TFM,0.5515151515151515,0.0
F1,lac,0.1,banknote_authentication,tabm,deep,0.5406060606060606,0.0
F1,lac,0.1,banknote_authentication,tabpfn,TFM,0.5545454545454546,0.0
F1,lac,0.1,banknote_authentication,tabpfn25,TFM,0.5548484848484849,0.0
F1,lac,0.1,banknote_authentication,tabpfn25b,TFM,0.5554545454545454,0.0
F1,lac,0.1,banknote_authentication,tabpfn26,TFM,0.5542424242424242,0.0
F1,lac,0.1,banknote_authentication,tabpfn3,TFM,0.5575757575757576,0.0
F1,lac,0.1,banknote_authentication,xgboost,GBDT,0.553939393939394,0.0
F1,lac,0.1,baseball,LogReg,classic,0.9270186335403727,0.039925373134328326
F1,lac,0.1,baseball,PFN-v2,TFM,0.9366459627329192,0.05485074626865666
F1,lac,0.1,baseball,catboost,GBDT,0.929192546583851,0.04141791044776115
F1,lac,0.1,baseball,exaone,TFM,0.9375776397515528,0.06231343283582084
F1,lac,0.1,baseball,ftt,deep,0.924223602484472,0.04029850746268652
F1,lac,0.1,baseball,knn,classic,0.927639751552795,0.05074626865671639
F1,lac,0.1,baseball,lightgbm,GBDT,0.929192546583851,0.04216417910447755
F1,lac,0.1,baseball,mitra,TFM,0.9335403726708075,0.06679104477611936
F1,lac,0.1,baseball,mitra@v2,TFM,0.9391304347826088,0.061194029850746214
F1,lac,0.1,baseball,mlp,deep,0.9248447204968944,0.03694029850746265
F1,lac,0.1,baseball,resnet,deep,0.9301242236024845,0.0481343283582089
F1,lac,0.1,baseball,tabfm,TFM,0.9409937888198758,0.048507462686567124
F1,lac,0.1,baseball,tabicl,TFM,0.9388198757763975,0.056716417910447715
F1,lac,0.1,baseball,tabiclv2,TFM,0.9372670807453416,0.05783582089552235
F1,lac,0.1,baseball,tabldm,TFM,0.9350931677018635,0.04999999999999996
F1,lac,0.1,baseball,tabm,deep,0.9288819875776397,0.04067164179104473
F1,lac,0.1,baseball,tabpfn,TFM,0.9347826086956521,0.05820895522388057
F1,lac,0.1,baseball,tabpfn25,TFM,0.9388198757763975,0.06343283582089547
F1,lac,0.1,baseball,tabpfn25b,TFM,0.9378881987577639,0.06156716417910442
F1,lac,0.1,baseball,tabpfn26,TFM,0.9372670807453417,0.05820895522388055
F1,lac,0.1,baseball,tabpfn3,TFM,0.9391304347826086,0.05559701492537308
F1,lac,0.1,baseball,xgboost,GBDT,0.9263975155279504,0.03955223880597009
F1,lac,0.1,car-evaluation,LogReg,classic,0.9301204819277109,0.07398843930635834
F1,lac,0.1,car-evaluation,PFN-v2,TFM,0.9768674698795181,0.08757225433526007
F1,lac,0.1,car-evaluation,catboost,GBDT,0.9881927710843372,0.09913294797687858
F1,lac,0.1,car-evaluation,exaone,TFM,0.9814457831325301,0.09277456647398838
F1,lac,0.1,car-evaluation,ftt,deep,0.9725301204819278,0.09537572254335255
F1,lac,0.1,car-evaluation,knn,classic,0.8578313253012049,0.02543352601156066
F1,lac,0.1,car-evaluation,lightgbm,GBDT,0.9898795180722892,0.10867052023121385
F1,lac,0.1,car-evaluation,mitra,TFM,0.873734939759036,0.01531791907514446
F1,lac,0.1,car-evaluation,mitra@v2,TFM,0.9178313253012048,0.045664739884393
F1,lac,0.1,car-evaluation,mlp,deep,0.9732530120481927,0.09624277456647397
F1,lac,0.1,car-evaluation,resnet,deep,0.9867469879518073,0.1020231213872832
F1,lac,0.1,car-evaluation,tabfm,TFM,0.9973493975903616,0.10606936416184967
F1,lac,0.1,car-evaluation,tabicl,TFM,0.9778313253012048,0.0820809248554913
F1,lac,0.1,car-evaluation,tabiclv2,TFM,0.9862650602409639,0.0988439306358381
F1,lac,0.1,car-evaluation,tabldm,TFM,0.9848192771084336,0.09393063583815023
F1,lac,0.1,car-evaluation,tabm,deep,0.9804819277108434,0.09479768786127162
F1,lac,0.1,car-evaluation,tabpfn,TFM,0.9766265060240963,0.09017341040462425
F1,lac,0.1,car-evaluation,tabpfn25,TFM,0.9867469879518073,0.088150289017341
F1,lac,0.1,car-evaluation,tabpfn25b,TFM,0.980722891566265,0.08497109826589591
F1,lac,0.1,car-evaluation,tabpfn26,TFM,0.9850602409638555,0.088150289017341
F1,lac,0.1,car-evaluation,tabpfn3,TFM,0.9898795180722892,0.09537572254335255
F1,lac,0.1,car-evaluation,xgboost,GBDT,0.973734939759036,0.10289017341040459
F1,lac,0.1,churn,LogReg,classic,0.8631666666666666,0.0
F1,lac,0.1,churn,PFN-v2,TFM,0.9649166666666666,0.0893
F1,lac,0.1,churn,catboost,GBDT,0.9560000000000001,0.076
F1,lac,0.1,churn,exaone,TFM,0.9725833333333334,0.0867
F1,lac,0.1,churn,ftt,deep,0.9652499999999999,0.0913
F1,lac,0.1,churn,knn,classic,0.88925,0.0
F1,lac,0.1,churn,lightgbm,GBDT,0.9551666666666666,0.0759
F1,lac,0.1,churn,mitra,TFM,0.9637499999999999,0.0844
F1,lac,0.1,churn,mitra@v2,TFM,0.9761666666666666,0.0874
F1,lac,0.1,churn,mlp,deep,0.9190833333333334,0.0333
F1,lac,0.1,churn,resnet,deep,0.9310833333333333,0.05619999999999999
F1,lac,0.1,churn,tabfm,TFM,0.9755833333333334,0.0917
F1,lac,0.1,churn,tabicl,TFM,0.95325,0.0888
F1,lac,0.1,churn,tabiclv2,TFM,0.9671666666666667,0.08380000000000001
F1,lac,0.1,churn,tabldm,TFM,0.9682499999999999,0.0839
F1,lac,0.1,churn,tabm,deep,0.9475833333333332,0.0742
F1,lac,0.1,churn,tabpfn,TFM,0.9354166666666666,0.0588
F1,lac,0.1,churn,tabpfn25,TFM,0.9692500000000001,0.0849
F1,lac,0.1,churn,tabpfn25b,TFM,0.9696666666666667,0.0834
F1,lac,0.1,churn,tabpfn26,TFM,0.9640000000000001,0.0885
F1,lac,0.1,churn,tabpfn3,TFM,0.9713333333333333,0.0785
F1,lac,0.1,churn,xgboost,GBDT,0.9545833333333335,0.0803
F1,lac,0.1,cmc,LogReg,classic,0.503954802259887,0.0
F1,lac,0.1,cmc,PFN-v2,TFM,0.5553672316384181,0.0
F1,lac,0.1,cmc,catboost,GBDT,0.5319209039548023,0.0
F1,lac,0.1,cmc,exaone,TFM,0.5548022598870056,0.0
F1,lac,0.1,cmc,ftt,deep,0.5409604519774012,0.0
F1,lac,0.1,cmc,knn,classic,0.49604519774011296,0.0
F1,lac,0.1,cmc,lightgbm,GBDT,0.5248587570621469,0.0
F1,lac,0.1,cmc,mitra,TFM,0.5562146892655366,0.0
F1,lac,0.1,cmc,mitra@v2,TFM,0.5624293785310734,0.0
F1,lac,0.1,cmc,mlp,deep,0.535593220338983,0.0
F1,lac,0.1,cmc,resnet,deep,0.5248587570621469,0.0
F1,lac,0.1,cmc,tabfm,TFM,0.5576271186440678,0.0
F1,lac,0.1,cmc,tabicl,TFM,0.5550847457627118,0.0
F1,lac,0.1,cmc,tabiclv2,TFM,0.5542372881355933,0.0
F1,lac,0.1,cmc,tabldm,TFM,0.5542372881355933,0.0
F1,lac,0.1,cmc,tabm,deep,0.53954802259887,0.0
F1,lac,0.1,cmc,tabpfn,TFM,0.5505649717514125,0.0
F1,lac,0.1,cmc,tabpfn25,TFM,0.5536723163841808,0.0
F1,lac,0.1,cmc,tabpfn25b,TFM,0.5567796610169491,0.0
F1,lac,0.1,cmc,tabpfn26,TFM,0.5644067796610169,0.0
F1,lac,0.1,cmc,tabpfn3,TFM,0.5610169491525424,0.0
F1,lac,0.1,cmc,xgboost,GBDT,0.5398305084745763,0.0
F1,lac,0.1,company_bankruptcy_prediction,LogReg,classic,0.966463042150275,0.0925219941348973
F1,lac,0.1,company_bankruptcy_prediction,PFN-v2,TFM,0.9692119731215639,0.09494134897360698
F1,lac,0.1,company_bankruptcy_prediction,catboost,GBDT,0.9678069639584607,0.09728739002932546
F1,lac,0.1,company_bankruptcy_prediction,exaone,TFM,0.969578497251069,0.09596774193548382
F1,lac,0.1,company_bankruptcy_prediction,ftt,deep,0.9651191203420891,0.09442815249266857
F1,lac,0.1,company_bankruptcy_prediction,knn,classic,0.9679291386682957,0.0853372434017595
F1,lac,0.1,company_bankruptcy_prediction,lightgbm,GBDT,0.9700061087354918,0.0947947214076246
F1,lac,0.1,company_bankruptcy_prediction,mitra,TFM,0.970494807574832,0.09765395894428147
F1,lac,0.1,company_bankruptcy_prediction,mitra@v2,TFM,0.9708613317043373,0.10205278592375364
F1,lac,0.1,company_bankruptcy_prediction,mlp,deep,0.9670739156994502,0.09450146627565978
F1,lac,0.1,company_bankruptcy_prediction,resnet,deep,0.963958460598656,0.09024926686217002
F1,lac,0.1,company_bankruptcy_prediction,tabfm,TFM,0.9701282834453269,0.09318181818181813
F1,lac,0.1,company_bankruptcy_prediction,tabicl,TFM,0.969700671960904,0.09684750733137829
F1,lac,0.1,company_bankruptcy_prediction,tabiclv2,TFM,0.9692730604764813,0.09406158357771256
F1,lac,0.1,company_bankruptcy_prediction,tabldm,TFM,0.9692730604764813,0.09611436950146625
F1,lac,0.1,company_bankruptcy_prediction,tabm,deep,0.9656078191814295,0.09611436950146623
F1,lac,0.1,company_bankruptcy_prediction,tabpfn,TFM,0.9676237018937079,0.09633431085043985
F1,lac,0.1,company_bankruptcy_prediction,tabpfn25,TFM,0.9702504581551619,0.0981671554252199
F1,lac,0.1,company_bankruptcy_prediction,tabpfn25b,TFM,0.9692119731215639,0.09692082111436945
F1,lac,0.1,company_bankruptcy_prediction,tabpfn26,TFM,0.9708002443494197,0.09970674486803516
F1,lac,0.1,company_bankruptcy_prediction,tabpfn3,TFM,0.9700061087354918,0.10219941348973602
F1,lac,0.1,company_bankruptcy_prediction,xgboost,GBDT,0.9676237018937079,0.09699413489736065
F1,lac,0.1,contraceptive_method_choice,LogReg,classic,0.4966101694915254,0.0
F1,lac,0.1,contraceptive_method_choice,PFN-v2,TFM,0.5429378531073447,0.0
F1,lac,0.1,contraceptive_method_choice,catboost,GBDT,0.521186440677966,0.0
F1,lac,0.1,contraceptive_method_choice,exaone,TFM,0.5418079096045199,0.0
F1,lac,0.1,contraceptive_method_choice,ftt,deep,0.5200564971751412,0.0
F1,lac,0.1,contraceptive_method_choice,knn,classic,0.49039548022598867,0.0
F1,lac,0.1,contraceptive_method_choice,lightgbm,GBDT,0.521186440677966,0.0
F1,lac,0.1,contraceptive_method_choice,mitra,TFM,0.5432203389830509,0.0
F1,lac,0.1,contraceptive_method_choice,mitra@v2,TFM,0.542090395480226,0.0
F1,lac,0.1,contraceptive_method_choice,mlp,deep,0.5237288135593221,0.0
F1,lac,0.1,contraceptive_method_choice,resnet,deep,0.5228813559322034,0.0
F1,lac,0.1,contraceptive_method_choice,tabfm,TFM,0.5483050847457627,0.0
F1,lac,0.1,contraceptive_method_choice,tabicl,TFM,0.5299435028248587,0.0
F1,lac,0.1,contraceptive_method_choice,tabiclv2,TFM,0.5449152542372881,0.0
F1,lac,0.1,contraceptive_method_choice,tabldm,TFM,0.5443502824858757,0.0
F1,lac,0.1,contraceptive_method_choice,tabm,deep,0.5290960451977401,0.0
F1,lac,0.1,contraceptive_method_choice,tabpfn,TFM,0.5257062146892656,0.0
F1,lac,0.1,contraceptive_method_choice,tabpfn25,TFM,0.5483050847457627,0.0
F1,lac,0.1,contraceptive_method_choice,tabpfn25b,TFM,0.5463276836158192,0.0
F1,lac,0.1,contraceptive_method_choice,tabpfn26,TFM,0.546045197740113,0.0
F1,lac,0.1,contraceptive_method_choice,tabpfn3,TFM,0.5432203389830509,0.0
F1,lac,0.1,contraceptive_method_choice,xgboost,GBDT,0.5299435028248587,0.0
F1,lac,0.1,credit-g,LogReg,classic,0.7112499999999999,0.0
F1,lac,0.1,credit-g,PFN-v2,TFM,0.7525000000000001,0.0
F1,lac,0.1,credit-g,catboost,GBDT,0.7491666666666668,0.0
F1,lac,0.1,credit-g,exaone,TFM,0.7633333333333334,0.0
F1,lac,0.1,credit-g,ftt,deep,0.74125,0.0
F1,lac,0.1,credit-g,knn,classic,0.7083333333333334,0.0
F1,lac,0.1,credit-g,lightgbm,GBDT,0.7270833333333334,0.0
F1,lac,0.1,credit-g,mitra,TFM,0.75375,0.0
F1,lac,0.1,credit-g,mitra@v2,TFM,0.7570833333333333,0.0
F1,lac,0.1,credit-g,mlp,deep,0.7025,0.0
F1,lac,0.1,credit-g,resnet,deep,0.705,0.0
F1,lac,0.1,credit-g,tabfm,TFM,0.76625,0.0
F1,lac,0.1,credit-g,tabicl,TFM,0.7391666666666666,0.0
F1,lac,0.1,credit-g,tabiclv2,TFM,0.7529166666666667,0.0
F1,lac,0.1,credit-g,tabldm,TFM,0.7554166666666666,0.0
F1,lac,0.1,credit-g,tabm,deep,0.74125,0.0
F1,lac,0.1,credit-g,tabpfn,TFM,0.72125,0.0
F1,lac,0.1,credit-g,tabpfn25,TFM,0.7591666666666667,0.0
F1,lac,0.1,credit-g,tabpfn25b,TFM,0.7537499999999999,0.0
F1,lac,0.1,credit-g,tabpfn26,TFM,0.75125,0.0
F1,lac,0.1,credit-g,tabpfn3,TFM,0.7558333333333334,0.0
F1,lac,0.1,credit-g,xgboost,GBDT,0.7329166666666667,0.0
F1,lac,0.1,delta_ailerons,LogReg,classic,0.934833430742256,0.043969144460028
F1,lac,0.1,delta_ailerons,PFN-v2,TFM,0.9402688486265343,0.060518934081346384
F1,lac,0.1,delta_ailerons,catboost,GBDT,0.9370543541788429,0.04852734922861145
F1,lac,0.1,delta_ailerons,exaone,TFM,0.9413208649912331,0.05722300140252451
F1,lac,0.1,delta_ailerons,ftt,deep,0.9379894798363531,0.05420757363253852
F1,lac,0.1,delta_ailerons,knn,classic,0.9372881355932204,0.04894810659186531
F1,lac,0.1,delta_ailerons,lightgbm,GBDT,0.9381648158971363,0.05715287517531553
F1,lac,0.1,delta_ailerons,mitra,TFM,0.9390999415546464,0.05322580645161286
F1,lac,0.1,delta_ailerons,mitra@v2,TFM,0.9410286382232613,0.057293127629733466
F1,lac,0.1,delta_ailerons,mlp,deep,0.9344827586206896,0.04859747545582043
F1,lac,0.1,delta_ailerons,resnet,deep,0.9354178842781998,0.05154277699859742
F1,lac,0.1,delta_ailerons,tabfm,TFM,0.9417299824663938,0.056030855539971905
F1,lac,0.1,delta_ailerons,tabicl,TFM,0.9391583869082408,0.05343618513323981
F1,lac,0.1,delta_ailerons,tabiclv2,TFM,0.9417884278199884,0.058134642356241197
F1,lac,0.1,delta_ailerons,tabldm,TFM,0.9424897720631209,0.060448807854137386
F1,lac,0.1,delta_ailerons,tabm,deep,0.9360607831677381,0.05378681626928468
F1,lac,0.1,delta_ailerons,tabpfn,TFM,0.937697253068381,0.04901823281907428
F1,lac,0.1,delta_ailerons,tabpfn25,TFM,0.9408533021624781,0.06269284712482463
F1,lac,0.1,delta_ailerons,tabpfn25b,TFM,0.9403857393337229,0.060589060308555355
F1,lac,0.1,delta_ailerons,tabpfn26,TFM,0.9395675043834016,0.058765778401121946
F1,lac,0.1,delta_ailerons,tabpfn3,TFM,0.9413208649912331,0.061079943899018184
F1,lac,0.1,delta_ailerons,xgboost,GBDT,0.9394506136762126,0.056451612903225756
F1,lac,0.1,dis,LogReg,classic,0.9845474613686536,0.07509933774834433
F1,lac,0.1,dis,PFN-v2,TFM,0.9898454746136865,0.07324503311258274
F1,lac,0.1,dis,catboost,GBDT,0.9888520971302428,0.07178807947019863
F1,lac,0.1,dis,exaone,TFM,0.9886313465783665,0.07483443708609266
F1,lac,0.1,dis,ftt,deep,0.9842163355408389,0.07178807947019863
F1,lac,0.1,dis,knn,classic,0.9841059602649007,0.07430463576158937
F1,lac,0.1,dis,lightgbm,GBDT,0.9877483443708609,0.07086092715231783
F1,lac,0.1,dis,mitra,TFM,0.985430463576159,0.06980132450331121
F1,lac,0.1,dis,mitra@v2,TFM,0.9875275938189846,0.06688741721854298
F1,lac,0.1,dis,mlp,deep,0.9831125827814571,0.06874172185430458
F1,lac,0.1,dis,resnet,deep,0.9833333333333334,0.09112582781456949
F1,lac,0.1,dis,tabfm,TFM,0.9870860927152318,0.07642384105960259
F1,lac,0.1,dis,tabicl,TFM,0.9857615894039735,0.06993377483443704
F1,lac,0.1,dis,tabiclv2,TFM,0.9878587196467992,0.07218543046357612
F1,lac,0.1,dis,tabldm,TFM,0.9867549668874173,0.06688741721854301
F1,lac,0.1,dis,tabm,deep,0.9862030905077264,0.07774834437086091
F1,lac,0.1,dis,tabpfn,TFM,0.9845474613686536,0.07629139072847678
F1,lac,0.1,dis,tabpfn25,TFM,0.9901766004415011,0.06582781456953637
F1,lac,0.1,dis,tabpfn25b,TFM,0.9896247240618102,0.06662251655629135
F1,lac,0.1,dis,tabpfn26,TFM,0.988962472406181,0.07470198675496684
F1,lac,0.1,dis,tabpfn3,TFM,0.9875275938189846,0.06357615894039731
F1,lac,0.1,dis,xgboost,GBDT,0.9873068432671082,0.07059602649006617
F1,lac,0.1,drug_consumption,LogReg,classic,0.39911699779249443,0.0
F1,lac,0.1,drug_consumption,PFN-v2,TFM,0.401766004415011,0.0
F1,lac,0.1,drug_consumption,catboost,GBDT,0.36777041942604854,0.0
F1,lac,0.1,drug_consumption,exaone,TFM,0.401766004415011,0.0
F1,lac,0.1,drug_consumption,ftt,deep,0.3969094922737307,0.0
F1,lac,0.1,drug_consumption,knn,classic,0.3964679911699779,0.0
F1,lac,0.1,drug_consumption,lightgbm,GBDT,0.3964679911699779,0.0
F1,lac,0.1,drug_consumption,mitra,TFM,0.401766004415011,0.0
F1,lac,0.1,drug_consumption,mitra@v2,TFM,0.401766004415011,0.0
F1,lac,0.1,drug_consumption,mlp,deep,0.3679911699779249,0.0
F1,lac,0.1,drug_consumption,resnet,deep,0.3699779249448123,0.0
F1,lac,0.1,drug_consumption,tabfm,TFM,0.401766004415011,0.0
F1,lac,0.1,drug_consumption,tabicl,TFM,0.401766004415011,0.0
F1,lac,0.1,drug_consumption,tabiclv2,TFM,0.40154525386313467,0.0
F1,lac,0.1,drug_consumption,tabldm,TFM,0.401766004415011,0.0
F1,lac,0.1,drug_consumption,tabm,deep,0.38962472406181015,0.0
F1,lac,0.1,drug_consumption,tabpfn,TFM,0.401766004415011,0.0
F1,lac,0.1,drug_consumption,tabpfn25,TFM,0.401766004415011,0.0
F1,lac,0.1,drug_consumption,tabpfn25b,TFM,0.401766004415011,0.0
F1,lac,0.1,drug_consumption,tabpfn26,TFM,0.401766004415011,0.0
F1,lac,0.1,drug_consumption,tabpfn3,TFM,0.401766004415011,0.0
F1,lac,0.1,drug_consumption,xgboost,GBDT,0.39933774834437086,0.0
F1,lac,0.1,estimation_of_obesity_levels,LogReg,classic,0.9453648915187378,0.0626477541371158
F1,lac,0.1,estimation_of_obesity_levels,PFN-v2,TFM,0.9891518737672584,0.08392434988179666
F1,lac,0.1,estimation_of_obesity_levels,catboost,GBDT,0.9587771203155819,0.0853427895981087
F1,lac,0.1,estimation_of_obesity_levels,exaone,TFM,0.9887573964497042,0.08747044917257678
F1,lac,0.1,estimation_of_obesity_levels,ftt,deep,0.9603550295857989,0.07541371158392432
F1,lac,0.1,estimation_of_obesity_levels,knn,classic,0.8374753451676529,0.0007092198581560201
F1,lac,0.1,estimation_of_obesity_levels,lightgbm,GBDT,0.9627218934911242,0.08723404255319145
F1,lac,0.1,estimation_of_obesity_levels,mitra,TFM,0.9747534516765286,0.07801418439716307
F1,lac,0.1,estimation_of_obesity_levels,mitra@v2,TFM,0.9863905325443787,0.0874704491725768
F1,lac,0.1,estimation_of_obesity_levels,mlp,deep,0.9167652859960553,0.026241134751772997
F1,lac,0.1,estimation_of_obesity_levels,resnet,deep,0.9331360946745564,0.04964539007092193
F1,lac,0.1,estimation_of_obesity_levels,tabfm,TFM,0.9958579881656805,0.09408983451536637
F1,lac,0.1,estimation_of_obesity_levels,tabicl,TFM,0.9822485207100591,0.0874704491725768
F1,lac,0.1,estimation_of_obesity_levels,tabiclv2,TFM,0.9808678500986193,0.08865248226950351
F1,lac,0.1,estimation_of_obesity_levels,tabldm,TFM,0.9783037475345168,0.0860520094562647
F1,lac,0.1,estimation_of_obesity_levels,tabm,deep,0.9714003944773175,0.0865248226950354
F1,lac,0.1,estimation_of_obesity_levels,tabpfn,TFM,0.9597633136094675,0.07399527186761226
F1,lac,0.1,estimation_of_obesity_levels,tabpfn25,TFM,0.9893491124260356,0.08581560283687939
F1,lac,0.1,estimation_of_obesity_levels,tabpfn25b,TFM,0.9897435897435898,0.08463356973995266
F1,lac,0.1,estimation_of_obesity_levels,tabpfn26,TFM,0.9893491124260356,0.08439716312056733
F1,lac,0.1,estimation_of_obesity_levels,tabpfn3,TFM,0.9856015779092703,0.0865248226950354
F1,lac,0.1,estimation_of_obesity_levels,xgboost,GBDT,0.9635108481262329,0.100709219858156
F1,lac,0.1,eucalyptus,LogReg,classic,0.6598870056497176,0.0
F1,lac,0.1,eucalyptus,PFN-v2,TFM,0.7101694915254237,0.0
F1,lac,0.1,eucalyptus,catboost,GBDT,0.6598870056497175,0.0
F1,lac,0.1,eucalyptus,exaone,TFM,0.7152542372881355,0.0
F1,lac,0.1,eucalyptus,ftt,deep,0.6576271186440679,0.0
F1,lac,0.1,eucalyptus,knn,classic,0.5740112994350282,0.0
F1,lac,0.1,eucalyptus,lightgbm,GBDT,0.6508474576271187,0.0
F1,lac,0.1,eucalyptus,mitra,TFM,0.6779661016949152,0.0
F1,lac,0.1,eucalyptus,mitra@v2,TFM,0.6994350282485875,0.0
F1,lac,0.1,eucalyptus,mlp,deep,0.6435028248587571,0.0
F1,lac,0.1,eucalyptus,resnet,deep,0.6401129943502826,0.0
F1,lac,0.1,eucalyptus,tabfm,TFM,0.7129943502824859,0.0
F1,lac,0.1,eucalyptus,tabicl,TFM,0.7045197740112995,0.0
F1,lac,0.1,eucalyptus,tabiclv2,TFM,0.7163841807909604,0.0
F1,lac,0.1,eucalyptus,tabldm,TFM,0.7186440677966102,0.0
F1,lac,0.1,eucalyptus,tabm,deep,0.6389830508474577,0.0
F1,lac,0.1,eucalyptus,tabpfn,TFM,0.6864406779661018,0.0
F1,lac,0.1,eucalyptus,tabpfn25,TFM,0.7192090395480226,0.0
F1,lac,0.1,eucalyptus,tabpfn25b,TFM,0.7209039548022599,0.0
F1,lac,0.1,eucalyptus,tabpfn26,TFM,0.7028248587570621,0.0
F1,lac,0.1,eucalyptus,tabpfn3,TFM,0.6932203389830509,0.0
F1,lac,0.1,eucalyptus,xgboost,GBDT,0.6435028248587571,0.0
F1,lac,0.1,eye_movements,LogReg,classic,0.5119238095238094,0.0
F1,lac,0.1,eye_movements,PFN-v2,TFM,0.7763047619047618,4.570383912248e-05
F1,lac,0.1,eye_movements,catboost,GBDT,0.7076571428571429,0.0
F1,lac,0.1,eye_movements,exaone,TFM,0.9086095238095238,0.023446069469835427
F1,lac,0.1,eye_movements,ftt,deep,0.6528380952380952,0.0
F1,lac,0.1,eye_movements,knn,classic,0.5742857142857143,0.0
F1,lac,0.1,eye_movements,lightgbm,GBDT,0.6939809523809524,0.0
F1,lac,0.1,eye_movements,mitra,TFM,0.5599238095238095,0.0
F1,lac,0.1,eye_movements,mitra@v2,TFM,0.8672761904761905,0.00562157221206577
F1,lac,0.1,eye_movements,mlp,deep,0.5787047619047619,0.0
F1,lac,0.1,eye_movements,resnet,deep,0.5637333333333333,0.0
F1,lac,0.1,eye_movements,tabfm,TFM,0.9962285714285715,0.10603290676416814
F1,lac,0.1,eye_movements,tabicl,TFM,0.6847619047619047,0.0
F1,lac,0.1,eye_movements,tabiclv2,TFM,0.7766857142857143,0.0
F1,lac,0.1,eye_movements,tabldm,TFM,0.7766095238095237,0.0
F1,lac,0.1,eye_movements,tabm,deep,0.6256380952380953,0.0
F1,lac,0.1,eye_movements,tabpfn,TFM,0.5598095238095239,0.0
F1,lac,0.1,eye_movements,tabpfn25,TFM,0.8242666666666667,0.0014625228519195102
F1,lac,0.1,eye_movements,tabpfn25b,TFM,0.811047619047619,0.0006398537477147901
F1,lac,0.1,eye_movements,tabpfn26,TFM,0.8653714285714285,0.0072212065813527905
F1,lac,0.1,eye_movements,tabpfn3,TFM,0.8183238095238096,0.00013711151736745002
F1,lac,0.1,eye_movements,xgboost,GBDT,0.6987428571428571,0.0
F1,lac,0.1,first-order-theorem-proving,LogReg,classic,0.47018379850238257,0.0
F1,lac,0.1,first-order-theorem-proving,PFN-v2,TFM,0.5921034717494894,0.0
F1,lac,0.1,first-order-theorem-proving,catboost,GBDT,0.5979577944179714,0.0
F1,lac,0.1,first-order-theorem-proving,exaone,TFM,0.6191967324710688,0.0
F1,lac,0.1,first-order-theorem-proving,ftt,deep,0.5373042886317223,0.0
F1,lac,0.1,first-order-theorem-proving,knn,classic,0.5772634445200817,0.0
F1,lac,0.1,first-order-theorem-proving,lightgbm,GBDT,0.5904016337644656,0.0
F1,lac,0.1,first-order-theorem-proving,mitra,TFM,0.5097345132743363,0.0
F1,lac,0.1,first-order-theorem-proving,mitra@v2,TFM,0.6141592920353982,0.0
F1,lac,0.1,first-order-theorem-proving,mlp,deep,0.5384615384615384,0.0
F1,lac,0.1,first-order-theorem-proving,resnet,deep,0.5475153165418651,0.0
F1,lac,0.1,first-order-theorem-proving,tabfm,TFM,0.6270251872021784,0.0
F1,lac,0.1,first-order-theorem-proving,tabicl,TFM,0.6128658951667801,0.0
F1,lac,0.1,first-order-theorem-proving,tabiclv2,TFM,0.6148400272294078,0.0
F1,lac,0.1,first-order-theorem-proving,tabldm,TFM,0.6154526889040163,0.0
F1,lac,0.1,first-order-theorem-proving,tabm,deep,0.5428863172226004,0.0
F1,lac,0.1,first-order-theorem-proving,tabpfn,TFM,0.5663036078965282,0.0
F1,lac,0.1,first-order-theorem-proving,tabpfn25,TFM,0.6044928522804629,0.0
F1,lac,0.1,first-order-theorem-proving,tabpfn25b,TFM,0.6012933968686182,0.0
F1,lac,0.1,first-order-theorem-proving,tabpfn26,TFM,0.6021783526208304,0.0
F1,lac,0.1,first-order-theorem-proving,tabpfn3,TFM,0.6088495575221239,0.0
F1,lac,0.1,first-order-theorem-proving,xgboost,GBDT,0.6023144996596324,0.0
F1,lac,0.1,golf_play_dataset_extended,LogReg,classic,0.9197718631178707,0.03515981735159817
F1,lac,0.1,golf_play_dataset_extended,PFN-v2,TFM,0.9376425855513307,0.07671232876712328
F1,lac,0.1,golf_play_dataset_extended,catboost,GBDT,0.9224334600760458,0.03607305936073059
F1,lac,0.1,golf_play_dataset_extended,exaone,TFM,0.9406844106463879,0.05616438356164384
F1,lac,0.1,golf_play_dataset_extended,ftt,deep,0.9235741444866921,0.03881278538812785
F1,lac,0.1,golf_play_dataset_extended,knn,classic,0.8954372623574145,0.0045662100456621
F1,lac,0.1,golf_play_dataset_extended,lightgbm,GBDT,0.9136882129277566,0.031050228310502283
F1,lac,0.1,golf_play_dataset_extended,mitra,TFM,0.9315589353612168,0.0639269406392694
F1,lac,0.1,golf_play_dataset_extended,mitra@v2,TFM,0.9414448669201521,0.06757990867579908
F1,lac,0.1,golf_play_dataset_extended,mlp,deep,0.914448669201521,0.0273972602739726
F1,lac,0.1,golf_play_dataset_extended,resnet,deep,0.914828897338403,0.029223744292237442
F1,lac,0.1,golf_play_dataset_extended,tabfm,TFM,0.9406844106463879,0.06986301369863013
F1,lac,0.1,golf_play_dataset_extended,tabicl,TFM,0.9319391634980988,0.0593607305936073
F1,lac,0.1,golf_play_dataset_extended,tabiclv2,TFM,0.9422053231939165,0.06255707762557076
F1,lac,0.1,golf_play_dataset_extended,tabldm,TFM,0.9406844106463879,0.06712328767123288
F1,lac,0.1,golf_play_dataset_extended,tabm,deep,0.9269961977186313,0.0593607305936073
F1,lac,0.1,golf_play_dataset_extended,tabpfn,TFM,0.9288973384030419,0.06301369863013698
F1,lac,0.1,golf_play_dataset_extended,tabpfn25,TFM,0.9372623574144487,0.06666666666666667
F1,lac,0.1,golf_play_dataset_extended,tabpfn25b,TFM,0.9357414448669201,0.0643835616438356
F1,lac,0.1,golf_play_dataset_extended,tabpfn26,TFM,0.9365019011406843,0.0593607305936073
F1,lac,0.1,golf_play_dataset_extended,tabpfn3,TFM,0.9384030418250952,0.0634703196347032
F1,lac,0.1,golf_play_dataset_extended,xgboost,GBDT,0.9087452471482891,0.01780821917808219
F1,lac,0.1,heloc,LogReg,classic,0.7060416666666667,0.0
F1,lac,0.1,heloc,PFN-v2,TFM,0.7209583333333334,0.0
F1,lac,0.1,heloc,catboost,GBDT,0.7108749999999999,0.0
F1,lac,0.1,heloc,exaone,TFM,0.721625,0.0
F1,lac,0.1,heloc,ftt,deep,0.7108749999999999,0.0
F1,lac,0.1,heloc,knn,classic,0.705875,0.0
F1,lac,0.1,heloc,lightgbm,GBDT,0.7109583333333334,0.0
F1,lac,0.1,heloc,mitra,TFM,0.7150000000000001,0.0
F1,lac,0.1,heloc,mitra@v2,TFM,0.7215416666666667,0.0
F1,lac,0.1,heloc,mlp,deep,0.71,0.0
F1,lac,0.1,heloc,resnet,deep,0.708,0.0
F1,lac,0.1,heloc,tabfm,TFM,0.7222083333333333,0.0
F1,lac,0.1,heloc,tabicl,TFM,0.7194166666666667,0.0
F1,lac,0.1,heloc,tabiclv2,TFM,0.7219166666666667,0.0
F1,lac,0.1,heloc,tabldm,TFM,0.722,0.0
F1,lac,0.1,heloc,tabm,deep,0.7136666666666667,0.0
F1,lac,0.1,heloc,tabpfn,TFM,0.7124583333333334,0.0
F1,lac,0.1,heloc,tabpfn25,TFM,0.7215416666666667,0.0
F1,lac,0.1,heloc,tabpfn25b,TFM,0.7212500000000001,0.0
F1,lac,0.1,heloc,tabpfn26,TFM,0.7214583333333333,0.0
F1,lac,0.1,heloc,tabpfn3,TFM,0.7224583333333333,0.0
F1,lac,0.1,heloc,xgboost,GBDT,0.7159166666666666,0.0
F1,lac,0.1,ibm-employee-performance,LogReg,classic,0.9892351274787534,0.08979591836734688
F1,lac,0.1,ibm-employee-performance,PFN-v2,TFM,1.0,0.08775510204081627
F1,lac,0.1,ibm-employee-performance,catboost,GBDT,1.0,0.10646258503401355
F1,lac,0.1,ibm-employee-performance,exaone,TFM,1.0,0.08979591836734688
F1,lac,0.1,ibm-employee-performance,ftt,deep,1.0,0.09115646258503395
F1,lac,0.1,ibm-employee-performance,knn,classic,0.8736543909348441,0.0
F1,lac,0.1,ibm-employee-performance,lightgbm,GBDT,1.0,0.09319727891156458
F1,lac,0.1,ibm-employee-performance,mitra,TFM,1.0,0.09455782312925168
F1,lac,0.1,ibm-employee-performance,mitra@v2,TFM,1.0,0.08741496598639452
F1,lac,0.1,ibm-employee-performance,mlp,deep,0.9569405099150142,0.0799319727891156
F1,lac,0.1,ibm-employee-performance,resnet,deep,0.9555240793201134,0.08571428571428569
F1,lac,0.1,ibm-employee-performance,tabfm,TFM,1.0,0.07346938775510198
F1,lac,0.1,ibm-employee-performance,tabicl,TFM,0.9997167138810198,0.09115646258503396
F1,lac,0.1,ibm-employee-performance,tabiclv2,TFM,1.0,0.0908163265306122
F1,lac,0.1,ibm-employee-performance,tabldm,TFM,1.0,0.09693877551020405
F1,lac,0.1,ibm-employee-performance,tabm,deep,1.0,0.00340136054421767
F1,lac,0.1,ibm-employee-performance,tabpfn,TFM,0.9906515580736543,0.09251700680272104
F1,lac,0.1,ibm-employee-performance,tabpfn25,TFM,1.0,0.08197278911564622
F1,lac,0.1,ibm-employee-performance,tabpfn25b,TFM,1.0,0.08673469387755095
F1,lac,0.1,ibm-employee-performance,tabpfn26,TFM,1.0,0.09217687074829928
F1,lac,0.1,ibm-employee-performance,tabpfn3,TFM,1.0,0.09183673469387749
F1,lac,0.1,ibm-employee-performance,xgboost,GBDT,1.0,0.00102040816326528
F1,lac,0.1,jm1,LogReg,classic,0.8126291618828934,0.0
F1,lac,0.1,jm1,PFN-v2,TFM,0.8158438576349024,0.0
F1,lac,0.1,jm1,catboost,GBDT,0.8115193264446996,0.0
F1,lac,0.1,jm1,exaone,TFM,0.8280137772675087,0.0
F1,lac,0.1,jm1,ftt,deep,0.8138155376961347,0.0
F1,lac,0.1,jm1,knn,classic,0.8172981247608113,0.0
F1,lac,0.1,jm1,lightgbm,GBDT,0.8151167240719479,0.0
F1,lac,0.1,jm1,mitra,TFM,0.8086107921928818,0.0
F1,lac,0.1,jm1,mitra@v2,TFM,0.8166475315729047,0.0
F1,lac,0.1,jm1,mlp,deep,0.8127822426329889,0.0
F1,lac,0.1,jm1,resnet,deep,0.8133945656333715,0.0
F1,lac,0.1,jm1,tabfm,TFM,0.8288557213930348,0.0
F1,lac,0.1,jm1,tabicl,TFM,0.8253348641408342,0.0
F1,lac,0.1,jm1,tabiclv2,TFM,0.8244546498277842,0.0
F1,lac,0.1,jm1,tabldm,TFM,0.8197091465748182,0.0
F1,lac,0.1,jm1,tabm,deep,0.8129353233830846,0.0
F1,lac,0.1,jm1,tabpfn,TFM,0.8138538078836586,0.0
F1,lac,0.1,jm1,tabpfn25,TFM,0.821699196326062,0.0
F1,lac,0.1,jm1,tabpfn25b,TFM,0.8215843857634904,0.0
F1,lac,0.1,jm1,tabpfn26,TFM,0.8244546498277842,0.0
F1,lac,0.1,jm1,tabpfn3,TFM,0.8246077305778797,0.0
F1,lac,0.1,jm1,xgboost,GBDT,0.8180252583237658,0.0
F1,lac,0.1,kc1,LogReg,classic,0.852662721893491,0.0
F1,lac,0.1,kc1,PFN-v2,TFM,0.855818540433925,0.0
F1,lac,0.1,kc1,catboost,GBDT,0.8431952662721894,0.0
F1,lac,0.1,kc1,exaone,TFM,0.858777120315582,0.0
F1,lac,0.1,kc1,ftt,deep,0.8481262327416174,0.0
F1,lac,0.1,kc1,knn,classic,0.8455621301775148,0.0
F1,lac,0.1,kc1,lightgbm,GBDT,0.8481262327416174,0.0
F1,lac,0.1,kc1,mitra,TFM,0.852662721893491,0.0
F1,lac,0.1,kc1,mitra@v2,TFM,0.8570019723865878,0.0
F1,lac,0.1,kc1,mlp,deep,0.8469428007889546,0.0
F1,lac,0.1,kc1,resnet,deep,0.8465483234714004,0.0
F1,lac,0.1,kc1,tabfm,TFM,0.8611439842209073,0.0
F1,lac,0.1,kc1,tabicl,TFM,0.8554240631163708,0.0
F1,lac,0.1,kc1,tabiclv2,TFM,0.855818540433925,0.0
F1,lac,0.1,kc1,tabldm,TFM,0.8554240631163708,0.0
F1,lac,0.1,kc1,tabm,deep,0.8451676528599605,0.0
F1,lac,0.1,kc1,tabpfn,TFM,0.8536489151873768,0.0
F1,lac,0.1,kc1,tabpfn25,TFM,0.8564102564102564,0.0
F1,lac,0.1,kc1,tabpfn25b,TFM,0.8552268244575936,0.0
F1,lac,0.1,kc1,tabpfn26,TFM,0.8554240631163708,0.0
F1,lac,0.1,kc1,tabpfn3,TFM,0.8611439842209073,0.0
F1,lac,0.1,kc1,xgboost,GBDT,0.8508875739644971,0.0
F1,lac,0.1,kdd_ipums_la_97-small,LogReg,classic,0.8546184738955823,0.0
F1,lac,0.1,kdd_ipums_la_97-small,PFN-v2,TFM,0.8831325301204819,0.0
F1,lac,0.1,kdd_ipums_la_97-small,catboost,GBDT,0.8818473895582329,0.0
F1,lac,0.1,kdd_ipums_la_97-small,exaone,TFM,0.8844979919678714,0.0
F1,lac,0.1,kdd_ipums_la_97-small,ftt,deep,0.8440963855421687,0.0
F1,lac,0.1,kdd_ipums_la_97-small,knn,classic,0.8383935742971887,0.0
F1,lac,0.1,kdd_ipums_la_97-small,lightgbm,GBDT,0.8816064257028111,0.0
F1,lac,0.1,kdd_ipums_la_97-small,mitra,TFM,0.883855421686747,0.0
F1,lac,0.1,kdd_ipums_la_97-small,mitra@v2,TFM,0.8853815261044178,0.0
F1,lac,0.1,kdd_ipums_la_97-small,mlp,deep,0.8400803212851405,0.0
F1,lac,0.1,kdd_ipums_la_97-small,resnet,deep,0.8398393574297188,0.0
F1,lac,0.1,kdd_ipums_la_97-small,tabfm,TFM,0.8848192771084337,0.0
F1,lac,0.1,kdd_ipums_la_97-small,tabicl,TFM,0.8866666666666667,0.0
F1,lac,0.1,kdd_ipums_la_97-small,tabiclv2,TFM,0.885301204819277,0.0
F1,lac,0.1,kdd_ipums_la_97-small,tabldm,TFM,0.8866666666666667,0.0
F1,lac,0.1,kdd_ipums_la_97-small,tabm,deep,0.8679518072289156,0.0
F1,lac,0.1,kdd_ipums_la_97-small,tabpfn,TFM,0.85285140562249,0.0
F1,lac,0.1,kdd_ipums_la_97-small,tabpfn25,TFM,0.8814457831325301,0.0
F1,lac,0.1,kdd_ipums_la_97-small,tabpfn25b,TFM,0.8791164658634537,0.0
F1,lac,0.1,kdd_ipums_la_97-small,tabpfn26,TFM,0.8858634538152611,0.0
F1,lac,0.1,kdd_ipums_la_97-small,tabpfn3,TFM,0.8846586345381526,0.0
F1,lac,0.1,kdd_ipums_la_97-small,xgboost,GBDT,0.8820883534136547,0.0
F1,lac,0.1,kr-vs-kp,LogReg,classic,0.9676662320730116,0.07671875
F1,lac,0.1,kr-vs-kp,PFN-v2,TFM,0.9902216427640156,0.08203125
F1,lac,0.1,kr-vs-kp,catboost,GBDT,0.9932203389830508,0.07609375
F1,lac,0.1,kr-vs-kp,exaone,TFM,0.9917861799217731,0.0678125
F1,lac,0.1,kr-vs-kp,ftt,deep,0.9907431551499346,0.0809375
F1,lac,0.1,kr-vs-kp,knn,classic,0.9345501955671447,0.0540625
F1,lac,0.1,kr-vs-kp,lightgbm,GBDT,0.992438070404172,0.0759375
F1,lac,0.1,kr-vs-kp,mitra,TFM,0.9427640156453716,0.08875
F1,lac,0.1,kr-vs-kp,mitra@v2,TFM,0.9929595827900911,0.07671875
F1,lac,0.1,kr-vs-kp,mlp,deep,0.9859191655801824,0.07046875
F1,lac,0.1,kr-vs-kp,resnet,deep,0.9876140808344198,0.08499999999999999
F1,lac,0.1,kr-vs-kp,tabfm,TFM,0.9920469361147326,0.0690625
F1,lac,0.1,kr-vs-kp,tabicl,TFM,0.9925684485006518,0.06375
F1,lac,0.1,kr-vs-kp,tabiclv2,TFM,0.9915254237288135,0.07203125
F1,lac,0.1,kr-vs-kp,tabldm,TFM,0.9916558018252933,0.06593750000000001
F1,lac,0.1,kr-vs-kp,tabm,deep,0.9911342894393741,0.07609375
F1,lac,0.1,kr-vs-kp,tabpfn,TFM,0.990612777053455,0.08
F1,lac,0.1,kr-vs-kp,tabpfn25,TFM,0.9913950456323338,0.07453125000000001
F1,lac,0.1,kr-vs-kp,tabpfn25b,TFM,0.9917861799217731,0.07671875
F1,lac,0.1,kr-vs-kp,tabpfn26,TFM,0.9916558018252933,0.078125
F1,lac,0.1,kr-vs-kp,tabpfn3,TFM,0.991916558018253,0.07046875
F1,lac,0.1,kr-vs-kp,xgboost,GBDT,0.9920469361147328,0.0796875
F1,lac,0.1,maternal_health_risk,LogReg,classic,0.6295081967213114,0.0
F1,lac,0.1,maternal_health_risk,PFN-v2,TFM,0.7934426229508197,0.0
F1,lac,0.1,maternal_health_risk,catboost,GBDT,0.8053278688524591,0.0
F1,lac,0.1,maternal_health_risk,exaone,TFM,0.825,0.0
F1,lac,0.1,maternal_health_risk,ftt,deep,0.6971311475409836,0.0
F1,lac,0.1,maternal_health_risk,knn,classic,0.796311475409836,0.0
F1,lac,0.1,maternal_health_risk,lightgbm,GBDT,0.7786885245901639,0.0
F1,lac,0.1,maternal_health_risk,mitra,TFM,0.7704918032786885,0.0
F1,lac,0.1,maternal_health_risk,mitra@v2,TFM,0.8159836065573771,0.00049261083743842
F1,lac,0.1,maternal_health_risk,mlp,deep,0.6840163934426229,0.0
F1,lac,0.1,maternal_health_risk,resnet,deep,0.7077868852459016,0.0
F1,lac,0.1,maternal_health_risk,tabfm,TFM,0.8368852459016394,0.00147783251231526
F1,lac,0.1,maternal_health_risk,tabicl,TFM,0.8254098360655737,0.0
F1,lac,0.1,maternal_health_risk,tabiclv2,TFM,0.8360655737704917,0.0
F1,lac,0.1,maternal_health_risk,tabldm,TFM,0.8377049180327869,0.0
F1,lac,0.1,maternal_health_risk,tabm,deep,0.7475409836065573,0.0
F1,lac,0.1,maternal_health_risk,tabpfn,TFM,0.7610655737704918,0.0
F1,lac,0.1,maternal_health_risk,tabpfn25,TFM,0.7971311475409836,0.0
F1,lac,0.1,maternal_health_risk,tabpfn25b,TFM,0.7799180327868853,0.0
F1,lac,0.1,maternal_health_risk,tabpfn26,TFM,0.8184426229508197,0.0
F1,lac,0.1,maternal_health_risk,tabpfn3,TFM,0.8237704918032787,0.0
F1,lac,0.1,maternal_health_risk,xgboost,GBDT,0.7995901639344262,0.0
F1,lac,0.1,mice_protein_expression,LogReg,classic,0.985,0.11296296296296293
F1,lac,0.1,mice_protein_expression,PFN-v2,TFM,0.9988461538461539,0.09351851851851846
F1,lac,0.1,mice_protein_expression,catboost,GBDT,0.9838461538461539,0.11712962962962958
F1,lac,0.1,mice_protein_expression,exaone,TFM,0.9984615384615385,0.08981481481481476
F1,lac,0.1,mice_protein_expression,ftt,deep,0.986923076923077,0.12731481481481477
F1,lac,0.1,mice_protein_expression,knn,classic,0.9776923076923077,0.057870370370370336
F1,lac,0.1,mice_protein_expression,lightgbm,GBDT,0.9738461538461539,0.1259259259259259
F1,lac,0.1,mice_protein_expression,mitra,TFM,0.99,0.08240740740740736
F1,lac,0.1,mice_protein_expression,mitra@v2,TFM,0.9980769230769232,0.08611111111111105
F1,lac,0.1,mice_protein_expression,mlp,deep,0.9892307692307692,0.08981481481481476
F1,lac,0.1,mice_protein_expression,resnet,deep,0.9953846153846154,0.09398148148148144
F1,lac,0.1,mice_protein_expression,tabfm,TFM,1.0,0.07916666666666661
F1,lac,0.1,mice_protein_expression,tabicl,TFM,0.9988461538461539,0.09537037037037033
F1,lac,0.1,mice_protein_expression,tabiclv2,TFM,0.9992307692307693,0.10092592592592586
F1,lac,0.1,mice_protein_expression,tabldm,TFM,0.9992307692307693,0.09351851851851847
F1,lac,0.1,mice_protein_expression,tabm,deep,0.9903846153846155,0.09722222222222218
F1,lac,0.1,mice_protein_expression,tabpfn,TFM,0.9934615384615386,0.09537037037037033
F1,lac,0.1,mice_protein_expression,tabpfn25,TFM,1.0,0.08287037037037033
F1,lac,0.1,mice_protein_expression,tabpfn25b,TFM,1.0,0.08148148148148142
F1,lac,0.1,mice_protein_expression,tabpfn26,TFM,0.9984615384615385,0.09027777777777772
F1,lac,0.1,mice_protein_expression,tabpfn3,TFM,0.9996153846153846,0.07777777777777775
F1,lac,0.1,mice_protein_expression,xgboost,GBDT,0.9700000000000001,0.11944444444444442
F1,lac,0.1,national-longitudinal-survey-binary,LogReg,classic,0.9956706281833616,0.06232179226069242
F1,lac,0.1,national-longitudinal-survey-binary,PFN-v2,TFM,0.9994057724957555,0.10672097759674129
F1,lac,0.1,national-longitudinal-survey-binary,catboost,GBDT,0.9999151103565366,0.09847250509164965
F1,lac,0.1,national-longitudinal-survey-binary,exaone,TFM,0.9996604414261461,0.10448065173116083
F1,lac,0.1,national-longitudinal-survey-binary,ftt,deep,0.9964346349745332,0.10193482688391034
F1,lac,0.1,national-longitudinal-survey-binary,knn,classic,0.8621392190152802,0.0
F1,lac,0.1,national-longitudinal-survey-binary,lightgbm,GBDT,0.9998302207130731,0.04073319755600811
F1,lac,0.1,national-longitudinal-survey-binary,mitra,TFM,1.0,0.09124236252545821
F1,lac,0.1,national-longitudinal-survey-binary,mitra@v2,TFM,1.0,0.10040733197556002
F1,lac,0.1,national-longitudinal-survey-binary,mlp,deep,0.9696943972835316,0.09663951120162931
F1,lac,0.1,national-longitudinal-survey-binary,resnet,deep,0.9790322580645162,0.09684317718940931
F1,lac,0.1,national-longitudinal-survey-binary,tabfm,TFM,0.9996604414261461,0.09735234215885942
F1,lac,0.1,national-longitudinal-survey-binary,tabicl,TFM,0.9981324278438031,0.10285132382892051
F1,lac,0.1,national-longitudinal-survey-binary,tabiclv2,TFM,0.9997453310696095,0.10366598778004069
F1,lac,0.1,national-longitudinal-survey-binary,tabldm,TFM,0.9998302207130731,0.09847250509164965
F1,lac,0.1,national-longitudinal-survey-binary,tabm,deep,0.9995755517826825,0.06608961303462316
F1,lac,0.1,national-longitudinal-survey-binary,tabpfn,TFM,0.9942275042444824,0.0997963340122199
F1,lac,0.1,national-longitudinal-survey-binary,tabpfn25,TFM,0.9990662139219015,0.10570264765784107
F1,lac,0.1,national-longitudinal-survey-binary,tabpfn25b,TFM,0.9990662139219015,0.11038696537678203
F1,lac,0.1,national-longitudinal-survey-binary,tabpfn26,TFM,1.0,0.09928716904276981
F1,lac,0.1,national-longitudinal-survey-binary,tabpfn3,TFM,0.9998302207130731,0.04928716904276981
F1,lac,0.1,national-longitudinal-survey-binary,xgboost,GBDT,0.9983022071307301,0.06395112016293276
F1,lac,0.1,ozone-level-8hr,LogReg,classic,0.938423645320197,0.05719921104536484
F1,lac,0.1,ozone-level-8hr,PFN-v2,TFM,0.9477832512315271,0.07080867850098617
F1,lac,0.1,ozone-level-8hr,catboost,GBDT,0.9430213464696223,0.06213017751479285
F1,lac,0.1,ozone-level-8hr,exaone,TFM,0.9495894909688014,0.0682445759368836
F1,lac,0.1,ozone-level-8hr,ftt,deep,0.9405582922824302,0.05897435897435893
F1,lac,0.1,ozone-level-8hr,knn,classic,0.9374384236453202,0.05187376725838259
F1,lac,0.1,ozone-level-8hr,lightgbm,GBDT,0.9417077175697866,0.060157790927021636
F1,lac,0.1,ozone-level-8hr,mitra,TFM,0.9458128078817735,0.06508875739644968
F1,lac,0.1,ozone-level-8hr,mitra@v2,TFM,0.945977011494253,0.06587771203155816
F1,lac,0.1,ozone-level-8hr,mlp,deep,0.9395730706075535,0.06370808678500982
F1,lac,0.1,ozone-level-8hr,resnet,deep,0.941871921182266,0.06587771203155816
F1,lac,0.1,ozone-level-8hr,tabfm,TFM,0.948111658456486,0.0644970414201183
F1,lac,0.1,ozone-level-8hr,tabicl,TFM,0.9479474548440067,0.06706114398422089
F1,lac,0.1,ozone-level-8hr,tabiclv2,TFM,0.9466338259441708,0.06252465483234712
F1,lac,0.1,ozone-level-8hr,tabldm,TFM,0.949096880131363,0.06351084812623271
F1,lac,0.1,ozone-level-8hr,tabm,deep,0.9440065681444991,0.059566074950690294
F1,lac,0.1,ozone-level-8hr,tabpfn,TFM,0.9464696223316913,0.07120315581854039
F1,lac,0.1,ozone-level-8hr,tabpfn25,TFM,0.9472906403940886,0.0615384615384615
F1,lac,0.1,ozone-level-8hr,tabpfn25b,TFM,0.9469622331691298,0.06351084812623271
F1,lac,0.1,ozone-level-8hr,tabpfn26,TFM,0.9463054187192117,0.06094674556213013
F1,lac,0.1,ozone-level-8hr,tabpfn3,TFM,0.9479474548440064,0.0642998027613412
F1,lac,0.1,ozone-level-8hr,xgboost,GBDT,0.9405582922824303,0.06272189349112423
F1,lac,0.1,ozone_level,LogReg,classic,0.9679802955665024,0.07814960629921257
F1,lac,0.1,ozone_level,PFN-v2,TFM,0.9684729064039409,0.09291338582677161
F1,lac,0.1,ozone_level,catboost,GBDT,0.9679802955665024,0.07716535433070862
F1,lac,0.1,ozone_level,exaone,TFM,0.9686371100164205,0.0840551181102362
F1,lac,0.1,ozone_level,ftt,deep,0.9674876847290641,0.0807086614173228
F1,lac,0.1,ozone_level,knn,classic,0.969129720853859,0.07342519685039368
F1,lac,0.1,ozone_level,lightgbm,GBDT,0.966009852216749,0.07539370078740154
F1,lac,0.1,ozone_level,mitra,TFM,0.9694581280788178,0.08366141732283461
F1,lac,0.1,ozone_level,mitra@v2,TFM,0.9694581280788178,0.08523622047244091
F1,lac,0.1,ozone_level,mlp,deep,0.9656814449917899,0.08602362204724406
F1,lac,0.1,ozone_level,resnet,deep,0.965024630541872,0.08484251968503934
F1,lac,0.1,ozone_level,tabfm,TFM,0.9684729064039409,0.09114173228346452
F1,lac,0.1,ozone_level,tabicl,TFM,0.9684729064039411,0.08582677165354327
F1,lac,0.1,ozone_level,tabiclv2,TFM,0.9694581280788178,0.08562992125984248
F1,lac,0.1,ozone_level,tabldm,TFM,0.969129720853859,0.0931102362204724
F1,lac,0.1,ozone_level,tabm,deep,0.9686371100164205,0.07913385826771649
F1,lac,0.1,ozone_level,tabpfn,TFM,0.9704433497536946,0.08267716535433067
F1,lac,0.1,ozone_level,tabpfn25,TFM,0.9679802955665027,0.09055118110236217
F1,lac,0.1,ozone_level,tabpfn25b,TFM,0.968144499178982,0.09055118110236217
F1,lac,0.1,ozone_level,tabpfn26,TFM,0.9688013136289,0.08897637795275586
F1,lac,0.1,ozone_level,tabpfn3,TFM,0.9688013136289,0.09173228346456688
F1,lac,0.1,ozone_level,xgboost,GBDT,0.9686371100164205,0.08937007874015743
F1,lac,0.1,page-blocks,LogReg,classic,0.963013698630137,0.08429223744292233
F1,lac,0.1,page-blocks,PFN-v2,TFM,0.9750380517503805,0.09461187214611867
F1,lac,0.1,page-blocks,catboost,GBDT,0.971765601217656,0.09105022831050222
F1,lac,0.1,page-blocks,exaone,TFM,0.9767884322678843,0.09223744292237437
F1,lac,0.1,page-blocks,ftt,deep,0.9703196347031963,0.0903196347031963
F1,lac,0.1,page-blocks,knn,classic,0.963013698630137,0.08045662100456619
F1,lac,0.1,page-blocks,lightgbm,GBDT,0.9707762557077626,0.09808219178082188
F1,lac,0.1,page-blocks,mitra,TFM,0.9732115677321156,0.0964383561643835
F1,lac,0.1,page-blocks,mitra@v2,TFM,0.974048706240487,0.09579908675799083
F1,lac,0.1,page-blocks,mlp,deep,0.9681887366818873,0.08757990867579905
F1,lac,0.1,page-blocks,resnet,deep,0.9671232876712329,0.08821917808219173
F1,lac,0.1,page-blocks,tabfm,TFM,0.9748858447488583,0.09105022831050222
F1,lac,0.1,page-blocks,tabicl,TFM,0.9754946727549466,0.09616438356164377
F1,lac,0.1,page-blocks,tabiclv2,TFM,0.9748097412480974,0.09150684931506844
F1,lac,0.1,page-blocks,tabldm,TFM,0.9747336377473363,0.09095890410958901
F1,lac,0.1,page-blocks,tabm,deep,0.9686453576864535,0.09424657534246571
F1,lac,0.1,page-blocks,tabpfn,TFM,0.9734398782343987,0.09625570776255701
F1,lac,0.1,page-blocks,tabpfn25,TFM,0.9754185692541857,0.09506849315068489
F1,lac,0.1,page-blocks,tabpfn25b,TFM,0.9749619482496195,0.09552511415525108
F1,lac,0.1,page-blocks,tabpfn26,TFM,0.9768645357686454,0.09278538812785384
F1,lac,0.1,page-blocks,tabpfn3,TFM,0.975951293759513,0.09022831050228305
F1,lac,0.1,page-blocks,xgboost,GBDT,0.9699391171993911,0.09570776255707758
F1,lac,0.1,pc1,LogReg,classic,0.9232209737827717,0.0243243243243243
F1,lac,0.1,pc1,PFN-v2,TFM,0.9288389513108614,0.04369369369369365
F1,lac,0.1,pc1,catboost,GBDT,0.9322097378277153,0.05180180180180175
F1,lac,0.1,pc1,exaone,TFM,0.9318352059925094,0.051351351351351306
F1,lac,0.1,pc1,ftt,deep,0.9220973782771535,0.03693693693693691
F1,lac,0.1,pc1,knn,classic,0.9340823970037453,0.04369369369369365
F1,lac,0.1,pc1,lightgbm,GBDT,0.9280898876404494,0.0468468468468468
F1,lac,0.1,pc1,mitra,TFM,0.9280898876404496,0.0423423423423423
F1,lac,0.1,pc1,mitra@v2,TFM,0.9299625468164795,0.0504504504504504
F1,lac,0.1,pc1,mlp,deep,0.9254681647940075,0.027027027027027
F1,lac,0.1,pc1,resnet,deep,0.9205992509363297,0.0279279279279279
F1,lac,0.1,pc1,tabfm,TFM,0.9318352059925094,0.04189189189189185
F1,lac,0.1,pc1,tabicl,TFM,0.9310861423220974,0.053153153153153096
F1,lac,0.1,pc1,tabiclv2,TFM,0.9333333333333332,0.047747747747747704
F1,lac,0.1,pc1,tabldm,TFM,0.9325842696629213,0.05360360360360357
F1,lac,0.1,pc1,tabm,deep,0.9213483146067416,0.03558558558558555
F1,lac,0.1,pc1,tabpfn,TFM,0.9280898876404496,0.053603603603603556
F1,lac,0.1,pc1,tabpfn25,TFM,0.9284644194756556,0.0441441441441441
F1,lac,0.1,pc1,tabpfn25b,TFM,0.9265917602996255,0.0423423423423423
F1,lac,0.1,pc1,tabpfn26,TFM,0.9344569288389513,0.051351351351351306
F1,lac,0.1,pc1,tabpfn3,TFM,0.9337078651685393,0.0504504504504504
F1,lac,0.1,pc1,xgboost,GBDT,0.9232209737827717,0.0486486486486486
F1,lac,0.1,pc3,LogReg,classic,0.9005333333333333,0.0041533546325878395
F1,lac,0.1,pc3,PFN-v2,TFM,0.9010666666666666,0.00095846645367412
F1,lac,0.1,pc3,catboost,GBDT,0.8965333333333334,0.00063897763578274
F1,lac,0.1,pc3,exaone,TFM,0.9010666666666666,0.0031948881789137296
F1,lac,0.1,pc3,ftt,deep,0.8946666666666665,0.00063897763578274
F1,lac,0.1,pc3,knn,classic,0.8938666666666666,0.0
F1,lac,0.1,pc3,lightgbm,GBDT,0.8954666666666666,0.0
F1,lac,0.1,pc3,mitra,TFM,0.8978666666666667,0.0
F1,lac,0.1,pc3,mitra@v2,TFM,0.8997333333333334,0.00063897763578274
F1,lac,0.1,pc3,mlp,deep,0.8952,0.0022364217252396
F1,lac,0.1,pc3,resnet,deep,0.8933333333333333,0.0019169329073482299
F1,lac,0.1,pc3,tabfm,TFM,0.9042666666666666,0.0041533546325878395
F1,lac,0.1,pc3,tabicl,TFM,0.8991999999999999,0.0
F1,lac,0.1,pc3,tabiclv2,TFM,0.9013333333333333,0.0015974440894568598
F1,lac,0.1,pc3,tabldm,TFM,0.9005333333333333,0.00127795527156549
F1,lac,0.1,pc3,tabm,deep,0.8957333333333333,0.00127795527156549
F1,lac,0.1,pc3,tabpfn,TFM,0.8968,0.00127795527156549
F1,lac,0.1,pc3,tabpfn25,TFM,0.9013333333333332,0.00063897763578274
F1,lac,0.1,pc3,tabpfn25b,TFM,0.9002666666666667,0.00063897763578274
F1,lac,0.1,pc3,tabpfn26,TFM,0.9007999999999999,0.00127795527156549
F1,lac,0.1,pc3,tabpfn3,TFM,0.9050666666666667,0.00607028753993608
F1,lac,0.1,pc3,xgboost,GBDT,0.8898666666666667,0.0
F1,lac,0.1,pc4,LogReg,classic,0.9120000000000001,0.021917808219178058
F1,lac,0.1,pc4,PFN-v2,TFM,0.9185714285714287,0.031849315068493124
F1,lac,0.1,pc4,catboost,GBDT,0.9128571428571428,0.02226027397260271
F1,lac,0.1,pc4,exaone,TFM,0.9268571428571428,0.0448630136986301
F1,lac,0.1,pc4,ftt,deep,0.9131428571428571,0.01917808219178077
F1,lac,0.1,pc4,knn,classic,0.8965714285714286,0.00342465753424656
F1,lac,0.1,pc4,lightgbm,GBDT,0.9085714285714286,0.017123287671232848
F1,lac,0.1,pc4,mitra,TFM,0.9154285714285715,0.029109589041095858
F1,lac,0.1,pc4,mitra@v2,TFM,0.9234285714285715,0.03869863013698627
F1,lac,0.1,pc4,mlp,deep,0.9131428571428571,0.01369863013698627
F1,lac,0.1,pc4,resnet,deep,0.9099999999999999,0.019178082191780778
F1,lac,0.1,pc4,tabfm,TFM,0.9297142857142857,0.04794520547945201
F1,lac,0.1,pc4,tabicl,TFM,0.9188571428571428,0.03219178082191778
F1,lac,0.1,pc4,tabiclv2,TFM,0.9242857142857142,0.03904109589041092
F1,lac,0.1,pc4,tabldm,TFM,0.922,0.03664383561643831
F1,lac,0.1,pc4,tabm,deep,0.9074285714285715,0.01335616438356162
F1,lac,0.1,pc4,tabpfn,TFM,0.9242857142857144,0.03287671232876707
F1,lac,0.1,pc4,tabpfn25,TFM,0.9242857142857142,0.035958904109589004
F1,lac,0.1,pc4,tabpfn25b,TFM,0.922,0.0383561643835616
F1,lac,0.1,pc4,tabpfn26,TFM,0.9242857142857142,0.03527397260273968
F1,lac,0.1,pc4,tabpfn3,TFM,0.924,0.03698630136986298
F1,lac,0.1,pc4,xgboost,GBDT,0.9091428571428573,0.01815068493150683
F1,lac,0.1,phoneme,LogReg,classic,0.7550501156515035,0.0
F1,lac,0.1,phoneme,PFN-v2,TFM,0.9024672320740169,0.00952821461609618
F1,lac,0.1,phoneme,catboost,GBDT,0.897609868928296,0.00915818686401478
F1,lac,0.1,phoneme,exaone,TFM,0.9131842713955282,0.03061979648473631
F1,lac,0.1,phoneme,ftt,deep,0.8677717810331534,0.0
F1,lac,0.1,phoneme,knn,classic,0.8795682343870471,0.0
F1,lac,0.1,phoneme,lightgbm,GBDT,0.8867386276021587,0.00064754856614246
F1,lac,0.1,phoneme,mitra,TFM,0.8885890516576715,9.250693802035e-05
F1,lac,0.1,phoneme,mitra@v2,TFM,0.9117193523515805,0.0270120259019426
F1,lac,0.1,phoneme,mlp,deep,0.8663068619892058,0.0
F1,lac,0.1,phoneme,resnet,deep,0.8681572860447186,0.0
F1,lac,0.1,phoneme,tabfm,TFM,0.9228218966846569,0.05208140610545785
F1,lac,0.1,phoneme,tabicl,TFM,0.9063222821896686,0.01850138760407029
F1,lac,0.1,phoneme,tabiclv2,TFM,0.9123361603700848,0.023496762257169228
F1,lac,0.1,phoneme,tabldm,TFM,0.9067077872012336,0.01711378353376499
F1,lac,0.1,phoneme,tabm,deep,0.8623747108712413,0.0
F1,lac,0.1,phoneme,tabpfn,TFM,0.8805705474171164,0.0
F1,lac,0.1,phoneme,tabpfn25,TFM,0.9041634541249035,0.01295097132284917
F1,lac,0.1,phoneme,tabpfn25b,TFM,0.9015420200462605,0.00878815911193337
F1,lac,0.1,phoneme,tabpfn26,TFM,0.9141094834232846,0.02821461609620718
F1,lac,0.1,phoneme,tabpfn3,TFM,0.9146491904394758,0.03098982423681771
F1,lac,0.1,phoneme,xgboost,GBDT,0.8862760215882807,0.0
F1,lac,0.1,pol,LogReg,classic,0.8538842975206611,0.0
F1,lac,0.1,pol,PFN-v2,TFM,0.9877685950413223,0.09697570649479423
F1,lac,0.1,pol,catboost,GBDT,0.9862809917355373,0.09246405552801187
F1,lac,0.1,pol,exaone,TFM,0.9894214876033057,0.09776896380763506
F1,lac,0.1,pol,ftt,deep,0.9888842975206611,0.094000991571641
F1,lac,0.1,pol,knn,classic,0.9533884297520661,0.07744174516608822
F1,lac,0.1,pol,lightgbm,GBDT,0.9843801652892562,0.09419930589985123
F1,lac,0.1,pol,mitra,TFM,0.9663636363636364,0.09181953396132866
F1,lac,0.1,pol,mitra@v2,TFM,0.9902892561983471,0.09960337134357952
F1,lac,0.1,pol,mlp,deep,0.9838016528925619,0.09643034209221614
F1,lac,0.1,pol,resnet,deep,0.985413223140496,0.09692612791274166
F1,lac,0.1,pol,tabfm,TFM,0.9917768595041323,0.09434804164600888
F1,lac,0.1,pol,tabicl,TFM,0.9802479338842975,0.0955875061973227
F1,lac,0.1,pol,tabiclv2,TFM,0.9908264462809917,0.0965790778383738
F1,lac,0.1,pol,tabldm,TFM,0.9889669421487604,0.09454635597421909
F1,lac,0.1,pol,tabm,deep,0.9857851239669421,0.09652949925632123
F1,lac,0.1,pol,tabpfn,TFM,0.9738016528925619,0.09271194843827461
F1,lac,0.1,pol,tabpfn25,TFM,0.9892975206611571,0.09851264253842335
F1,lac,0.1,pol,tabpfn25b,TFM,0.99,0.09895884977689634
F1,lac,0.1,pol,tabpfn26,TFM,0.9846280991735537,0.09444719881011399
F1,lac,0.1,pol,tabpfn3,TFM,0.989504132231405,0.0948438274665344
F1,lac,0.1,pol,xgboost,GBDT,0.984090909090909,0.09444719881011399
F1,lac,0.1,predict_students_dropout_and_academic_success,LogReg,classic,0.7178907721280603,0.0
F1,lac,0.1,predict_students_dropout_and_academic_success,PFN-v2,TFM,0.779472693032015,0.0
F1,lac,0.1,predict_students_dropout_and_academic_success,catboost,GBDT,0.7813559322033898,0.0
F1,lac,0.1,predict_students_dropout_and_academic_success,exaone,TFM,0.7922787193973635,0.0
F1,lac,0.1,predict_students_dropout_and_academic_success,ftt,deep,0.7277777777777777,0.0
F1,lac,0.1,predict_students_dropout_and_academic_success,knn,classic,0.6950094161958569,0.0
F1,lac,0.1,predict_students_dropout_and_academic_success,lightgbm,GBDT,0.7648775894538606,0.0
F1,lac,0.1,predict_students_dropout_and_academic_success,mitra,TFM,0.7709981167608286,0.0
F1,lac,0.1,predict_students_dropout_and_academic_success,mitra@v2,TFM,0.7854990583804143,0.0
F1,lac,0.1,predict_students_dropout_and_academic_success,mlp,deep,0.7247645951035782,0.0
F1,lac,0.1,predict_students_dropout_and_academic_success,resnet,deep,0.7298493408662899,0.0
F1,lac,0.1,predict_students_dropout_and_academic_success,tabfm,TFM,0.7935969868173258,0.0
F1,lac,0.1,predict_students_dropout_and_academic_success,tabicl,TFM,0.7733521657250471,0.0
F1,lac,0.1,predict_students_dropout_and_academic_success,tabiclv2,TFM,0.7887947269303202,0.0
F1,lac,0.1,predict_students_dropout_and_academic_success,tabldm,TFM,0.7857815442561206,0.0
F1,lac,0.1,predict_students_dropout_and_academic_success,tabm,deep,0.7621468926553672,0.0
F1,lac,0.1,predict_students_dropout_and_academic_success,tabpfn,TFM,0.747834274952919,0.0
F1,lac,0.1,predict_students_dropout_and_academic_success,tabpfn25,TFM,0.7833333333333333,0.0
F1,lac,0.1,predict_students_dropout_and_academic_success,tabpfn25b,TFM,0.7825800376647833,0.0
F1,lac,0.1,predict_students_dropout_and_academic_success,tabpfn26,TFM,0.7843691148775894,0.0
F1,lac,0.1,predict_students_dropout_and_academic_success,tabpfn3,TFM,0.77984934086629,0.0
F1,lac,0.1,predict_students_dropout_and_academic_success,xgboost,GBDT,0.7666666666666667,0.0
F1,lac,0.1,rice_cammeo_and_osmancik,LogReg,classic,0.9281967213114755,0.048950131233595755
F1,lac,0.1,rice_cammeo_and_osmancik,PFN-v2,TFM,0.9291803278688524,0.04724409448818893
F1,lac,0.1,rice_cammeo_and_osmancik,catboost,GBDT,0.9228415300546449,0.034645669291338534
F1,lac,0.1,rice_cammeo_and_osmancik,exaone,TFM,0.9285245901639344,0.04763779527559051
F1,lac,0.1,rice_cammeo_and_osmancik,ftt,deep,0.9241530054644809,0.03884514435695532
F1,lac,0.1,rice_cammeo_and_osmancik,knn,classic,0.926775956284153,0.03989501312335953
F1,lac,0.1,rice_cammeo_and_osmancik,lightgbm,GBDT,0.926775956284153,0.03963254593175848
F1,lac,0.1,rice_cammeo_and_osmancik,mitra,TFM,0.9289617486338798,0.04855643044619418
F1,lac,0.1,rice_cammeo_and_osmancik,mitra@v2,TFM,0.9268852459016393,0.04763779527559051
F1,lac,0.1,rice_cammeo_and_osmancik,mlp,deep,0.9263387978142077,0.04068241469816268
F1,lac,0.1,rice_cammeo_and_osmancik,resnet,deep,0.9272131147540984,0.04251968503937004
F1,lac,0.1,rice_cammeo_and_osmancik,tabfm,TFM,0.9289617486338798,0.04698162729658787
F1,lac,0.1,rice_cammeo_and_osmancik,tabicl,TFM,0.9274316939890712,0.05104986876640416
F1,lac,0.1,rice_cammeo_and_osmancik,tabiclv2,TFM,0.928415300546448,0.0497375328083989
F1,lac,0.1,rice_cammeo_and_osmancik,tabldm,TFM,0.9289617486338798,0.04750656167978998
F1,lac,0.1,rice_cammeo_and_osmancik,tabm,deep,0.9242622950819672,0.041469816272965844
F1,lac,0.1,rice_cammeo_and_osmancik,tabpfn,TFM,0.9310382513661202,0.045406824146981564
F1,lac,0.1,rice_cammeo_and_osmancik,tabpfn25,TFM,0.92775956284153,0.04776902887139103
F1,lac,0.1,rice_cammeo_and_osmancik,tabpfn25b,TFM,0.9285245901639344,0.04803149606299208
F1,lac,0.1,rice_cammeo_and_osmancik,tabpfn26,TFM,0.928415300546448,0.04671916010498682
F1,lac,0.1,rice_cammeo_and_osmancik,tabpfn3,TFM,0.9281967213114755,0.05091863517060363
F1,lac,0.1,rice_cammeo_and_osmancik,xgboost,GBDT,0.9263387978142076,0.039763779527559
F1,lac,0.1,rl,LogReg,classic,0.5740989103101425,0.0
F1,lac,0.1,rl,PFN-v2,TFM,0.8439228834870075,0.0
F1,lac,0.1,rl,catboost,GBDT,0.7718357082984074,0.0
F1,lac,0.1,rl,exaone,TFM,0.8708298407376363,0.0
F1,lac,0.1,rl,ftt,deep,0.672170997485331,0.0
F1,lac,0.1,rl,knn,classic,0.6538139145012574,0.0
F1,lac,0.1,rl,lightgbm,GBDT,0.7653813914501257,0.0
F1,lac,0.1,rl,mitra,TFM,0.6910310142497904,0.0
F1,lac,0.1,rl,mitra@v2,TFM,0.8547359597652976,0.0
F1,lac,0.1,rl,mlp,deep,0.6451802179379715,0.0
F1,lac,0.1,rl,resnet,deep,0.6440067057837384,0.0
F1,lac,0.1,rl,tabfm,TFM,0.8787091366303436,0.0
F1,lac,0.1,rl,tabicl,TFM,0.8126571668063705,0.0
F1,lac,0.1,rl,tabiclv2,TFM,0.8723386420787931,0.0
F1,lac,0.1,rl,tabldm,TFM,0.8503772003352893,0.0
F1,lac,0.1,rl,tabm,deep,0.6956412405699917,0.0
F1,lac,0.1,rl,tabpfn,TFM,0.6658843252305113,0.0
F1,lac,0.1,rl,tabpfn25,TFM,0.837384744341995,0.0
F1,lac,0.1,rl,tabpfn25b,TFM,0.8341994970662195,0.0
F1,lac,0.1,rl,tabpfn26,TFM,0.8515507124895223,0.0
F1,lac,0.1,rl,tabpfn3,TFM,0.8611902766135792,0.0
F1,lac,0.1,rl,xgboost,GBDT,0.769740150880134,0.0
F1,lac,0.1,satimage,LogReg,classic,0.8571891191709845,0.00046656298600310003
F1,lac,0.1,satimage,PFN-v2,TFM,0.9249352331606218,0.04525660964230166
F1,lac,0.1,satimage,catboost,GBDT,0.9155440414507773,0.03530326594090197
F1,lac,0.1,satimage,exaone,TFM,0.9275906735751296,0.04930015552099528
F1,lac,0.1,satimage,ftt,deep,0.9061528497409326,0.015863141524105707
F1,lac,0.1,satimage,knn,classic,0.9034974093264247,0.01586314152410571
F1,lac,0.1,satimage,lightgbm,GBDT,0.9118523316062177,0.02550544323483665
F1,lac,0.1,satimage,mitra,TFM,0.8939119170984455,0.013219284603421411
F1,lac,0.1,satimage,mitra@v2,TFM,0.9248704663212436,0.04331259720062203
F1,lac,0.1,satimage,mlp,deep,0.9056347150259068,0.01181959564541209
F1,lac,0.1,satimage,resnet,deep,0.9012305699481866,0.00933125972006218
F1,lac,0.1,satimage,tabfm,TFM,0.9376943005181347,0.06562986003110417
F1,lac,0.1,satimage,tabicl,TFM,0.920660621761658,0.04144634525660959
F1,lac,0.1,satimage,tabiclv2,TFM,0.932059585492228,0.05614307931570757
F1,lac,0.1,satimage,tabldm,TFM,0.9284974093264248,0.05513219284603418
F1,lac,0.1,satimage,tabm,deep,0.9073186528497409,0.01827371695178846
F1,lac,0.1,satimage,tabpfn,TFM,0.9073186528497409,0.01928460342146186
F1,lac,0.1,satimage,tabpfn25,TFM,0.9294041450777202,0.052099533437013956
F1,lac,0.1,satimage,tabpfn25b,TFM,0.9282383419689119,0.05147744945567646
F1,lac,0.1,satimage,tabpfn26,TFM,0.927461139896373,0.053265940902021726
F1,lac,0.1,satimage,tabpfn3,TFM,0.9310233160621761,0.05894245723172624
F1,lac,0.1,satimage,xgboost,GBDT,0.9132772020725388,0.02869362363919124
F1,lac,0.1,segment,LogReg,classic,0.8998198198198197,0.0073593073593073
F1,lac,0.1,segment,PFN-v2,TFM,0.9491891891891893,0.08095238095238091
F1,lac,0.1,segment,catboost,GBDT,0.9383783783783783,0.07359307359307357
F1,lac,0.1,segment,exaone,TFM,0.9520720720720721,0.07943722943722939
F1,lac,0.1,segment,ftt,deep,0.9104504504504505,0.02878787878787875
F1,lac,0.1,segment,knn,classic,0.8953153153153153,0.010606060606060539
F1,lac,0.1,segment,lightgbm,GBDT,0.9354954954954955,0.05757575757575752
F1,lac,0.1,segment,mitra,TFM,0.9263063063063063,0.04826839826839821
F1,lac,0.1,segment,mitra@v2,TFM,0.9488288288288288,0.0818181818181818
F1,lac,0.1,segment,mlp,deep,0.9046846846846848,0.02337662337662335
F1,lac,0.1,segment,resnet,deep,0.9097297297297298,0.02467532467532461
F1,lac,0.1,segment,tabfm,TFM,0.9524324324324324,0.08766233766233764
F1,lac,0.1,segment,tabicl,TFM,0.9463063063063062,0.08463203463203459
F1,lac,0.1,segment,tabiclv2,TFM,0.9493693693693693,0.07640692640692637
F1,lac,0.1,segment,tabldm,TFM,0.9463063063063064,0.07164502164502162
F1,lac,0.1,segment,tabm,deep,0.9167567567567568,0.041991341991341954
F1,lac,0.1,segment,tabpfn,TFM,0.9302702702702703,0.04978354978354975
F1,lac,0.1,segment,tabpfn25,TFM,0.9472072072072073,0.08008658008658005
F1,lac,0.1,segment,tabpfn25b,TFM,0.9491891891891893,0.07943722943722942
F1,lac,0.1,segment,tabpfn26,TFM,0.9454054054054055,0.074025974025974
F1,lac,0.1,segment,tabpfn3,TFM,0.9481081081081081,0.06861471861471857
F1,lac,0.1,segment,xgboost,GBDT,0.9383783783783783,0.06471861471861468
F1,lac,0.1,seismic+bumps,LogReg,classic,0.933011272141707,0.051063829787234005
F1,lac,0.1,seismic+bumps,PFN-v2,TFM,0.9333333333333333,0.05396518375241775
F1,lac,0.1,seismic+bumps,catboost,GBDT,0.9293075684380032,0.05009671179883942
F1,lac,0.1,seismic+bumps,exaone,TFM,0.9338164251207729,0.059187620889748514
F1,lac,0.1,seismic+bumps,ftt,deep,0.9286634460547504,0.05299806576402316
F1,lac,0.1,seismic+bumps,knn,classic,0.9338164251207729,0.05067698259187616
F1,lac,0.1,seismic+bumps,lightgbm,GBDT,0.9317230273752013,0.04390715667311407
F1,lac,0.1,seismic+bumps,mitra,TFM,0.9338164251207729,0.05493230174081235
F1,lac,0.1,seismic+bumps,mitra@v2,TFM,0.9339774557165862,0.05589941972920691
F1,lac,0.1,seismic+bumps,mlp,deep,0.9302737520128824,0.04061895551257248
F1,lac,0.1,seismic+bumps,resnet,deep,0.9302737520128824,0.04603481624758216
F1,lac,0.1,seismic+bumps,tabfm,TFM,0.9328502415458937,0.0578336557059961
F1,lac,0.1,seismic+bumps,tabicl,TFM,0.9339774557165862,0.05531914893617016
F1,lac,0.1,seismic+bumps,tabiclv2,TFM,0.9333333333333333,0.053965183752417746
F1,lac,0.1,seismic+bumps,tabldm,TFM,0.9326892109500806,0.05551257253384907
F1,lac,0.1,seismic+bumps,tabm,deep,0.9293075684380032,0.054545454545454494
F1,lac,0.1,seismic+bumps,tabpfn,TFM,0.9336553945249598,0.05918762088974849
F1,lac,0.1,seismic+bumps,tabpfn25,TFM,0.9338164251207729,0.05725338491295934
F1,lac,0.1,seismic+bumps,tabpfn25b,TFM,0.9338164251207729,0.05686653771760151
F1,lac,0.1,seismic+bumps,tabpfn26,TFM,0.9334943639291465,0.05744680851063825
F1,lac,0.1,seismic+bumps,tabpfn3,TFM,0.9334943639291465,0.05764023210831716
F1,lac,0.1,seismic+bumps,xgboost,GBDT,0.9317230273752013,0.051644100580270746
F1,lac,0.1,shill-bidding,LogReg,classic,0.8964403427818063,7.90513833992e-05
F1,lac,0.1,shill-bidding,PFN-v2,TFM,0.9007910349373764,0.00229249011857704
F1,lac,0.1,shill-bidding,catboost,GBDT,0.8956493078444299,0.00023715415019762002
F1,lac,0.1,shill-bidding,exaone,TFM,0.8996704021094265,0.00150197628458496
F1,lac,0.1,shill-bidding,ftt,deep,0.8970995385629532,7.90513833992e-05
F1,lac,0.1,shill-bidding,knn,classic,0.8952537903757415,0.00102766798418971
F1,lac,0.1,shill-bidding,lightgbm,GBDT,0.8920896506262359,0.0
F1,lac,0.1,shill-bidding,mitra,TFM,0.8965062623599209,0.0
F1,lac,0.1,shill-bidding,mitra@v2,TFM,0.8998022412656559,0.0015019762845849601
F1,lac,0.1,shill-bidding,mlp,deep,0.8969017798286091,0.0
F1,lac,0.1,shill-bidding,resnet,deep,0.8974291364535267,0.00102766798418972
F1,lac,0.1,shill-bidding,tabfm,TFM,0.9013183915622941,0.00237154150197626
F1,lac,0.1,shill-bidding,tabicl,TFM,0.8963085036255768,7.90513833992e-05
F1,lac,0.1,shill-bidding,tabiclv2,TFM,0.8994067237969677,0.00126482213438732
F1,lac,0.1,shill-bidding,tabldm,TFM,0.8990112063282796,0.00102766798418971
F1,lac,0.1,shill-bidding,tabm,deep,0.8951219512195122,0.0
F1,lac,0.1,shill-bidding,tabpfn,TFM,0.8988793671720501,0.0012648221343873301
F1,lac,0.1,shill-bidding,tabpfn25,TFM,0.9008569545154911,0.00221343873517784
F1,lac,0.1,shill-bidding,tabpfn25b,TFM,0.9009228740936057,0.00252964426877467
F1,lac,0.1,shill-bidding,tabpfn26,TFM,0.8988134475939354,0.00142292490118575
F1,lac,0.1,shill-bidding,tabpfn3,TFM,0.8999340804218854,0.00229249011857706
F1,lac,0.1,shill-bidding,xgboost,GBDT,0.8911667765326301,0.0
F1,lac,0.1,shrutime,LogReg,classic,0.8042916666666666,0.0
F1,lac,0.1,shrutime,PFN-v2,TFM,0.8607083333333334,0.0
F1,lac,0.1,shrutime,catboost,GBDT,0.8525416666666666,0.0
F1,lac,0.1,shrutime,exaone,TFM,0.8624583333333333,0.0
F1,lac,0.1,shrutime,ftt,deep,0.8541666666666666,0.0
F1,lac,0.1,shrutime,knn,classic,0.8320416666666667,0.0
F1,lac,0.1,shrutime,lightgbm,GBDT,0.8560000000000001,0.0
F1,lac,0.1,shrutime,mitra,TFM,0.8551666666666666,0.0
F1,lac,0.1,shrutime,mitra@v2,TFM,0.863875,0.0
F1,lac,0.1,shrutime,mlp,deep,0.8517083333333334,0.0
F1,lac,0.1,shrutime,resnet,deep,0.85375,0.0
F1,lac,0.1,shrutime,tabfm,TFM,0.8630833333333333,0.0
F1,lac,0.1,shrutime,tabicl,TFM,0.8598333333333332,0.0
F1,lac,0.1,shrutime,tabiclv2,TFM,0.8611666666666666,0.0
F1,lac,0.1,shrutime,tabldm,TFM,0.8628750000000001,0.0
F1,lac,0.1,shrutime,tabm,deep,0.8522500000000001,0.0
F1,lac,0.1,shrutime,tabpfn,TFM,0.8508333333333333,0.0
F1,lac,0.1,shrutime,tabpfn25,TFM,0.8605833333333333,0.0
F1,lac,0.1,shrutime,tabpfn25b,TFM,0.8615,0.0
F1,lac,0.1,shrutime,tabpfn26,TFM,0.860625,0.0
F1,lac,0.1,shrutime,tabpfn3,TFM,0.8632083333333334,0.0
F1,lac,0.1,shrutime,xgboost,GBDT,0.8558333333333333,0.0
F1,lac,0.1,spambase,LogReg,classic,0.9295289855072463,0.05081433224755695
F1,lac,0.1,spambase,PFN-v2,TFM,0.960235507246377,0.0887079261672095
F1,lac,0.1,spambase,catboost,GBDT,0.9604166666666666,0.09109663409337673
F1,lac,0.1,spambase,exaone,TFM,0.9666666666666666,0.10032573289902277
F1,lac,0.1,spambase,ftt,deep,0.9391304347826088,0.059609120521172586
F1,lac,0.1,spambase,knn,classic,0.9213768115942029,0.04028230184581971
F1,lac,0.1,spambase,lightgbm,GBDT,0.9571557971014493,0.08935939196525511
F1,lac,0.1,spambase,mitra,TFM,0.9461050724637682,0.06688382193268182
F1,lac,0.1,spambase,mitra@v2,TFM,0.9635869565217391,0.10141150922909876
F1,lac,0.1,spambase,mlp,deep,0.9414855072463768,0.06438653637350703
F1,lac,0.1,spambase,resnet,deep,0.936322463768116,0.06503800217155262
F1,lac,0.1,spambase,tabfm,TFM,0.9685688405797102,0.09511400651465793
F1,lac,0.1,spambase,tabicl,TFM,0.9657608695652173,0.09891422366992396
F1,lac,0.1,spambase,tabiclv2,TFM,0.9653985507246376,0.10173724212812156
F1,lac,0.1,spambase,tabldm,TFM,0.963677536231884,0.10195439739413677
F1,lac,0.1,spambase,tabm,deep,0.9423913043478261,0.06992399565689464
F1,lac,0.1,spambase,tabpfn,TFM,0.953713768115942,0.0865363735070575
F1,lac,0.1,spambase,tabpfn25,TFM,0.9629528985507246,0.09533116178067315
F1,lac,0.1,spambase,tabpfn25b,TFM,0.9620471014492754,0.09077090119435392
F1,lac,0.1,spambase,tabpfn26,TFM,0.9639492753623189,0.09522258414766555
F1,lac,0.1,spambase,tabpfn3,TFM,0.9642210144927535,0.09120521172638432
F1,lac,0.1,spambase,xgboost,GBDT,0.957427536231884,0.08642779587404989
F1,lac,0.1,splice,LogReg,classic,0.82467362924282,0.0
F1,lac,0.1,splice,PFN-v2,TFM,0.9698433420365535,0.09937304075235105
F1,lac,0.1,splice,catboost,GBDT,0.9634464751958225,0.08965517241379305
F1,lac,0.1,splice,exaone,TFM,0.9719321148825065,0.09764890282131658
F1,lac,0.1,splice,ftt,deep,0.9575718015665796,0.08761755485893413
F1,lac,0.1,splice,knn,classic,0.8493472584856396,0.0073667711598745704
F1,lac,0.1,splice,lightgbm,GBDT,0.9622715404699738,0.10971786833855797
F1,lac,0.1,splice,mitra,TFM,0.9608355091383812,0.08510971786833851
F1,lac,0.1,splice,mitra@v2,TFM,0.9593994778067886,0.09623824451410655
F1,lac,0.1,splice,mlp,deep,0.8492167101827676,0.0
F1,lac,0.1,splice,resnet,deep,0.864882506527415,0.00047021943573667
F1,lac,0.1,splice,tabfm,TFM,0.9745430809399478,0.09796238244514102
F1,lac,0.1,splice,tabicl,TFM,0.9595300261096605,0.10313479623824448
F1,lac,0.1,splice,tabiclv2,TFM,0.9719321148825065,0.096551724137931
F1,lac,0.1,splice,tabldm,TFM,0.9723237597911227,0.1001567398119122
F1,lac,0.1,splice,tabm,deep,0.9655352480417754,0.08965517241379306
F1,lac,0.1,splice,tabpfn,TFM,0.8671018276762401,0.00015673981191222
F1,lac,0.1,splice,tabpfn25,TFM,0.9695822454308095,0.09514106583072098
F1,lac,0.1,splice,tabpfn25b,TFM,0.9694516971279373,0.09529780564263321
F1,lac,0.1,splice,tabpfn26,TFM,0.9728459530026109,0.09796238244514102
F1,lac,0.1,splice,tabpfn3,TFM,0.9723237597911227,0.0978056426332288
F1,lac,0.1,splice,xgboost,GBDT,0.9630548302872063,0.09576802507836986
F1,lac,0.1,sports_articles_for_objectivity_analysis,LogReg,classic,0.83125,0.0
F1,lac,0.1,sports_articles_for_objectivity_analysis,PFN-v2,TFM,0.845,0.0
F1,lac,0.1,sports_articles_for_objectivity_analysis,catboost,GBDT,0.8270833333333334,0.0
F1,lac,0.1,sports_articles_for_objectivity_analysis,exaone,TFM,0.8591666666666666,0.0
F1,lac,0.1,sports_articles_for_objectivity_analysis,ftt,deep,0.8233333333333335,0.0
F1,lac,0.1,sports_articles_for_objectivity_analysis,knn,classic,0.8258333333333333,0.0
F1,lac,0.1,sports_articles_for_objectivity_analysis,lightgbm,GBDT,0.8304166666666667,0.0
F1,lac,0.1,sports_articles_for_objectivity_analysis,mitra,TFM,0.8454166666666667,0.0
F1,lac,0.1,sports_articles_for_objectivity_analysis,mitra@v2,TFM,0.8533333333333333,0.0
F1,lac,0.1,sports_articles_for_objectivity_analysis,mlp,deep,0.8237500000000001,0.0
F1,lac,0.1,sports_articles_for_objectivity_analysis,resnet,deep,0.8270833333333334,0.0
F1,lac,0.1,sports_articles_for_objectivity_analysis,tabfm,TFM,0.85875,0.0
F1,lac,0.1,sports_articles_for_objectivity_analysis,tabicl,TFM,0.8470833333333333,0.0
F1,lac,0.1,sports_articles_for_objectivity_analysis,tabiclv2,TFM,0.8554166666666667,0.0
F1,lac,0.1,sports_articles_for_objectivity_analysis,tabldm,TFM,0.8491666666666667,0.0
F1,lac,0.1,sports_articles_for_objectivity_analysis,tabm,deep,0.82125,0.0
F1,lac,0.1,sports_articles_for_objectivity_analysis,tabpfn,TFM,0.8520833333333334,0.0
F1,lac,0.1,sports_articles_for_objectivity_analysis,tabpfn25,TFM,0.8474999999999999,0.0
F1,lac,0.1,sports_articles_for_objectivity_analysis,tabpfn25b,TFM,0.8462500000000001,0.0
F1,lac,0.1,sports_articles_for_objectivity_analysis,tabpfn26,TFM,0.8491666666666667,0.0
F1,lac,0.1,sports_articles_for_objectivity_analysis,tabpfn3,TFM,0.8554166666666667,0.0
F1,lac,0.1,sports_articles_for_objectivity_analysis,xgboost,GBDT,0.8300000000000001,0.0
F1,lac,0.1,statlog,LogReg,classic,0.76875,0.0
F1,lac,0.1,statlog,PFN-v2,TFM,0.7625,0.0
F1,lac,0.1,statlog,catboost,GBDT,0.7441666666666666,0.0
F1,lac,0.1,statlog,exaone,TFM,0.765,0.0
F1,lac,0.1,statlog,ftt,deep,0.7325,0.0
F1,lac,0.1,statlog,knn,classic,0.7370833333333333,0.0
F1,lac,0.1,statlog,lightgbm,GBDT,0.7495833333333334,0.0
F1,lac,0.1,statlog,mitra,TFM,0.7670833333333333,0.0
F1,lac,0.1,statlog,mitra@v2,TFM,0.7783333333333333,0.0
F1,lac,0.1,statlog,mlp,deep,0.7579166666666667,0.0
F1,lac,0.1,statlog,resnet,deep,0.7329166666666667,0.0
F1,lac,0.1,statlog,tabfm,TFM,0.77125,0.0
F1,lac,0.1,statlog,tabicl,TFM,0.7625,0.0
F1,lac,0.1,statlog,tabiclv2,TFM,0.77125,0.0
F1,lac,0.1,statlog,tabldm,TFM,0.7737499999999999,0.0
F1,lac,0.1,statlog,tabm,deep,0.75,0.0
F1,lac,0.1,statlog,tabpfn,TFM,0.7737499999999999,0.0
F1,lac,0.1,statlog,tabpfn25,TFM,0.77125,0.0
F1,lac,0.1,statlog,tabpfn25b,TFM,0.765,0.0
F1,lac,0.1,statlog,tabpfn26,TFM,0.7691666666666667,0.0
F1,lac,0.1,statlog,tabpfn3,TFM,0.76625,0.0
F1,lac,0.1,statlog,xgboost,GBDT,0.75625,0.0
F1,lac,0.1,steel_plates_faults,LogReg,classic,0.7118025751072962,0.0
F1,lac,0.1,steel_plates_faults,PFN-v2,TFM,0.8118025751072961,0.00025706940874035
F1,lac,0.1,steel_plates_faults,catboost,GBDT,0.7791845493562232,0.0
F1,lac,0.1,steel_plates_faults,exaone,TFM,0.8244635193133047,0.00025706940874035
F1,lac,0.1,steel_plates_faults,ftt,deep,0.7246781115879829,0.0
F1,lac,0.1,steel_plates_faults,knn,classic,0.7070815450643777,0.0
F1,lac,0.1,steel_plates_faults,lightgbm,GBDT,0.7744635193133047,0.0
F1,lac,0.1,steel_plates_faults,mitra,TFM,0.7684549356223176,0.0
F1,lac,0.1,steel_plates_faults,mitra@v2,TFM,0.824892703862661,0.0
F1,lac,0.1,steel_plates_faults,mlp,deep,0.7336909871244635,0.0
F1,lac,0.1,steel_plates_faults,resnet,deep,0.7339055793991417,0.0
F1,lac,0.1,steel_plates_faults,tabfm,TFM,0.8242489270386265,0.0
F1,lac,0.1,steel_plates_faults,tabicl,TFM,0.7929184549356223,0.0
F1,lac,0.1,steel_plates_faults,tabiclv2,TFM,0.8004291845493562,0.0
F1,lac,0.1,steel_plates_faults,tabldm,TFM,0.8040772532188841,0.0
F1,lac,0.1,steel_plates_faults,tabm,deep,0.7439914163090129,0.0
F1,lac,0.1,steel_plates_faults,tabpfn,TFM,0.7633047210300429,0.0
F1,lac,0.1,steel_plates_faults,tabpfn25,TFM,0.81137339055794,0.00025706940874035
F1,lac,0.1,steel_plates_faults,tabpfn25b,TFM,0.8098712446351932,0.0
F1,lac,0.1,steel_plates_faults,tabpfn26,TFM,0.8064377682403434,0.0
F1,lac,0.1,steel_plates_faults,tabpfn3,TFM,0.7995708154506438,0.0
F1,lac,0.1,steel_plates_faults,xgboost,GBDT,0.7821888412017167,0.0
F1,lac,0.1,svmguide3,LogReg,classic,0.8324414715719064,0.0
F1,lac,0.1,svmguide3,PFN-v2,TFM,0.8769230769230768,0.0
F1,lac,0.1,svmguide3,catboost,GBDT,0.8535117056856187,0.0
F1,lac,0.1,svmguide3,exaone,TFM,0.8916387959866221,0.00160642570281124
F1,lac,0.1,svmguide3,ftt,deep,0.8180602006688963,0.0
F1,lac,0.1,svmguide3,knn,classic,0.8023411371237458,0.0
F1,lac,0.1,svmguide3,lightgbm,GBDT,0.8384615384615385,0.0
F1,lac,0.1,svmguide3,mitra,TFM,0.8759197324414716,0.0
F1,lac,0.1,svmguide3,mitra@v2,TFM,0.8852842809364547,0.00080321285140562
F1,lac,0.1,svmguide3,mlp,deep,0.8357859531772576,0.0
F1,lac,0.1,svmguide3,resnet,deep,0.831438127090301,0.0
F1,lac,0.1,svmguide3,tabfm,TFM,0.9200668896321071,0.03132530120481924
F1,lac,0.1,svmguide3,tabicl,TFM,0.8809364548494983,0.0
F1,lac,0.1,svmguide3,tabiclv2,TFM,0.8919732441471572,0.0
F1,lac,0.1,svmguide3,tabldm,TFM,0.8899665551839465,0.00040160642570281
F1,lac,0.1,svmguide3,tabm,deep,0.8387959866220737,0.0
F1,lac,0.1,svmguide3,tabpfn,TFM,0.8608695652173912,0.0
F1,lac,0.1,svmguide3,tabpfn25,TFM,0.8735785953177257,0.0
F1,lac,0.1,svmguide3,tabpfn25b,TFM,0.8742474916387959,0.0
F1,lac,0.1,svmguide3,tabpfn26,TFM,0.8785953177257525,0.0
F1,lac,0.1,svmguide3,tabpfn3,TFM,0.8832775919732441,0.00080321285140562
F1,lac,0.1,svmguide3,xgboost,GBDT,0.8468227424749164,0.0
F1,lac,0.1,sylvine,LogReg,classic,0.9155284552845527,0.02204878048780484
F1,lac,0.1,sylvine,PFN-v2,TFM,0.9710569105691057,0.10380487804878044
F1,lac,0.1,sylvine,catboost,GBDT,0.9491869918699187,0.08546341463414629
F1,lac,0.1,sylvine,exaone,TFM,0.974959349593496,0.11190243902439019
F1,lac,0.1,sylvine,ftt,deep,0.9340650406504066,0.05375609756097557
F1,lac,0.1,sylvine,knn,classic,0.8682113821138211,0.0
F1,lac,0.1,sylvine,lightgbm,GBDT,0.9441463414634146,0.07814634146341462
F1,lac,0.1,sylvine,mitra,TFM,0.9550406504065041,0.08682926829268287
F1,lac,0.1,sylvine,mitra@v2,TFM,0.9739024390243902,0.10848780487804872
F1,lac,0.1,sylvine,mlp,deep,0.9304878048780487,0.04156097560975605
F1,lac,0.1,sylvine,resnet,deep,0.9280487804878049,0.0452682926829268
F1,lac,0.1,sylvine,tabfm,TFM,0.9805691056910568,0.11687804878048776
F1,lac,0.1,sylvine,tabicl,TFM,0.962520325203252,0.0950243902439024
F1,lac,0.1,sylvine,tabiclv2,TFM,0.9724390243902439,0.10634146341463409
F1,lac,0.1,sylvine,tabldm,TFM,0.9704878048780488,0.10126829268292678
F1,lac,0.1,sylvine,tabm,deep,0.9300813008130081,0.04507317073170727
F1,lac,0.1,sylvine,tabpfn,TFM,0.9355284552845529,0.05385365853658534
F1,lac,0.1,sylvine,tabpfn25,TFM,0.9713821138211383,0.09863414634146338
F1,lac,0.1,sylvine,tabpfn25b,TFM,0.9710569105691057,0.09980487804878044
F1,lac,0.1,sylvine,tabpfn26,TFM,0.9706504065040651,0.11043902439024385
F1,lac,0.1,sylvine,tabpfn3,TFM,0.9734146341463414,0.10575609756097556
F1,lac,0.1,sylvine,xgboost,GBDT,0.9435772357723577,0.07434146341463412
F1,lac,0.1,taiwanese_bankruptcy_prediction,LogReg,classic,0.9668906536346977,0.08387096774193543
F1,lac,0.1,taiwanese_bankruptcy_prediction,PFN-v2,TFM,0.9703726328649969,0.09318181818181816
F1,lac,0.1,taiwanese_bankruptcy_prediction,catboost,GBDT,0.9690287110568112,0.08907624633431081
F1,lac,0.1,taiwanese_bankruptcy_prediction,exaone,TFM,0.9706169822846672,0.0884897360703812
F1,lac,0.1,taiwanese_bankruptcy_prediction,ftt,deep,0.9660965180207697,0.08431085043988266
F1,lac,0.1,taiwanese_bankruptcy_prediction,knn,classic,0.9676847892486256,0.07602639296187678
F1,lac,0.1,taiwanese_bankruptcy_prediction,lightgbm,GBDT,0.9692730604764813,0.08658357771260992
F1,lac,0.1,taiwanese_bankruptcy_prediction,mitra,TFM,0.9709224190592547,0.08651026392961872
F1,lac,0.1,taiwanese_bankruptcy_prediction,mitra@v2,TFM,0.972327428222358,0.09002932551319645
F1,lac,0.1,taiwanese_bankruptcy_prediction,mlp,deep,0.9659743433109347,0.07910557184750729
F1,lac,0.1,taiwanese_bankruptcy_prediction,resnet,deep,0.9662186927306047,0.0799853372434017
F1,lac,0.1,taiwanese_bankruptcy_prediction,tabfm,TFM,0.9707391569945021,0.08665689149560112
F1,lac,0.1,taiwanese_bankruptcy_prediction,tabicl,TFM,0.969700671960904,0.0917888563049853
F1,lac,0.1,taiwanese_bankruptcy_prediction,tabiclv2,TFM,0.9697617593158215,0.08804985337243397
F1,lac,0.1,taiwanese_bankruptcy_prediction,tabldm,TFM,0.969700671960904,0.08936950146627562
F1,lac,0.1,taiwanese_bankruptcy_prediction,tabm,deep,0.9673182651191203,0.08673020527859235
F1,lac,0.1,taiwanese_bankruptcy_prediction,tabpfn,TFM,0.9690897984117287,0.08790322580645157
F1,lac,0.1,taiwanese_bankruptcy_prediction,tabpfn25,TFM,0.9709224190592547,0.08966275659824043
F1,lac,0.1,taiwanese_bankruptcy_prediction,tabpfn25b,TFM,0.9711056811240073,0.08922287390029322
F1,lac,0.1,taiwanese_bankruptcy_prediction,tabpfn26,TFM,0.9722663408674406,0.09039589442815243
F1,lac,0.1,taiwanese_bankruptcy_prediction,tabpfn3,TFM,0.9700671960904094,0.09127565982404687
F1,lac,0.1,taiwanese_bankruptcy_prediction,xgboost,GBDT,0.96658521686011,0.0881964809384164
F1,lac,0.1,telco-customer-churn,LogReg,classic,0.8009461856889415,0.0
F1,lac,0.1,telco-customer-churn,PFN-v2,TFM,0.8066232998225902,0.0
F1,lac,0.1,telco-customer-churn,catboost,GBDT,0.7972205795387344,0.0
F1,lac,0.1,telco-customer-churn,exaone,TFM,0.8080425783560024,0.0
F1,lac,0.1,telco-customer-churn,ftt,deep,0.8050857480780603,0.0
F1,lac,0.1,telco-customer-churn,knn,classic,0.781785925487877,0.0
F1,lac,0.1,telco-customer-churn,lightgbm,GBDT,0.8005913660555883,0.0
F1,lac,0.1,telco-customer-churn,mitra,TFM,0.8077468953282082,0.0
F1,lac,0.1,telco-customer-churn,mitra@v2,TFM,0.8071555292726197,0.0
F1,lac,0.1,telco-customer-churn,mlp,deep,0.7978119455943229,0.0
F1,lac,0.1,telco-customer-churn,resnet,deep,0.7940863394441159,0.0
F1,lac,0.1,telco-customer-churn,tabfm,TFM,0.8075103489059728,0.0
F1,lac,0.1,telco-customer-churn,tabicl,TFM,0.8072146658781787,0.0
F1,lac,0.1,telco-customer-churn,tabiclv2,TFM,0.8069189828503844,0.0
F1,lac,0.1,telco-customer-churn,tabldm,TFM,0.8084565345949143,0.0
F1,lac,0.1,telco-customer-churn,tabm,deep,0.8042578356002366,0.0
F1,lac,0.1,telco-customer-churn,tabpfn,TFM,0.8018332347723242,0.0
F1,lac,0.1,telco-customer-churn,tabpfn25,TFM,0.8081608515671201,0.0
F1,lac,0.1,telco-customer-churn,tabpfn25b,TFM,0.8070963926670609,0.0
F1,lac,0.1,telco-customer-churn,tabpfn26,TFM,0.8082199881726788,0.0
F1,lac,0.1,telco-customer-churn,tabpfn3,TFM,0.8089296274393849,0.0
F1,lac,0.1,telco-customer-churn,xgboost,GBDT,0.8031933767001774,0.0
F1,lac,0.1,thyroid,LogReg,classic,0.958275462962963,0.09048611111111107
F1,lac,0.1,thyroid,PFN-v2,TFM,0.9929976851851852,0.0974305555555555
F1,lac,0.1,thyroid,catboost,GBDT,0.9943287037037036,0.09930555555555552
F1,lac,0.1,thyroid,exaone,TFM,0.9951388888888889,0.09777777777777773
F1,lac,0.1,thyroid,ftt,deep,0.9905092592592594,0.10284722222222217
F1,lac,0.1,thyroid,knn,classic,0.9460069444444444,0.06624999999999996
F1,lac,0.1,thyroid,lightgbm,GBDT,0.993923611111111,0.09972222222222218
F1,lac,0.1,thyroid,mitra,TFM,0.9913773148148148,0.10118055555555552
F1,lac,0.1,thyroid,mitra@v2,TFM,0.9957754629629629,0.09951388888888886
F1,lac,0.1,thyroid,mlp,deep,0.9797453703703705,0.09777777777777774
F1,lac,0.1,thyroid,resnet,deep,0.9795717592592592,0.09993055555555551
F1,lac,0.1,thyroid,tabfm,TFM,0.9957175925925925,0.09715277777777773
F1,lac,0.1,thyroid,tabicl,TFM,0.9911458333333334,0.10201388888888885
F1,lac,0.1,thyroid,tabiclv2,TFM,0.9939814814814815,0.0952083333333333
F1,lac,0.1,thyroid,tabldm,TFM,0.9938078703703702,0.0956944444444444
F1,lac,0.1,thyroid,tabm,deep,0.9907407407407408,0.09895833333333329
F1,lac,0.1,thyroid,tabpfn,TFM,0.9846643518518519,0.09645833333333328
F1,lac,0.1,thyroid,tabpfn25,TFM,0.9946180555555555,0.09569444444444439
F1,lac,0.1,thyroid,tabpfn25b,TFM,0.9945023148148149,0.0965972222222222
F1,lac,0.1,thyroid,tabpfn26,TFM,0.9928819444444444,0.09694444444444442
F1,lac,0.1,thyroid,tabpfn3,TFM,0.993460648148148,0.10229166666666663
F1,lac,0.1,thyroid,xgboost,GBDT,0.9933449074074074,0.09659722222222218
F1,lac,0.1,thyroid-ann,LogReg,classic,0.970419426048565,0.08291390728476818
F1,lac,0.1,thyroid-ann,PFN-v2,TFM,0.9965783664459161,0.09735099337748339
F1,lac,0.1,thyroid-ann,catboost,GBDT,0.996578366445916,0.09059602649006618
F1,lac,0.1,thyroid-ann,exaone,TFM,0.9964679911699779,0.09364238410596021
F1,lac,0.1,thyroid-ann,ftt,deep,0.9900662251655629,0.09761589403973507
F1,lac,0.1,thyroid-ann,knn,classic,0.9415011037527593,0.05827814569536419
F1,lac,0.1,thyroid-ann,lightgbm,GBDT,0.9951434878587196,0.09099337748344367
F1,lac,0.1,thyroid-ann,mitra,TFM,0.9947019867549669,0.09483443708609267
F1,lac,0.1,thyroid-ann,mitra@v2,TFM,0.9969094922737307,0.09033112582781454
F1,lac,0.1,thyroid-ann,mlp,deep,0.9751655629139073,0.090728476821192
F1,lac,0.1,thyroid-ann,resnet,deep,0.9752759381898455,0.08529801324503308
F1,lac,0.1,thyroid-ann,tabfm,TFM,0.9962472406181015,0.09470198675496684
F1,lac,0.1,thyroid-ann,tabicl,TFM,0.9933774834437086,0.0996026490066225
F1,lac,0.1,thyroid-ann,tabiclv2,TFM,0.995364238410596,0.09364238410596024
F1,lac,0.1,thyroid-ann,tabldm,TFM,0.9949227373068432,0.0944370860927152
F1,lac,0.1,thyroid-ann,tabm,deep,0.9931567328918322,0.09364238410596022
F1,lac,0.1,thyroid-ann,tabpfn,TFM,0.9862030905077261,0.091523178807947
F1,lac,0.1,thyroid-ann,tabpfn25,TFM,0.9964679911699779,0.09536423841059598
F1,lac,0.1,thyroid-ann,tabpfn25b,TFM,0.9965783664459161,0.09615894039735096
F1,lac,0.1,thyroid-ann,tabpfn26,TFM,0.9950331125827814,0.0982781456953642
F1,lac,0.1,thyroid-ann,tabpfn3,TFM,0.995364238410596,0.09139072847682116
F1,lac,0.1,thyroid-ann,xgboost,GBDT,0.996578366445916,0.08105960264900659
F1,lac,0.1,thyroid-dis,LogReg,classic,0.7130952380952381,0.0
F1,lac,0.1,thyroid-dis,PFN-v2,TFM,0.7227678571428571,0.0
F1,lac,0.1,thyroid-dis,catboost,GBDT,0.7026785714285715,0.0
F1,lac,0.1,thyroid-dis,exaone,TFM,0.7235119047619047,0.0
F1,lac,0.1,thyroid-dis,ftt,deep,0.7244047619047619,0.0
F1,lac,0.1,thyroid-dis,knn,classic,0.7052083333333334,0.0
F1,lac,0.1,thyroid-dis,lightgbm,GBDT,0.7053571428571429,0.0
F1,lac,0.1,thyroid-dis,mitra,TFM,0.71875,0.0
F1,lac,0.1,thyroid-dis,mitra@v2,TFM,0.7261904761904762,0.0
F1,lac,0.1,thyroid-dis,mlp,deep,0.7126488095238095,0.0
F1,lac,0.1,thyroid-dis,resnet,deep,0.7023809523809523,0.0
F1,lac,0.1,thyroid-dis,tabfm,TFM,0.727827380952381,0.0
F1,lac,0.1,thyroid-dis,tabicl,TFM,0.7196428571428571,0.0
F1,lac,0.1,thyroid-dis,tabiclv2,TFM,0.7235119047619047,0.0
F1,lac,0.1,thyroid-dis,tabldm,TFM,0.7235119047619047,0.0
F1,lac,0.1,thyroid-dis,tabm,deep,0.7144345238095238,0.0
F1,lac,0.1,thyroid-dis,tabpfn,TFM,0.7157738095238095,0.0
F1,lac,0.1,thyroid-dis,tabpfn25,TFM,0.7229166666666667,0.0
F1,lac,0.1,thyroid-dis,tabpfn25b,TFM,0.7232142857142858,0.0
F1,lac,0.1,thyroid-dis,tabpfn26,TFM,0.7212797619047618,0.0
F1,lac,0.1,thyroid-dis,tabpfn3,TFM,0.7223214285714286,0.0
F1,lac,0.1,thyroid-dis,xgboost,GBDT,0.7114583333333333,0.0
F1,lac,0.1,turiye_student_evaluation,LogReg,classic,0.4713672154617036,0.0
F1,lac,0.1,turiye_student_evaluation,PFN-v2,TFM,0.5229062276306371,0.0
F1,lac,0.1,turiye_student_evaluation,catboost,GBDT,0.511023622047244,0.0
F1,lac,0.1,turiye_student_evaluation,exaone,TFM,0.5246241947029349,0.0
F1,lac,0.1,turiye_student_evaluation,ftt,deep,0.515748031496063,0.0
F1,lac,0.1,turiye_student_evaluation,knn,classic,0.4748747315676449,0.0
F1,lac,0.1,turiye_student_evaluation,lightgbm,GBDT,0.5133858267716536,0.0
F1,lac,0.1,turiye_student_evaluation,mitra,TFM,0.4937007874015748,0.0
F1,lac,0.1,turiye_student_evaluation,mitra@v2,TFM,0.5264137437365783,0.0
F1,lac,0.1,turiye_student_evaluation,mlp,deep,0.4924838940586972,0.0
F1,lac,0.1,turiye_student_evaluation,resnet,deep,0.48897637795275595,0.0
F1,lac,0.1,turiye_student_evaluation,tabfm,TFM,0.5289906943450251,0.0
F1,lac,0.1,turiye_student_evaluation,tabicl,TFM,0.5148890479599141,0.0
F1,lac,0.1,turiye_student_evaluation,tabiclv2,TFM,0.5268432355046528,0.0
F1,lac,0.1,turiye_student_evaluation,tabldm,TFM,0.5204724409448819,0.0
F1,lac,0.1,turiye_student_evaluation,tabm,deep,0.5164638511095203,0.0
F1,lac,0.1,turiye_student_evaluation,tabpfn,TFM,0.49713672154617033,0.0
F1,lac,0.1,turiye_student_evaluation,tabpfn25,TFM,0.5232641374373658,0.0
F1,lac,0.1,turiye_student_evaluation,tabpfn25b,TFM,0.5249105225483178,0.0
F1,lac,0.1,turiye_student_evaluation,tabpfn26,TFM,0.521832498210451,0.0
F1,lac,0.1,turiye_student_evaluation,tabpfn3,TFM,0.5238367931281317,0.0
F1,lac,0.1,turiye_student_evaluation,xgboost,GBDT,0.5128847530422334,0.0
F1,lac,0.1,twonorm,LogReg,classic,0.9766891891891891,0.09540540540540537
F1,lac,0.1,twonorm,PFN-v2,TFM,0.976463963963964,0.09533783783783781
F1,lac,0.1,twonorm,catboost,GBDT,0.9743243243243244,0.09743243243243238
F1,lac,0.1,twonorm,exaone,TFM,0.9768018018018017,0.09945945945945942
F1,lac,0.1,twonorm,ftt,deep,0.9765765765765766,0.09587837837837834
F1,lac,0.1,twonorm,knn,classic,0.9746058558558557,0.08898648648648644
F1,lac,0.1,twonorm,lightgbm,GBDT,0.9688063063063064,0.0932432432432432
F1,lac,0.1,twonorm,mitra,TFM,0.9756756756756756,0.09594594594594591
F1,lac,0.1,twonorm,mitra@v2,TFM,0.9757882882882883,0.09662162162162156
F1,lac,0.1,twonorm,mlp,deep,0.9753378378378379,0.0947297297297297
F1,lac,0.1,twonorm,resnet,deep,0.975,0.09608108108108106
F1,lac,0.1,twonorm,tabfm,TFM,0.9769707207207208,0.09432432432432429
F1,lac,0.1,twonorm,tabicl,TFM,0.9768018018018019,0.09608108108108104
F1,lac,0.1,twonorm,tabiclv2,TFM,0.9770833333333334,0.09405405405405401
F1,lac,0.1,twonorm,tabldm,TFM,0.976858108108108,0.09405405405405402
F1,lac,0.1,twonorm,tabm,deep,0.9756193693693694,0.09493243243243238
F1,lac,0.1,twonorm,tabpfn,TFM,0.9765765765765766,0.09540540540540537
F1,lac,0.1,twonorm,tabpfn25,TFM,0.9769144144144144,0.09608108108108104
F1,lac,0.1,twonorm,tabpfn25b,TFM,0.9770833333333334,0.09689189189189186
F1,lac,0.1,twonorm,tabpfn26,TFM,0.9771959459459459,0.0991216216216216
F1,lac,0.1,twonorm,tabpfn3,TFM,0.9775337837837839,0.09358108108108104
F1,lac,0.1,twonorm,xgboost,GBDT,0.9704954954954955,0.09040540540540537
F1,lac,0.1,vehicle,LogReg,classic,0.7793103448275862,0.0005882352941176401
F1,lac,0.1,vehicle,PFN-v2,TFM,0.8448275862068965,0.00117647058823529
F1,lac,0.1,vehicle,catboost,GBDT,0.7556650246305419,0.0
F1,lac,0.1,vehicle,exaone,TFM,0.8798029556650248,0.0029411764705882
F1,lac,0.1,vehicle,ftt,deep,0.7546798029556651,0.00352941176470587
F1,lac,0.1,vehicle,knn,classic,0.6916256157635468,0.0
F1,lac,0.1,vehicle,lightgbm,GBDT,0.7467980295566503,0.0
F1,lac,0.1,vehicle,mitra,TFM,0.8152709359605911,0.0094117647058823
F1,lac,0.1,vehicle,mitra@v2,TFM,0.8669950738916257,0.00764705882352938
F1,lac,0.1,vehicle,mlp,deep,0.768472906403941,0.0
F1,lac,0.1,vehicle,resnet,deep,0.8083743842364532,0.0
F1,lac,0.1,vehicle,tabfm,TFM,0.9054187192118226,0.021176470588235262
F1,lac,0.1,vehicle,tabicl,TFM,0.8517241379310345,0.0005882352941176401
F1,lac,0.1,vehicle,tabiclv2,TFM,0.8773399014778326,0.0029411764705882205
F1,lac,0.1,vehicle,tabldm,TFM,0.8719211822660098,0.0023529411764705702
F1,lac,0.1,vehicle,tabm,deep,0.8024630541871922,0.0
F1,lac,0.1,vehicle,tabpfn,TFM,0.8330049261083744,0.00176470588235293
F1,lac,0.1,vehicle,tabpfn25,TFM,0.8694581280788178,0.0023529411764705702
F1,lac,0.1,vehicle,tabpfn25b,TFM,0.864039408866995,0.00176470588235292
F1,lac,0.1,vehicle,tabpfn26,TFM,0.8467980295566502,0.0011764705882352801
F1,lac,0.1,vehicle,tabpfn3,TFM,0.8669950738916257,0.0011764705882352801
F1,lac,0.1,vehicle,xgboost,GBDT,0.7408866995073892,0.0
F1,lac,0.1,wall-robot-navigation,LogReg,classic,0.6977862595419848,0.0
F1,lac,0.1,wall-robot-navigation,PFN-v2,TFM,0.9912213740458015,0.09688644688644685
F1,lac,0.1,wall-robot-navigation,catboost,GBDT,0.9967938931297711,0.09386446886446884
F1,lac,0.1,wall-robot-navigation,exaone,TFM,0.9930534351145038,0.09917582417582413
F1,lac,0.1,wall-robot-navigation,ftt,deep,0.9716030534351147,0.09075091575091569
F1,lac,0.1,wall-robot-navigation,knn,classic,0.9070229007633588,0.006868131868131841
F1,lac,0.1,wall-robot-navigation,lightgbm,GBDT,0.8959541984732825,0.08498168498168497
F1,lac,0.1,wall-robot-navigation,mitra,TFM,0.9948091603053435,0.10558608058608054
F1,lac,0.1,wall-robot-navigation,mitra@v2,TFM,0.9967175572519084,0.10897435897435892
F1,lac,0.1,wall-robot-navigation,mlp,deep,0.9045801526717557,0.01923076923076918
F1,lac,0.1,wall-robot-navigation,resnet,deep,0.915267175572519,0.0266483516483516
F1,lac,0.1,wall-robot-navigation,tabfm,TFM,0.9955725190839695,0.10357142857142851
F1,lac,0.1,wall-robot-navigation,tabicl,TFM,0.978854961832061,0.09761904761904756
F1,lac,0.1,wall-robot-navigation,tabiclv2,TFM,0.9896183206106869,0.09981684981684977
F1,lac,0.1,wall-robot-navigation,tabldm,TFM,0.9900763358778626,0.09716117216117212
F1,lac,0.1,wall-robot-navigation,tabm,deep,0.9882442748091604,0.09908424908424904
F1,lac,0.1,wall-robot-navigation,tabpfn,TFM,0.935267175572519,0.06501831501831498
F1,lac,0.1,wall-robot-navigation,tabpfn25,TFM,0.9882442748091604,0.09322344322344317
F1,lac,0.1,wall-robot-navigation,tabpfn25b,TFM,0.9887022900763359,0.09304029304029299
F1,lac,0.1,wall-robot-navigation,tabpfn26,TFM,0.9914503816793893,0.10329670329670326
F1,lac,0.1,wall-robot-navigation,tabpfn3,TFM,0.9862595419847329,0.09249084249084247
F1,lac,0.1,wall-robot-navigation,xgboost,GBDT,0.996793893129771,0.10732600732600728
F1,lac,0.1,water_quality,LogReg,classic,0.8946326211568525,0.0
F1,lac,0.1,water_quality,PFN-v2,TFM,0.9007295466388744,0.00425
F1,lac,0.1,water_quality,catboost,GBDT,0.8862428348097968,0.0
F1,lac,0.1,water_quality,exaone,TFM,0.9,0.00375
F1,lac,0.1,water_quality,ftt,deep,0.8967691505992704,0.0024375
F1,lac,0.1,water_quality,knn,classic,0.8926524231370505,0.0
F1,lac,0.1,water_quality,lightgbm,GBDT,0.8986972381448671,0.0020625
F1,lac,0.1,water_quality,mitra,TFM,0.8920792079207921,0.0
F1,lac,0.1,water_quality,mitra@v2,TFM,0.8996352266805628,0.0039375
F1,lac,0.1,water_quality,mlp,deep,0.8941636268890047,0.0
F1,lac,0.1,water_quality,resnet,deep,0.8954663887441375,0.000375
F1,lac,0.1,water_quality,tabfm,TFM,0.9007816571130798,0.004625
F1,lac,0.1,water_quality,tabicl,TFM,0.9006253256904637,0.00275
F1,lac,0.1,water_quality,tabiclv2,TFM,0.9010422094841063,0.0049375
F1,lac,0.1,water_quality,tabldm,TFM,0.9013548723293383,0.0044375
F1,lac,0.1,water_quality,tabm,deep,0.8974465867639395,0.00043750000000000006
F1,lac,0.1,water_quality,tabpfn,TFM,0.8942157373632099,0.0
F1,lac,0.1,water_quality,tabpfn25,TFM,0.9,0.0035625000000000006
F1,lac,0.1,water_quality,tabpfn25b,TFM,0.9009379885356956,0.0039375
F1,lac,0.1,water_quality,tabpfn26,TFM,0.9004168837936424,0.00475
F1,lac,0.1,water_quality,tabpfn3,TFM,0.900521104742053,0.0043125
F1,lac,0.1,water_quality,xgboost,GBDT,0.8968733715476811,0.0001875
F1,lac,0.1,waveform-5000,LogReg,classic,0.8636666666666667,0.0013000000000000002
F1,lac,0.1,waveform-5000,PFN-v2,TFM,0.8699999999999999,0.0
F1,lac,0.1,waveform-5000,catboost,GBDT,0.8622500000000001,0.00030000000000000003
F1,lac,0.1,waveform-5000,exaone,TFM,0.8729166666666666,0.0
F1,lac,0.1,waveform-5000,ftt,deep,0.851,0.004
F1,lac,0.1,waveform-5000,knn,classic,0.8446666666666667,0.0018000000000000002
F1,lac,0.1,waveform-5000,lightgbm,GBDT,0.8525833333333332,0.0001
F1,lac,0.1,waveform-5000,mitra,TFM,0.8734999999999999,0.0
F1,lac,0.1,waveform-5000,mitra@v2,TFM,0.8714166666666667,0.0
F1,lac,0.1,waveform-5000,mlp,deep,0.8542500000000001,0.0
F1,lac,0.1,waveform-5000,resnet,deep,0.8548333333333333,0.0
F1,lac,0.1,waveform-5000,tabfm,TFM,0.8717499999999999,0.0
F1,lac,0.1,waveform-5000,tabicl,TFM,0.8698333333333335,0.0
F1,lac,0.1,waveform-5000,tabiclv2,TFM,0.8753333333333334,0.0
F1,lac,0.1,waveform-5000,tabldm,TFM,0.8751666666666666,0.0
F1,lac,0.1,waveform-5000,tabm,deep,0.8651666666666668,0.0
F1,lac,0.1,waveform-5000,tabpfn,TFM,0.8669166666666668,0.0
F1,lac,0.1,waveform-5000,tabpfn25,TFM,0.8720833333333333,0.0
F1,lac,0.1,waveform-5000,tabpfn25b,TFM,0.8724999999999999,0.0
F1,lac,0.1,waveform-5000,tabpfn26,TFM,0.87225,0.0
F1,lac,0.1,waveform-5000,tabpfn3,TFM,0.8717499999999999,0.0
F1,lac,0.1,waveform-5000,xgboost,GBDT,0.8545833333333333,0.0015
F1,lac,0.1,waveform_database_generator_version_1,LogReg,classic,0.8720000000000001,0.0002
F1,lac,0.1,waveform_database_generator_version_1,PFN-v2,TFM,0.8731666666666668,0.0
F1,lac,0.1,waveform_database_generator_version_1,catboost,GBDT,0.8568333333333333,0.0
F1,lac,0.1,waveform_database_generator_version_1,exaone,TFM,0.8702500000000001,0.0
F1,lac,0.1,waveform_database_generator_version_1,ftt,deep,0.8668333333333333,0.0
F1,lac,0.1,waveform_database_generator_version_1,knn,classic,0.8519166666666667,0.0
F1,lac,0.1,waveform_database_generator_version_1,lightgbm,GBDT,0.8540833333333333,0.0
F1,lac,0.1,waveform_database_generator_version_1,mitra,TFM,0.8698333333333335,0.0
F1,lac,0.1,waveform_database_generator_version_1,mitra@v2,TFM,0.8712500000000001,0.0
F1,lac,0.1,waveform_database_generator_version_1,mlp,deep,0.866,0.0
F1,lac,0.1,waveform_database_generator_version_1,resnet,deep,0.8702500000000001,0.0
F1,lac,0.1,waveform_database_generator_version_1,tabfm,TFM,0.8724999999999999,0.0
F1,lac,0.1,waveform_database_generator_version_1,tabicl,TFM,0.8715833333333333,0.0
F1,lac,0.1,waveform_database_generator_version_1,tabiclv2,TFM,0.8731666666666668,0.0
F1,lac,0.1,waveform_database_generator_version_1,tabldm,TFM,0.8720833333333333,0.0
F1,lac,0.1,waveform_database_generator_version_1,tabm,deep,0.86625,0.0
F1,lac,0.1,waveform_database_generator_version_1,tabpfn,TFM,0.86725,0.0
F1,lac,0.1,waveform_database_generator_version_1,tabpfn25,TFM,0.8720833333333333,0.0
F1,lac,0.1,waveform_database_generator_version_1,tabpfn25b,TFM,0.873,0.0
F1,lac,0.1,waveform_database_generator_version_1,tabpfn26,TFM,0.8707499999999999,0.0
F1,lac,0.1,waveform_database_generator_version_1,tabpfn3,TFM,0.8713333333333333,0.0
F1,lac,0.1,waveform_database_generator_version_1,xgboost,GBDT,0.8580833333333333,0.0002
F1,lac,0.1,website_phishing,LogReg,classic,0.8292307692307691,0.0
F1,lac,0.1,website_phishing,PFN-v2,TFM,0.9113846153846155,0.0166051660516605
F1,lac,0.1,website_phishing,catboost,GBDT,0.8926153846153847,0.0011070110701107
F1,lac,0.1,website_phishing,exaone,TFM,0.9156923076923077,0.0210332103321033
F1,lac,0.1,website_phishing,ftt,deep,0.8713846153846154,0.0007380073800738001
F1,lac,0.1,website_phishing,knn,classic,0.86,0.00036900369003690003
F1,lac,0.1,website_phishing,lightgbm,GBDT,0.8984615384615384,0.0051660516605166
F1,lac,0.1,website_phishing,mitra,TFM,0.9052307692307693,0.0066420664206642
F1,lac,0.1,website_phishing,mitra@v2,TFM,0.9101538461538462,0.010701107011070101
F1,lac,0.1,website_phishing,mlp,deep,0.8621538461538462,0.00036900369003690003
F1,lac,0.1,website_phishing,resnet,deep,0.8772307692307691,0.0
F1,lac,0.1,website_phishing,tabfm,TFM,0.9172307692307692,0.024723247232472302
F1,lac,0.1,website_phishing,tabicl,TFM,0.9092307692307692,0.009594095940959401
F1,lac,0.1,website_phishing,tabiclv2,TFM,0.9141538461538461,0.0199261992619926
F1,lac,0.1,website_phishing,tabldm,TFM,0.9163076923076924,0.0151291512915129
F1,lac,0.1,website_phishing,tabm,deep,0.8753846153846153,0.0081180811808118
F1,lac,0.1,website_phishing,tabpfn,TFM,0.8870769230769231,0.0011070110701107
F1,lac,0.1,website_phishing,tabpfn25,TFM,0.9156923076923077,0.018081180811808102
F1,lac,0.1,website_phishing,tabpfn25b,TFM,0.9178461538461539,0.0265682656826568
F1,lac,0.1,website_phishing,tabpfn26,TFM,0.9147692307692308,0.0206642066420664
F1,lac,0.1,website_phishing,tabpfn3,TFM,0.9181538461538462,0.029151291512915102
F1,lac,0.1,website_phishing,xgboost,GBDT,0.8935384615384615,0.0040590405904059
F1,lac,0.1,wine,LogReg,classic,0.7216965742251223,0.0
F1,lac,0.1,wine,PFN-v2,TFM,0.7737357259380098,0.0
F1,lac,0.1,wine,catboost,GBDT,0.7745513866231648,0.0
F1,lac,0.1,wine,exaone,TFM,0.7944535073409462,0.0
F1,lac,0.1,wine,ftt,deep,0.7298531810766721,0.0
F1,lac,0.1,wine,knn,classic,0.7893964110929853,0.0
F1,lac,0.1,wine,lightgbm,GBDT,0.7632952691680261,0.0
F1,lac,0.1,wine,mitra,TFM,0.7479608482871125,0.0
F1,lac,0.1,wine,mitra@v2,TFM,0.7827079934747145,0.0
F1,lac,0.1,wine,mlp,deep,0.7270799347471452,0.0
F1,lac,0.1,wine,resnet,deep,0.730505709624796,0.0
F1,lac,0.1,wine,tabfm,TFM,0.8052202283849919,0.0
F1,lac,0.1,wine,tabicl,TFM,0.7960848287112562,0.0
F1,lac,0.1,wine,tabiclv2,TFM,0.799836867862969,0.0
F1,lac,0.1,wine,tabldm,TFM,0.797389885807504,0.0
F1,lac,0.1,wine,tabm,deep,0.7225122349102773,0.0
F1,lac,0.1,wine,tabpfn,TFM,0.7450244698205546,0.0
F1,lac,0.1,wine,tabpfn25,TFM,0.7535073409461663,0.0
F1,lac,0.1,wine,tabpfn25b,TFM,0.7495921696574225,0.0
F1,lac,0.1,wine,tabpfn26,TFM,0.7934747145187602,0.0
F1,lac,0.1,wine,tabpfn3,TFM,0.7897226753670473,0.0
F1,lac,0.1,wine,xgboost,GBDT,0.7727569331158237,0.0
F1,lac,0.1,wine-quality-red,LogReg,classic,0.5627604166666667,0.0
F1,lac,0.1,wine-quality-red,PFN-v2,TFM,0.6002604166666667,0.0
F1,lac,0.1,wine-quality-red,catboost,GBDT,0.6065104166666666,0.0
F1,lac,0.1,wine-quality-red,exaone,TFM,0.6505208333333333,0.0
F1,lac,0.1,wine-quality-red,ftt,deep,0.5854166666666666,0.0
F1,lac,0.1,wine-quality-red,knn,classic,0.6567708333333334,0.0
F1,lac,0.1,wine-quality-red,lightgbm,GBDT,0.5955729166666667,0.0
F1,lac,0.1,wine-quality-red,mitra,TFM,0.5924479166666667,0.0
F1,lac,0.1,wine-quality-red,mitra@v2,TFM,0.6096354166666667,0.0
F1,lac,0.1,wine-quality-red,mlp,deep,0.5736979166666667,0.0
F1,lac,0.1,wine-quality-red,resnet,deep,0.56484375,0.0
F1,lac,0.1,wine-quality-red,tabfm,TFM,0.6565104166666667,0.0
F1,lac,0.1,wine-quality-red,tabicl,TFM,0.6588541666666667,0.0
F1,lac,0.1,wine-quality-red,tabiclv2,TFM,0.64609375,0.0
F1,lac,0.1,wine-quality-red,tabldm,TFM,0.6473958333333333,0.0
F1,lac,0.1,wine-quality-red,tabm,deep,0.5765625,0.0
F1,lac,0.1,wine-quality-red,tabpfn,TFM,0.596875,0.0
F1,lac,0.1,wine-quality-red,tabpfn25,TFM,0.5981770833333333,0.0
F1,lac,0.1,wine-quality-red,tabpfn25b,TFM,0.5984375,0.0
F1,lac,0.1,wine-quality-red,tabpfn26,TFM,0.6505208333333333,0.0
F1,lac,0.1,wine-quality-red,tabpfn3,TFM,0.6625,0.0
F1,lac,0.1,wine-quality-red,xgboost,GBDT,0.6104166666666667,0.0
F1,lac,0.1,wine-quality-white,LogReg,classic,0.5349489795918367,0.0
F1,lac,0.1,wine-quality-white,PFN-v2,TFM,0.6566326530612245,0.0
F1,lac,0.1,wine-quality-white,catboost,GBDT,0.6531462585034014,0.0
F1,lac,0.1,wine-quality-white,exaone,TFM,0.6724489795918368,0.0
F1,lac,0.1,wine-quality-white,ftt,deep,0.549404761904762,0.0
F1,lac,0.1,wine-quality-white,knn,classic,0.6551020408163265,0.0
F1,lac,0.1,wine-quality-white,lightgbm,GBDT,0.6283163265306122,0.0
F1,lac,0.1,wine-quality-white,mitra,TFM,0.5565476190476191,0.0
F1,lac,0.1,wine-quality-white,mitra@v2,TFM,0.6735544217687075,0.0
F1,lac,0.1,wine-quality-white,mlp,deep,0.5611394557823128,0.0
F1,lac,0.1,wine-quality-white,resnet,deep,0.5568027210884354,0.0
F1,lac,0.1,wine-quality-white,tabfm,TFM,0.6746598639455782,0.0
F1,lac,0.1,wine-quality-white,tabicl,TFM,0.6695578231292517,0.0
F1,lac,0.1,wine-quality-white,tabiclv2,TFM,0.670578231292517,0.0
F1,lac,0.1,wine-quality-white,tabldm,TFM,0.6687074829931973,0.0
F1,lac,0.1,wine-quality-white,tabm,deep,0.5491496598639456,0.0
F1,lac,0.1,wine-quality-white,tabpfn,TFM,0.5892857142857143,0.0
F1,lac,0.1,wine-quality-white,tabpfn25,TFM,0.6529761904761905,0.0
F1,lac,0.1,wine-quality-white,tabpfn25b,TFM,0.6504251700680272,0.0
F1,lac,0.1,wine-quality-white,tabpfn26,TFM,0.671343537414966,0.0
F1,lac,0.1,wine-quality-white,tabpfn3,TFM,0.6686224489795919,0.0
F1,lac,0.1,wine-quality-white,xgboost,GBDT,0.6486394557823129,0.0
